Complaint#,Code,Invoice,Seq,Order#,Customer,DT Complaint,Amt Claim,Return,Prod Group,Desc,Qty Claim,Close,Dt Approved,Amt Approved,Plant,CSC,Closing Text,SalesRep,ProdType,CCAR CostCenter,ShipTo,Invoice Amt,Sort Code,TX Code,Confirm To
AM00001,P1,UBC1595,A1,BU9A715,PACKAGING BY DESIGN,01/02/2020,135.52,N,BP,AMJK - weight discrepancy on pallet labels. Also claim they randomly weigh rolls and cores and often found a 2 lb over weight discrepancy. We should check our tare weights and scales. ,121,*,01/30/2020,135.52,AMJK,CD,weight discrepancy,CFRH,VA,, PACKAEL01,5585.44,B011,RS,PACKAEL01
AM00002,P1,UBC1132,A1,BUAA488,C-P FLEXIBLE PACKAGING,01/02/2020,162.34,N,BP,"AMJK= VA dirt on roll 9111600122.
requested sample to be sent to Donna Durio",174,*,01/30/2020,162.34,AMJK,MR,#90692 dirt on roll,CFLD,VA,, CPFLEYO02,6543.5,C047,RS,CPFLEYO01
AM00003,T1,UWC0689,A1,WUCA510,UNITED PACKAGING SUPPLY,01/02/2020,137.2,N,SW,DAMAGED IN TRANSIT - 40 RL,120.44,*,02/10/2020,137.2,AMJK,CS,"CH. ROBINSON, SCRAP IN FILED 40 RL",SWAN,PSB,, FIVEBPE01,19976.32,U064,RS,UNITEBR16
AM00004,M6,UW90946,A1,WU8A776,CLASSIC FILMS,01/02/2020,302.4,N,SW,DID NOT SUBMIT SPR - $27.64,0,*,01/15/2020,302.4,AMJK,CS,CREDIT PRICE DISCREPANCY,SWMN,EHB,, CLASSHR01,32142.72,C308,RS,CLASSHR02
AM00006,P1,TBC0616,A4,BTBA835,POLYFIRST PACKAGING,01/02/2020,3297.34,N,BP,TL18 CONVRTED MATERIAL (SEE AM90750),0,*,01/09/2020,3297.34,AMJK,DB,201900193/194/195 (converted TL18 material),CFBL,TL,, POLYFHA01,9021.05,P715,RS,POLYFHA01
AM00006,P1,UB21451,A1,BU2A383,POLYFIRST PACKAGING,01/02/2020,7000,N,BP,TL18 CONVERTED MATERIAL (SEE AM90750),0,*,01/09/2020,7000,AMJK,DB,201900193/194/195 (converted TL18 material),CFBL,HD,, POLYFHA01,7477.91,P715,RS,POLYFHA01
AM00006,P1,UB31796,A1,BU3A293,POLYFIRST PACKAGING,01/02/2020,6000,N,BP,"TL18 claims for treatment- we returned 13,671 lbs back to plant and this amount was credited already for $15,002.99.  For converted material they have open claim for $4,015.78 (20,250 impressions) and $24,297.34 (122,522 impressions).
We shipped 32,733 lbs TL18 total.  ",0,*,01/09/2020,6000,AMJK,DB,201900193/194/195 (converted TL18 material),CFBL,BA,, POLYFHA01,6100.24,P715,RS,POLYFHA01
AM00006,P1,UB61084,A1,BU5A466,POLYFIRST PACKAGING,01/02/2020,8000,N,BP,TL18 CONVERTED MATERIAL (SEE AM90750),0,*,01/09/2020,8000,AMJK,DB,201900193/194/195 (converted TL18 material),CFBL,HD,, POLYFHA01,8211.18,P715,RS,POLYFHA01
AM00006,P1,UB90469,A1,BU9A056,POLYFIRST PACKAGING,01/02/2020,4015.78,N,BP,"TL18 TREATMENT- $4,015.78 (20,250 impressions) ",0,*,01/09/2020,4015.78,AMJK,DB,201900193/194/195 (converted TL18 material),CFBL,TD,, POLYFHA01,4357.5,P715,RS,POLYFHA01
AM00007,DE,UBA1986,A1,BUAA823,"BEMIS COMPANY,INC",01/03/2020,2791.92,N,BP,"DUE TO A SYSTEM GLITCH THIS PAID SAMPLE ORDER SHIPPED OUT WITHOUT A PRICE ON 10/31.

PRICE SHOULD HAVE BEEN  $1.423 ",1962,*,01/15/2020,2791.93,AMSC,GO,Debit,CFBL,SP,, BEMISOS20,0,C035,SM,BEMISNE01
AM00008,P1,UB11091,A1,BU1A024,AMERICAN PACKAGING CORP.,01/06/2020,534.44,N,BP,AMJK- TD18- Pallet 00004096821- wrinkles coming off the roll after a supplier splice. Wrinkles did not go away so the roll was pulled off the press.,395,*,03/12/2020,534.44,AMJK,YM,#343 and #354,CFGF,TD,, BADGEFR01,49706.51,A050,RS,AMERICO05
AM00008,P1,UB11885,A2,BTCA438,AMERICAN PACKAGING CORP.,01/06/2020,912.73,N,BP,"AMJK- TD18- This has 3 rolls on the claims. 2 of the rolls had bagginess and register issues near the core. The third roll was about half way through when tension on the gear side slacked and caused register issues
roll #0004096821 and 0004096843 (scrapped 4096842/50)",767,*,03/12/2020,912.73,AMJK,YM,#343 and #354,CFGF,TD,, BADGEFR01,17444.23,A050,RS,AMERICO05
AM00009,M3,UB61426,A3,BU6A701,BRYCE CORPORATION,01/06/2020,93.88,N,BP,"BB25 price is correct at $1.025. Material billed 6/24. 2nd quarter pricing attached.

Adding more downtime- claim 4375 adjusted.
Total downtime $191.25. Entered $97.37 in claim AM91118.
 Difference of $93.88.- 
",0,*,01/10/2020,93.88,AMJK,YM,credit,CFJL,,, BRYCESE02,6856.23,B102,RS,BRYCEME04
AM00010,M4,UBC1631,A1,BUBA695,PRINTPACK,01/06/2020,7390.73,Y,BP,amjk- incorrectly billed ,8095,*,01/08/2020,7390.73,AMJK,SN,put back in consignment,CFMS,VA,, PRINTRH04,7390.74,P043,RS,PRINTRH04
AM00010,M4,UBC1636,A1,BUAA555,PRINTPACK,01/06/2020,13780.82,Y,BP,amjk- incorrectly billed,15094,*,01/08/2020,13780.82,AMJK,SN,put back in consignment,CFMS,VA,, PRINTRH04,13780.82,P043,RS,PRINTRH04
AM00010,M4,UBC1637,A1,BUAA556,PRINTPACK,01/06/2020,1831.47,Y,BP,AMJK- Incorrectly billed ,2006,*,01/08/2020,1831.47,AMJK,SN,put back in consignment,CFMS,VA,, PRINTRH04,1831.48,P043,RS,PRINTRH04
AM00010,M4,UBC1639,A1,BUBA693,PRINTPACK,01/06/2020,7907.49,Y,BP,amjk- incorrectly billed,8661,*,01/08/2020,7907.49,AMJK,SN,put back in consignment,CFMS,VA,, PRINTRH04,7907.49,P043,RS,PRINTRH04
AM00010,M4,UBC1640,A1,BUBA694,PRINTPACK,01/06/2020,2023.2,Y,BP,amjk- incorrectly billed ,2216,*,01/08/2020,2023.2,AMJK,SN,put back in consignment,CFMS,VA,, PRINTRH04,2023.21,P043,RS,PRINTRH04
AM00010,M4,UBC1641,A1,BU9A915,PRINTPACK,01/06/2020,11872.92,Y,BP,amjk- incorrectly billed,10963,*,01/08/2020,11872.92,AMJK,SN,put back in consignment,CFMS,TE,, PRINTRH04,11872.93,P043,RS,PRINTRH04
AM00010,M4,UBC1651,A1,BUAA718,PRINTPACK,01/06/2020,4594.08,Y,BP,amjk- incorrectly billed ,4242,*,01/08/2020,4594.08,AMJK,SN,put back in consignment,CFMS,TE,, PRINTRH04,4594.09,P043,RS,PRINTRH04
AM00011,P1,UBA0175,A2,BU8A176,"GOLDEN DYNAMIC,INC",01/06/2020,1746.4,N,BP,"Roll # 9081800701 & 9081800707 are rejected due to wrinkles, blocking and canning.",1480,*,02/04/2020,1746.4,AMSC,LA,#3027/3028/3092 wrinkles,HQLA,SP,, MULTIBO04 MULTIWH01,44829.38,D230,RS,GOLDEGA02
AM00011,P1,UBB0716,A1,BUAA186,"GOLDEN DYNAMIC,INC",01/06/2020,1153.11,N,BP,Roll # 9101800450 & 9101800414 are rejected due to wrinkles and surface defects,969,*,02/04/2020,1153.11,AMSC,LA,#3027/3028/3092 wrinkles,HQLA,SP,, MULTIBO04 MULTIWH01,45406.83,D230,RS,GOLDEGA02
AM00013,S1,UB90242,A2,BU7A171,PRINTPACK,01/07/2020,1503.44,Y,BP,amsc- brt25- never shipped out from outside warehouse. ,1531,*,01/08/2020,1503.44,AMSC,SN,pallet not shipped from warehouse,CFMS,BRT,, PRINTRH04,12663.87,P043,RS,PRINTRH04
AM00014,P1,UB51903,A2,BU5A927,BRYCE CORPORATION,01/07/2020,1382.44,N,BP,"KM25 - pinholes in metal
799.1 lbs raw material @ $24.0796/lb (got Bryce to revise claim to just the cost of the film - revised claim in documents)",799.1,*,01/10/2020,1382.44,AMJK,YM,#2270 pinholes 799.10 lbs,CFJL,KM,, BRYCEME11,8148.3,B102,RS,BRYCEME04
AM00015,M5,UBB1101,A1,BUAA941,AMERICAN PACKAGING CORP.,01/08/2020,103.82,N,BP,Discount Charge for Citibank payment.,0,*,01/10/2020,103.82,AMJK,YM,Citibank discount,CFGF,,, AMERIDM06 AMERIDM08 AMERIDM10 BADGEFR02,6120.03,A050,RS,AMERISC01
AM00015,M5,UBB1367,A1,BU9A139,AMERICAN PACKAGING CORP.,01/08/2020,305.94,N,BP,Discount Charge for Citibank payment.,0,*,01/10/2020,305.94,AMJK,YM,Citibank discount,CFGF,,, AMERIDM06 AMERIDM08 AMERIDM10 BADGEFR02,2756.67,A050,RS,AMERICO05
AM00015,M5,UBB1539,A1,BU8A962,AMERICAN PACKAGING CORP.,01/08/2020,3642.32,N,BP,Discount Charge for Citibank payment.,0,*,01/10/2020,3642.32,AMJK,YM,Citibank discount,CFGF,,, AMERIDM06 AMERIDM08 AMERIDM10 BADGEFR02,48975.37,A050,RS,AMERICO05
AM00015,M5,UBB1552,A1,BU9A657,AMERICAN PACKAGING CORP.,01/08/2020,758.07,N,BP,Discount Charge for Citibank payment.,0,*,01/10/2020,758.07,AMJK,YM,Citibank discount,CFGF,,, AMERIDM06 AMERIDM08 AMERIDM10 BADGEFR02,6856.61,A050,RS,AMERISC01
AM00015,M5,UBC0221,A1,BUAB039,AMERICAN PACKAGING CORP.,01/08/2020,1196.65,N,BP,Discount Charge for Citibank payment.,0,*,01/10/2020,1196.65,AMSC,AH,Citibank discount,CFGF,,, AMERIDM06 AMERIDM08 AMERIDM10 BADGEFR02,31837.77,A050,RS,AMERISC01
AM00015,M5,UBC0296,A1,BUAA512,AMERICAN PACKAGING CORP.,01/08/2020,431.29,N,BP,Discount Charge for Citibank payment.,0,*,01/10/2020,431.29,AMJK,YM,Citibank discount,CFGF,,, AMERIDM06 AMERIDM08 AMERIDM10 BADGEFR02,11337.69,A050,RS,AMERICO05
AM00015,M5,UBC0570,A1,BUAA343,AMERICAN PACKAGING CORP.,01/08/2020,1716.99,N,BP,Discount Charge for Citibank payment.,0,*,01/10/2020,1716.99,AMSC,YM,Citibank discount,CFGF,,, AMERIDM06 AMERIDM08 AMERIDM10 BADGEFR02,9529.79,A050,RS,AMERISC01
AM00015,M5,UBC0695,A1,BU9A396,AMERICAN PACKAGING CORP.,01/08/2020,111.53,N,BP,Discount Charge for Citibank payment.,0,*,01/10/2020,111.53,AMJK,YM,Citibank discount,CFGF,,, AMERIDM06 AMERIDM08 AMERIDM10 BADGEFR02,9604.81,A050,RS,AMERISC01
AM00015,M5,UBC0967,A1,BUAA511,AMERICAN PACKAGING CORP.,01/08/2020,82.86,N,BP,Discount Charge for Citibank payment.,0,*,01/10/2020,82.86,AMJK,YM,Citibank discount,CFGF,,, AMERIDM06 AMERIDM08 AMERIDM10 BADGEFR02,7421.47,A050,RS,AMERICO05
AM00015,M5,UBC0977,A1,BUAB061,AMERICAN PACKAGING CORP.,01/08/2020,140.52,N,BP,Discount Charge for Citibank payment.,0,*,01/10/2020,140.52,AMJK,YM,Citibank discount,CFGF,,, AMERIDM06 AMERIDM08 AMERIDM10 BADGEFR02,12345.46,A050,RS,AMERICO05
AM00015,M5,UBC0983,A1,BUAA270,AMERICAN PACKAGING CORP.,01/08/2020,114.62,N,BP,Discount Charge for Citibank payment.,0,*,01/10/2020,114.62,AMJK,YM,Citibank discount,CFGF,,, AMERIDM06 AMERIDM08 AMERIDM10 BADGEFR02,10612.51,A050,RS,AMERISC01
AM00015,M5,UBC1580,A1,BUCA419,AMERICAN PACKAGING CORP.,01/08/2020,2405.1,N,BP,Discount Charge for Citibank payment.,0,*,01/10/2020,2405.1,AMJK,YM,Citibank discount,CFGF,,, AMERIDM06 AMERIDM08 AMERIDM10 BADGEFR02,5288.32,A050,RS,AMERISC01
AM00016,R1,UBC1714,A1,BUAA737,PRINTPACK VR2(CONSGT-AMJK)GMI,01/08/2020,15248.04,N,BP,"PPK Consignment Storage Allowance - December 2019
Total lbs shipped: 1,524,803.56 lb. 
Rebate: $0.01
Total Rebate: $15,248.04",1524803.56,*,01/10/2020,15248.04,AMSC,SN,consignment storage rebate December 2019,CFMS,VA,, PRINTVR23,4220.97,P043,RS,PRINTVR22
AM00017,M4,UW30425,A2,WU3A180,TAPE PRODUCTS CO.,01/08/2020,850,N,SW,2020 National Sales Meeting,0,*,01/10/2020,850,AMJK,CSM,"2020 National Sales Meeting	",SWKM,,, TAPEPOR01,8729.08,T105,RS,TAPEPCI01
AM00018,M4,TWB0895,A1,WTBA628,PROFESSIONAL PACKAGING SYSTEMS INC.,01/08/2020,800,N,SW,"MRO TRADE SHOW, INV MX00033",0,*,01/10/2020,800,AMJK,CSM,"MRO TRADE SHOW, INV MX00033	",SWPB,,, FULTOHO01,5175.36,P463,RS,PROFEGP01
AM00019,P1,UBA1647,A1,BU9A950,EMUSA S.A.,01/09/2020,4764.03,N,BP,JDM - Film appearance ,3272,*,03/03/2020,4764.03,AMJK,PV,#65830 film appearance. ,AMJO,JDM,, EMUSAVN01,42325.42,E068,ES,EMUSAVN01
AM00020,P1,UBB1228,A1,BUAA515,TRANSCENDIA,01/09/2020,1395.23,N,BP,"Master roll received has deep wrinkles which is causing quality issues - pictures attached below in a pdf file. 
Inteplast Reference Lot Number: 0004179950
",1178,*,01/23/2020,1395.23,AMJK,PV,#0133B5 wrinkles,CFJM,BA,, TRANSGR03,4657.65,T025,RS,TRANSGR03
AM00023,M4,UW31168,A1,WU3A808,AHOLD U.S.A INC,01/09/2020,400,N,SW,Write off aged balance,0,*,01/13/2020,400,AMJK,JAH,Write off aged balance,SWSP,,, AHOLDCA03,35060.48,A984,RS,AHOLDCA03
AM00024,P1,UBC1043,A1,BUAA550,KENDALL PACKAGING CORP,01/09/2020,398.43,N,BP,"VA25- AMJK- dirt/debris wound in film - 273 lbs rejected + 30 min downtime
sample requested be sent to Lolita - pictures attached of printed and clear",273,*,02/21/2020,398.43,AMJK,MR,#202000010 debris in roll,CFBL,VA,, KENDAJE01,4708.34,K005,RS,KENDAME01
AM00025,P1,UBA1971,A1,BUAA621,PROAMPAC,01/09/2020,1720.13,N,BP,"TT18 - AMJK- Web break due to dings in film causing downtime $705 +. 1101 lbs
sample being sent to Lolita. Pictures attached. 

CB portion of 440 lbs is for Morristown plant to register claim.",1541,*,04/20/2020,1720.13,AMJK,DB,#V-102-19 web breaks ,CFBL,TT,, PROLAWR02,4888.21,P958,RS,PROAMWR01
AM00026,P1,UBB0233,A1,BU9A916,"PRINTPACK PACKAGING DE MEXICO,S.A. DE CV",01/10/2020,1230.87,N,BP,WRINKLES,1138,*,01/30/2020,1230.87,AMJK,PV,#28-2495-2 wrinkles,AMMS,TE,, PRINTLA01,25143.52,P533,ES,PRINTQT01
AM00027,P1,UB40239,A3,BU4A168,BRYCE CORPORATION,01/10/2020,212.5,N,BP,AMJK- CWG- S000066880 mislabeled. Downtime not included in original claim- AM90901.,0,*,01/10/2020,212.5,AMSC,YM,#2083 downtime,CFJL,,, BRYCEME11,53507.4,B102,RS,BRYCEME04
AM00028,P1,TBB1450,A1,BTBA460,"POLY PRINT,INC.",01/10/2020,1193.94,N,BP,amsc- brt15- baggy edges,891,*,02/04/2020,1193.94,AMSC,SN,Baggy edges,CFDH,BRT,, POLYPTU05,8387.06,P038,RS,POLYPTU05
AM00029,M1,VW10354,A1,WV1A146,SOUTHERNCARLSON (ACCOUNTS PAYABLE ),01/10/2020,3993.6,Y,SW,"KEY IN ERROR - ENTERED 16"" INSTEAD OF 18""",4644,*,02/03/2020,3993.6,AMAZ,CY,RTN 192 CS BACK TO FG,SWCK,HSB,, SOUTHEP16,9268.6,C326,RS,SOUTHEP16
AM00030,M4,UW20280,A1,WU1A559,ASSOCIATED PACKAGING,01/10/2020,1500,N,SW,2020 VENDOR SHOW,0,*,01/13/2020,0,AMAZ,EV,2020 VENDOR SHOW- PAPERWORK FOR RECORD ONLY,SWMD,,, ASSOCST06,13719.72,A696,RS,ASSOCST06
AM00031,R1,UBB0048,A1,BUAA800,EMERALD PACKAGING,01/10/2020,62517.29,N,BP,"Emerald Pkg. - 2019 Annual Rebate 
All Films, 2,778,546 lbs
Qualify for $0.0225/lb. rebate 
Rebate amount is $62,517.29",2778546,*,01/17/2020,62517.29,AMJK,SN,2019 Annual rebate,CFDH,VA,, EMERAUC08,3193.19,E362,RS,EMERAUC04
AM00032,M4,UBC0931,A1,BUBA864,AMPAC. A DIVISON OF PROAMPAC,01/10/2020,2658.87,Y,BP,"Material needs to be ""returned"" to be rebilled  under Canadian dollars.",2790,*,01/15/2020,2658.87,AMJK,DB,Billed wrong currency,CFBL,CL,, AMPACTE02 PROAMRI01,2658.87,PB46,RS,AMPACTE02
AM00032,M4,UBC0932,A1,BUBA866,AMPAC. A DIVISON OF PROAMPAC,01/10/2020,1992.72,Y,BP,"Material needs to be ""returned"" to be billed under Canadian dollars ",2091,*,01/15/2020,1992.72,AMJK,DB,Billed wrong currency,CFBL,CL,, AMPACTE02 PROAMRI01,1992.72,PB46,RS,AMPACTE02
AM00032,M4,UBC1289,A1,BUBA867,AMPAC. A DIVISON OF PROAMPAC,01/10/2020,19789.86,Y,BP,"Material needs to be ""returned"" to be billed under Canadian dollars ",21211,*,01/15/2020,19789.86,AMJK,DB,Billed wrong currency,CFBL,TT,, AMPACTE02 PROAMRI01,19789.86,PB46,RS,AMPACTE02
AM00032,M4,UBC1290,A1,BUBA868,AMPAC. A DIVISON OF PROAMPAC,01/10/2020,13432.83,Y,BP,"Material needs to be ""returned"" to be billed under Canadian dollars ",13941,*,01/15/2020,13432.82,AMJK,DB,Billed wrong currency,CFBL,TT,, AMPACTE02 PROAMRI01,13432.83,PB46,RS,AMPACTE02
AM00032,M4,VB10478,A1,BUCA484,AMPAC. A DIVISON OF PROAMPAC,01/10/2020,5528.54,Y,BP,"Material needs to be ""returned"" to be billed under Canadian dollars ",6062,*,01/15/2020,5528.54,AMJK,DB,Billed wrong currency,CFBL,CL,, AMPACTE02 PROAMRI01,5528.54,PB46,RS,AMPACTE02
AM00033,P1,UBA0193,A1,BU9A352,"GOLDEN DYNAMIC,INC",01/10/2020,440.3,N,BP,Roll # 9091800718 was rejected due to wrinkles,370,*,02/04/2020,440.3,AMSC,LA,#3154 wrinkles,HQLA,SP,, MULTISF01,46273.15,D230,RS,GOLDEGA02
AM00034,P1,UBC1441,A2,BUBA971,PRINTPACK INC (METALLIZING),01/10/2020,545.43,N,BP,AMSC - NWP18 web break due to splicing error - downtime $450,35,*,03/12/2020,545.43,AMSC,DB,#33-50847 web break,CFMS,NWP,, PRINTVR11,3599.7,P043,RS,PRINTVR14
AM00035,R1,UBC0148,A1,BUBA999,GARLOCK PRINTING & CONVERTING CORP,01/10/2020,89738.08,N,BP,"Garlock. - 2019 Annual Rebate 
All Films, 3,589,523,18 lbs
Qualify for $0.025/lb. rebate 
Rebate amount is $89,738.08",3589523.18,*,01/15/2020,89738.08,AMJK,MR,2019 annual rebate,CFDH,BFP,, GARLORE01,16124.33,G002,RS,GARLOGA01
AM00036,P1,UBC0879,A1,BUBA986,PRINTPACK INC (METALLIZING),01/10/2020,993.89,N,BP,AMSC NWP18 - corrugations and web break - downtime $639,249,*,02/19/2020,993.89,AMSC,DB,#33-50846 corrugation/web breaks,CFMS,NWP,, PRINTVR11,4927.9,P043,RS,PRINTVR14
AM00037,P1,UBC1514,A1,BUBA118,PRINTPACK METALLIZING - FRITO,01/10/2020,1001.79,N,BP,AMSC NWF18 - web breaks from splicing error - downtime $729,60,*,03/12/2020,1001.79,AMSC,DB,#33-50851 web break,CFMS,NWF,, PRINTVR39,32096.59,P043,RS,PRINTVR39
AM00038,P1,UBC1514,A2,BUBA118,PRINTPACK METALLIZING - FRITO,01/10/2020,332.86,N,BP,AMSC NWP18 - web break from splicing error,38,*,03/12/2020,332.86,AMSC,DB,#33-50852 web break,CFMS,NWF,, PRINTVR39,32096.59,P043,RS,PRINTVR39
AM00039,M4,UWA0316,A1,WUAA094,KENT H LANDSBERG BUSINESS CENTER,01/10/2020,115.2,N,SW,PRICE DISPUTE - $14.81 CS,0,*,01/15/2020,115.2,AMAZ,JAH,CREDIT PRICE DISCREPANCY,SWLU,PSB,, PANTOSB01,7224,K103,RS,KENTHCR01
AM00040,M1,UBC2026,A1,BUAAADE,BRYCE CORPORATION,01/13/2020,1087.76,N,BP,Pallet S000090577 was billed twice- under UBC2026 and UBC2025.,1246,*,01/14/2020,1087.76,AMSC,YM,double billed ,CFYG,VG,, BRYCEME11,1087.76,B102,RS,BRYCEME04
AM00041,P1,UBB0777,A2,BUAA111,PRINTPACK,01/13/2020,334.32,N,BP,"amsc- brt15- roll should be 66.5"" and is 66""
Will keep roll with new label. Just need to credit difference in weight + downtime $312.50",22,*,02/18/2020,334.32,AMSC,SN,#17-2014 new label sent for width,CFMS,BRT,, WESTSWA03,7076.05,P043,RS,PRINTRH04
AM00043,P1,UB81484,A1,BU7A774,ADMIRAL PACKAGING,01/13/2020,747.67,N,BP,wrinkles in film after splice roll #9081100052/58,561,*,01/23/2020,747.67,AMJK,MR,#7828/7829 wrinkles,CFLD,TD,, ADMIRPR01,2652.01,U003,RS,ADMIRPR01
AM00044,P1,UBB1404,A1,BUAA036,PRINTPACK INC (METALLIZING),01/14/2020,252.23,N,BP,AMSC NWP18 - WEB BREAK DUE TO SPLICING ERROR - Downtime $148.50,25,*,03/12/2020,252.23,AMSC,DB,#33-50834 web break,CFMS,NWP,, PRINTVR21,16607.3,P043,RS,PRINTVR21
AM00045,P1,UBC1628,A1,BUCA331,C-P FLEXIBLE PACKAGING,01/14/2020,432.91,N,BP,baggy film - roll #9121501061,464,*,01/30/2020,432.91,AMJK,MR,#90696 baggy,CFLD,VA,, CPFLEYO02,28981.26,C047,RS,CPFLEYO01
AM00046,P1,VB10729,A1,BUBA142,C-P FLEXIBLE PACKAGING,01/14/2020,2474.41,N,BP,"AMJK- baggy edges causing wrinkles. See video.
roll #9121400112/9121400160/0011400066",2774,*,03/13/2020,2474.41,AMJK,MR,#003-20 baggy edges,CFLD,VA,, CPFLEYO02,8484.1,C047,RS,CPFLEYO01
AM00047,M1,UBC0553,A1,BUBA874,AMERICAN PACKAGING CORP.,01/14/2020,11876.62,Y,BP,BOL canceled and pallets still at AMSC - need to do sales return in system,14717,*,01/16/2020,11876.61,AMSC,AH,pallets not shipped,CFGF,ZT,, AMERIDM10,11876.62,A050,RS,AMERISC01
AM00048,M1,UBC1755,A1,BUCA362,PPC FLEXIBLE PACKAGING,01/14/2020,3425.5,Y,BP,pallets not shipped,2635,*,01/16/2020,3425.5,AMSC,PV,pallets not shipped,CFRH,ALF,, PPCFLPA01,37779.3,P027,RS,PPCFLPA01
AM00049,T1,UW80313,A1,WU8A179,HOWARD PAPER & PACKAGING,01/14/2020,191.36,N,SW,DAMAGED IN TRANSIT - 12 RL,233.28,*,01/21/2020,191.36,AMJK,CSM,"SAIA, SCRAP IN FIELD 12 RL",SWPBS,HLB,, HOWARME02,5028.56,H042,RS,HOWARME01
AM00050,T3,UWC1071,A1,WUCA597,PALMER PACKAGING INC,01/14/2020,1594.88,N,SW,MISSING 2 PALLETS,1792,*,01/21/2020,1594.88,AMJK,CSM,CLAIM CAL FREIGHT FOR MISSING PALLET,SWMZ,EPB,, PALMEAD01,20777.28,P536,RS,PALMEAD01
AM00051,P1,UBC0335,A1,BUBA113,PRINTPACK METALLIZING - FRITO,01/15/2020,723.45,N,BP,AMSC NWF18 - WEB BREAK DUE TO SPLICING ERROR - DOWNTIME $598.50,30,*,03/12/2020,723.45,AMSC,DB,#33-50838 web break,CFMS,NWF,, PRINTVR39,10163.11,P043,RS,PRINTVR39
AM00052,P1,UBB1649,A1,BUBA113,PRINTPACK METALLIZING - FRITO,01/15/2020,1584.41,N,BP,"AMSC NWF18 - 3x WEB BREAK DUE TO SPLICING ERROR - DOWNTIME $1,584.41",267,*,03/12/2020,1584.41,AMSC,DB,#33-50839 web break,CFMS,NWF,, PRINTVR39,30256.15,P043,RS,PRINTVR39
AM00053,R1,UBB0863,A1,BUAA902,TRANSCONTINENTAL MULTIFILM INC.,01/15/2020,44006.24,N,BP,"TC/Transcontinental Packaging Rebate: Q4 2019
Total lbs shipped: 2,200,312 lb. 
Rebate rate: $0.02
Total Rebate: $44,006.24",2200312,*,01/16/2020,44006.24,AMJK,MR,Q4 rebate 2019,CFGF,VA,, MULTIEL01,23520.81,M206,RS,TRANSEL08
AM00054,T1,VB10455,A1,BUBA130,ASSOCIATED PACKAGING INC,01/15/2020,340.86,N,BP,7 rolls damaged in transit,299,*,01/16/2020,340.86,AMJK,MR,7 rolls damaged in transit,CFJM,CL,, ASSOCTA13,11468.4,AB46,RS,ASSOCTA13
AM00055,S7,UB91340,A1,BU7A628,3M JAPAN PRODUCTS LIMITED,01/15/2020,1304.42,N,BP,Pallet: 4154152 was damaged. ,0,*,03/12/2020,1304.42,AMJK,YM,pallet damage,CFDP,KT,, 3MJAPTO01,7663.01,M020,ES,3MJAPTO01
AM00056,P1,UBC1046,A1,BUBA210,KENDALL PACKAGING CORP,01/15/2020,635.03,N,BP,"VA18 - AMJK baggy edge roll #9124400026 
533 lbs + 30 min downtime = $150",533,*,03/03/2020,635.03,AMJK,MR,#202000018 baggy edge,CFBL,VA,, KENDAJE01,3781.05,K005,RS,KENDAME01
AM00057,P1,VB10540,A1,BUCA424,KENDALL PACKAGING CORP,01/15/2020,497.24,N,BP,"VA25 - AMJK - baggy edge roll #9124200238
511 lbs + 30 min downtime = $45",511,*,03/03/2020,497.24,AMJK,MR,#202000019 baggy edge,CFBL,VA,, KENDAJE01,11490.84,K005,RS,KENDAME01
AM00058,M2,VW10183,A1,WUCA038,H.E.BAUMRUCKER,01/16/2020,268.8,N,SW,KEY IN ERROR - PRICE,0,*,01/21/2020,268.8,AMJK,CSM,CREDIT PRICE DISCREPANCY,SWMZ,ELB,, HEBAUIT01,10589.76,H085,RS,HEBAUIT01
AM00059,M4,VB10218,A1,BV1A109,AVERY DENNISON,01/17/2020,2965.79,Y,BP,"pallet S000090832 not shipped because too much weight and it was deleted from pick list. Need sales return.
This shipped from Morristown",3067,*,01/17/2020,2965.78,AMSC,AH,pallet not shipped,CFTO,BNY,, AVERYQU02,17768.63,A455,RS,AVERYQU01
AM00060,M4,UWB1008,A1,WUBA620,"HUGO'S INDUSTRIAL SUPPLY, INC",02/18/2020,2130.24,Y,SW,CUSTOMER RETURN  - 588 RL,1784,*,03/07/2020,1863.96,AMJK,CSM,"RTN 2016 RL BACK TO FG, 84 RL REPACK",SWPB,PSB,, HUGOSOC01,11982.6,H263,RS,HUGOSIN08
AM00060,M4,UWC0948,A1,WUCA791,"HUGO'S INDUSTRIAL SUPPLY, INC",02/18/2020,4868.64,Y,SW,"CUSTOMER RETURN  - 1512 RL
",4014,*,03/07/2020,4868.64,AMJK,CSM,"RTN 2016 RL BACK TO FG, 84 RL REPACK",SWPB,PSB,, HUGOSOC01,4868.64,H263,RS,HUGOSIN08
AM00061,DE,VB10346,A1,BVAAACJ,BRYCE CORPORATION,01/20/2020,6717.42,N,BP,"Pricing Type changed to become effective on the 15th  of each quarter (1/15, 4/15, 7/15, 10/15). 
",0,*,01/23/2020,6717.42,AMSC,YM,Debit price,CFYG,,, BRYCESE15,6888.13,B102,RS,BRYCEME04
AM00062,T3,VW10298,A1,WV1A161,"HISCO, INC.",01/20/2020,1741.92,N,SW,SAIA LOST 1 PALLET,1659,*,01/30/2020,1741.92,AMJK,CSM,CLAIM SAIA FOR MISSING PALLET,SWPBS,HCB,, HISCOAU03,1741.92,H166,RS,HISCOAU03
AM00063,P2,VW10688,A1,WV1A417,"HUGO'S INDUSTRIAL SUPPLY, INC",01/20/2020,505.26,N,SW,PRODUCTION KEY-IN ERROR: DOUBLE OF THE WEIGHT TO PLT# 2200047063,372,*,02/20/2020,505.26,AMJK,CSM,CREDIT ,SWPB,PSB,, HUGOSKC03,10105.2,H263,RS,HUGOSIN08
AM00064,S7,VW10581,A1,WV1A299,RJ & K SALES INC,01/21/2020,31.4,N,SW,DAMAGED IN TRANSIT - 1 RL,31.72,*,01/30/2020,31.4,AMJK,CSM,"XPO, SUGGEST TO SCRAP IN FIELD 1 RL",SWMZ,EHB,, RJKSAGR03,6060.64,R196,RS,RJKSAGR03
AM00065,M6,VD10138,A1,DUCA045,PREMIER SPECIALTY PRODUCTS INC.,01/22/2020,472,N,CT,"PRICE WAS BEING OVER-CHARGED
",0,*,02/07/2020,472,AMJK,BO,CREDIT PRICE DISCREPANCY,KH,NL,, PSPINSF01,6582.35,C01K,RS,COREMBU0A
AM00066,M1,UW71040,A2,WU7A729,CROWN PACKAGING CORP.,01/22/2020,144.11,N,SW,KEY-IN ERROR - WRONG SHIP-TO ADDRESS,0,*,02/07/2020,144.11,AMJK,MN,CREDIT ,SWMN,ELB,, CROWNHA01,3244.75,C150,RS,CROWNCH02
AM00067,M3,UBB0739,A2,BUAA992,CASTLE-PIERCE CORPORATION,01/22/2020,80.84,N,BP,per customer price should be 1.36 instead of 1.38,4042,*,01/30/2020,80.84,AMJK,MR,price,CFBL,HD,, CASTLOS03,5577.96,C834,RS,CASTLOS02
AM00068,M3,UBA1820,A1,BUAA310,NAVIS INDUSTRIES,01/22/2020,390.22,N,BP,"PRICE SHOUDL BE .89 INSTEAD OF .90
SPR SIGNED 10/14/19 FOR EFFECTIVE DATE 10/14 FOR CL20-50 PRICE .89/LB
FILM SHIPPED 10/29/19",39022,*,01/24/2020,390.22,AMJK,MR,price,CFJM,CL,, NAVISEL01,35119.8,NA54,RS,NAVISEL01
AM00069,T1,VW10762,A1,WUCA777,ASSOCIATED PACKAGING - TAMPA,01/22/2020,35.67,N,SW,DAMAGED IN TRANSIT - 1 RL,36.4,*,01/30/2020,35.67,AMJK,EV,"FEDEX, SUGGEST TO SCRAP IN FIELD",SWKM,EUB,, ASSOCTA09,9987.6,AA23,RS,ASSOCTA09
AM00070,P1,UBC0789,A1,BUBB021,PLASTICOS BANDREX. S.A. DE C.V.,01/23/2020,39819.86,N,BP,"CURLING ISSUES (are we going to return this?)
Customer is claiming material rejected by end users.
Customer is claiming import fees and freight expenses.",30625.88,*,04/09/2020,22339.86,AMJK,PV,DMR 01-64 curling issue,AMCP,PP,, BANDRLA02,39638.87,D029,ES,PLASTZA01
AM00071,M1,VW10738,A1,WUCA935,ROCKY MOUNTAIN PIONEER / PIONEER PKG,01/23/2020,6083.2,Y,SW,"KEY IN ERROR - WRONG ITEM
NEEDED 18"" NOT 16""
",5530,*,02/26/2020,6083.2,AMAZ,SV,RTN 320 CS BACK TO FG,SWCK,HLB,, ROCKYAU02,6083.2,P399,RS,ROCKYAU02
AM00072,R1,UBA1052,A1,BU8A087,CP FLEXIBLE PACKAGING,01/23/2020,7031.79,N,BP,"CP-Flexible should be receiving $.015/lb consignment discount on their orders, new billing orders have been revised going forward.",0,*,01/30/2020,7031.79,AMJK,DB,Consignment discount,CFGF,AA,, CPFLEBU03,9662.63,F020,RS,CPFLEBU01
AM00073,P1,VB10093,A1,BUCA342,TRANSCENDIA,01/23/2020,348.43,N,BP,"Loose Master roll received -  pictures attached 151 lbs
Inteplast Reference Number: 000419139
",151,*,02/05/2020,348.43,AMJK,PV,01CF4E loose master roll,CFJM,BA,, TRANSGR03,34242.51,T025,RS,TRANSGR03
AM00075,P1,UW51050,A1,WU5A442,DOT SYSTEM. INC,01/24/2020,196.9,N,SW,"CRUSHED CORE - 11 RL, PHOTO UPLOADED",0,*,02/07/2020,196.9,AMJK,CMB,SCRAP IN FIELD 11 RL,SWBU,PSB,6252, DOTSYDA04,16699.36,DA15,RS,DOTSYDA04
AM00076,T1,VW10871,A1,WV1A088,H.E.BAUMRUCKER,01/27/2020,161.35,N,SW,DAMAGED IN TRANSIT - 5 RL,177.25,*,01/30/2020,161.35,AMJK,CSM,"CAL FREIGHT, SCRAP IN FIELD 5 RL",SWMZ,ELB,, HEBAUIT01,1290.8,H085,RS,HEBAUIT01
AM00077,P1,TBC1006,A1,BTBA852,FORT DEARBORN COMPANY,01/28/2020,5300.27,Y,BP,"wrinkles causing problems while running job, also found wrinkles after removing packaging to stage for job. Will return all rolls to plant",3613,*,03/13/2020,5300.27,AMJK,PV,#6399159 wrinkles return to plant/downtime,CFDP,YCL,, FORTDLE02 FORTDWA01,8781.46,F255,RS,FORTDLE01
AM00077,P1,TBC1006,A2,BTBA852,FORT DEARBORN COMPANY,01/28/2020,800,N,BP,downtime 2 hours for running rolls with wrinkles,0,*,03/13/2020,800,AMJK,PV,#6399159 wrinkles return to plant/downtime,CFDP,,, FORTDLE02 FORTDWA01,8781.46,F255,RS,FORTDLE01
AM00077,P1,UB20303,A1,BU1B087,FORT DEARBORN COMPANY,01/27/2020,3781.24,Y,BP,"Wrinkles in rolls 2053 lbs +   Downtime 3 hours : 1,200
0004100621
0004100640
0004101466
0004101467
",2752,*,03/13/2020,3781.24,AMJK,PV,#6399159 wrinkles return to plant/downtime,CFDP,YCL,, FORTDLE02 FORTDWA01,16084.04,F255,RS,FORTDWA01
AM00077,P1,UB20303,A2,BU1B087,FORT DEARBORN COMPANY,01/29/2020,2846.27,N,BP,downtime 3 hours,0,*,03/13/2020,2846.27,AMJK,PV,#6399159 wrinkles return to plant/downtime,CFDP,,, FORTDLE02 FORTDWA01,16084.04,F255,RS,FORTDWA01
AM00077,P1,UB91662,A1,BU4A502,FORT DEARBORN COMPANY,01/27/2020,859.86,Y,BP,"Wrinkles in rolls
0004125475
0004125376
0004124855",694,*,03/13/2020,859.86,AMJK,SE,#6399159 wrinkles return to plant/downtime,CFDP,YCL,, FORTDLE02 FORTDWA01,35859.14,F255,RS,FORTDWA01
AM00078,M4,VB11189,A1,BUCA331,C-P FLEXIBLE PACKAGING,01/27/2020,1133.34,N,BP,"Customer arranged the pick up of BXUH233
Requesting freight allowance credit for $0.03/lb on 37,778 lbs ",0,*,01/30/2020,1133.34,AMJK,MR,freight allowance,CFLD,,, CPFLEYO02,9788.66,C047,RS,CPFLEYO01
AM00079,P1,UBC0056,A1,BU8A198,"BEMIS COMPANY,INC",01/27/2020,1911.67,N,BP,"Mill splice broke. #9081800221
Machine Downtime: 2 Hours / $1,100.00
Defective Processed Goods: 299 Lbs / $761.67
Additional Costs (shipping, storage, and handling): $50.00
Total Claim Value: $1,911.67",299,*,03/04/2020,1911.67,AMSC,GO,#200467134 splice broke,CFBL,BRT,, BEMISLA04,3833.62,C035,RS,BEMISNE01
AM00080,P1,UBC0023,A1,BUAA325,"BEMIS COMPANY,INC",01/27/2020,1079.8,N,BP,"Description of Issue: Spots in the film
Vendor Lot and Roll ID = 9101500706
Claim Breakdown:
Defective Raw Material to be dispositioned and credited at purchase price: Quantity = 1,055.524 Lbs / Price = $1,079.80
Secondary Claim Breakdown:
Defective Processed Goods: 226 Lbs / $628.89
Additional Costs (shipping, storage, and handling): $50.00
Total Secondary Claim Value: $1,778.89
Total Claim Value: $2,858.69",1055.52,*,02/18/2020,1079.8,AMJK,GO,#200463751 spots  in film,CFBL,BRT,, BEMISLA04,38980.39,C035,RS,BEMISNE01
AM00080,P1,UBC0023,A2,BUAA325,"BEMIS COMPANY,INC",01/27/2020,1778.89,N,BP,"Spots in the film # 9101500706
Quantity = 1,055.524 Lbs / Price = $1,079.80
Defective Processed Goods: 226 Lbs / $628.89
Additional Costs (shipping, storage, and handling): $50.00

Total Claim Value: $2,858.69",0,*,02/18/2020,1778.89,AMJK,GO,#200463751 spots  in film,CFBL,,, BEMISLA04,38980.39,C035,RS,BEMISNE01
AM00081,M3,UWB0613,A1,WUBA185,UNITED PACKAGING SUPPLY,01/27/2020,2304,N,SW,PRICE DISPUTE - WRONG PRICE ON P.O.,0,*,01/30/2020,2304,AMAZ,CS,CREDIT PRICE DISCREPANCY ,SWAN,EPB,, BURLIRE02,13824,U064,RS,UNITEBR16
AM00082,R1,UBC1805,A1,BUCA428,FORT DEARBORN COMPANY,01/27/2020,17099.86,N,BP,"PepsiCo Beverage Rebate - Q3/Q4 2019
Films sold to Fort Dearborn
YCL80 = 773 lb. 
TA57 = 56,854 lb. 
Total lbs = 57,627 lb. 
Total rebate = $17,099.86",57627,*,02/03/2020,17099.86,AMJK,KS,Q3/Q4 Rebate PepsiCo,CFDP,YCL,, FORTDLE02,48032.4,F255,RS,FORTDLE01
AM00083,M5,UBC1485,A1,BU9A139,AMERICAN PACKAGING CORP.,01/27/2020,1271.77,N,BP,Discount Charge for Citibank Payment. ,0,*,01/30/2020,1271.77,AMJK,YM,Citibank discount,CFGF,,, AMERICH55 AMERIDM08 BADGEFR02,8156.93,A050,RS,AMERICO05
AM00083,M5,UBC1493,A1,BU9A424,AMERICAN PACKAGING CORP.,01/27/2020,695.47,N,BP,Discount Charge for Citibank Payment. ,0,*,01/30/2020,695.47,AMSC,YM,Citibank discount,CFGF,,, AMERICH55 AMERIDM08 BADGEFR02,1917.26,A050,RS,AMERISC01
AM00083,M5,UBC1532,A1,BUBA628,AMERICAN PACKAGING CORP.,01/27/2020,3915.85,N,BP,Discount Charge for Citibank Payment. ,0,*,01/30/2020,3915.85,AMJK,YM,Citibank discount,CFGF,,, AMERICH55 AMERIDM08 BADGEFR02,15220.3,A050,RS,AMERISC01
AM00083,M5,UBC1889,A1,BUAA354,AMERICAN PACKAGING CORP.,01/27/2020,105.45,N,BP,Discount Charge for Citibank Payment. ,0,*,01/30/2020,105.45,AMJK,YM,Citibank discount,CFGF,,, AMERICH55 AMERIDM08 BADGEFR02,5519.65,A050,RS,AMERICO05
AM00083,M5,VB10068,A1,BUAB061,AMERICAN PACKAGING CORP.,01/27/2020,679.14,N,BP,Discount Charge for Citibank Payment. ,0,*,01/30/2020,679.14,AMJK,YM,Citibank discount,CFGF,,, AMERICH55 AMERIDM08 BADGEFR02,41635.73,A050,RS,AMERICO05
AM00083,M5,VB10448,A1,BUAA746,AMERICAN PACKAGING CORP.,01/27/2020,604.06,N,BP,Discount Charge for Citibank Payment. ,0,*,01/30/2020,604.06,AMJK,YM,Citibank discount,CFGF,,, AMERICH55 AMERIDM08 BADGEFR02,3551.11,A050,RS,AMERICO05
AM00083,M5,VB10575,A1,BUBA565,AMERICAN PACKAGING CORP.,01/27/2020,470.43,N,BP,Discount Charge for Citibank Payment. ,0,*,01/30/2020,470.43,AMJK,YM,Citibank discount,CFGF,,, AMERICH55 AMERIDM08 BADGEFR02,42026.82,A050,RS,AMERICO05
AM00083,M5,VB10857,A1,BUBA565,AMERICAN PACKAGING CORP.,01/27/2020,461.75,N,BP,"Discount Charge for Citibank Payment.
",0,*,01/30/2020,461.75,AMJK,YM,Citibank discount,CFGF,,, AMERICH55 AMERIDM08 BADGEFR02,41085.49,A050,RS,AMERICO05
AM00084,M5,UWB0352,A1,WUBA111,PREFERRED PLASTICS AND PACKAGING,01/28/2020,91.72,N,SW,SAMPLE - 4 RL,100.8,*,01/30/2020,91.72,AMJK,CS,CREDIT SAMPLE,SWKC,EHL,, PREFEMO01,6879,P290,RS,PREFELY01
AM00085,M5,UWB0350,A1,WUAA800,PREFERRED PLASTICS AND PACKAGING,01/28/2020,51.66,N,SW,SAMPLE - 2 CS,56.16,*,02/03/2020,51.66,AMJK,CS,CREDIT SAMPLE,SWKC,HTK,, PREFEMO01,13852.8,P290,RS,PREFELY01
AM00086,DE,UB91029,A1,BU9A409,FORT DEARBORN COMPANY,01/28/2020,593.66,N,BP,"YCL80 rolls = 774 lb. 
Owed: $0.767/lb. 
Total owed= $593.66

Grand Total = $24,649.39",774,*,02/03/2020,593.66,AMJK,KS,Debit Pepsi usage,CFDP,YCL,, FORTDLE02 FORTDSP01,40825.58,F255,RS,FORTDLE01
AM00086,DE,UBB0524,A1,BUAA163,FORT DEARBORN COMPANY,01/28/2020,24055.73,N,BP,"Fort Dearborn Debit - Q3/Q4 2019
Films shipped to Pepsi Co
TA57 Sheets = 56,852 lb. 
Owed: Q3-$0.37/lb,Q4-$0.504/lb 
Total owed: $24,055.73",56852,*,02/03/2020,24055.73,AMJK,KS,Debit Pepsi usage,CFDP,TA,, FORTDLE02 FORTDSP01,20106.59,F255,RS,FORTDSP01
AM00087,M3,VB11209,A1,BUCA094,SIGMA SUPPLY OF NORTH AMERICA,01/28/2020,493.23,N,BP,Order shipped at the wrong price.,8967.84,*,02/03/2020,493.23,AMJK,MR,price,CFJM,CL,, SIGMAGP01,8967.84,S171,RS,SIGMAHS01
AM00088,R1,UBC0255,A1,BUBB008,"SHURTAPE TECHNOLOGIES, LLC",01/28/2020,32953.12,N,BP,"Shurtape Vertical Pkg. Rebate 2019
Total lb: 1,647,656 lb. 
Rebate: $0.02/lb. 
Total rebate: $32,953.12",1647656,*,02/03/2020,32953.12,AMSC,KS,Rebate 2019 vertical packaging,CFTG,TT,, SHURTHU03,38635.36,S321,RS,SHURTHI07
AM00089,M2,UWA1121,A1,WUAA580,WESTERN PLASTICS - (GA),01/28/2020,371.57,N,SW,KEY IN ERROR - PRICE ,0,*,02/03/2020,371.57,AMJK,MN,CREDIT PRICE DISCREPANCY,8SW,HLB,, WESTECA02,8732.33,W051,RS,WESTECA03
AM00090,M3,UBA0049,A2,BU7A799,OVERWRAPS,01/29/2020,641.9,N,BP,PRICE SHOULD HAVE BEEN $.89,4585,*,02/03/2020,641.9,AMJK,GO,price,CFJL,VA,, OVERWDA01,4562.08,O006,RS,OVERWDA01
AM00090,M3,UBA0050,A2,BU7A838,OVERWRAPS,01/29/2020,211.26,N,BP,PRICE SHOULD HAVE BEEN $.87,3521,*,02/03/2020,211.26,AMJK,GO,price,CFJL,BA,, OVERWDA01,3151.3,O006,RS,OVERWDA01
AM00090,M3,UBA0053,A1,BU9A157,OVERWRAPS,01/29/2020,1627.08,N,BP,PRICE SHOULD HAVE BEEN $.89,11622,*,02/03/2020,1627.08,AMJK,GO,price,CFJL,VA,, OVERWDA01,11563.89,O006,RS,OVERWDA01
AM00090,M3,UBA0491,A2,BU9A156,OVERWRAPS,01/29/2020,219.36,N,BP,PRICE SHOULD HAVE BEEN $.87,3656,*,02/03/2020,219.36,AMJK,GO,price,CFJL,BA,, OVERWDA01,3272.12,O006,RS,OVERWDA01
AM00090,M3,UBA0926,A2,BU7A154,OVERWRAPS,01/29/2020,0,N,BP,PRICE SHOULD HAVE BEEN $.89,4357,*,02/03/2020,0,AMJK,GO,price,CFJL,VA,, OVERWDA01,4335.22,O006,RS,OVERWDA01
AM00090,M3,UBA0927,A2,BU7A155,OVERWRAPS,01/29/2020,511,N,BP,PRICE SHOULD HAVE BEEN $.89,3650,*,02/03/2020,511,AMJK,GO,price,CFJL,VA,, OVERWDA01,3631.75,O006,RS,OVERWDA01
AM00090,M3,UBA0928,A2,BU7A257,OVERWRAPS,01/29/2020,486.5,N,BP,PRICE SHOULD HAVE BEEN $.89,3475,*,02/03/2020,486.5,AMJK,GO,price,CFJL,VA,, OVERWDA01,3457.63,O006,RS,OVERWDA01
AM00090,M3,UBA0930,A2,BU7A260,OVERWRAPS,01/29/2020,117.66,N,BP,PRICE SHOULD HAVE BEEN $.87,1961,*,02/03/2020,117.66,AMJK,GO,price,CFJL,BA,, OVERWDA01,1755.1,O006,RS,OVERWDA01
AM00090,M3,UBA0931,A2,BU7A418,OVERWRAPS,01/29/2020,142.92,N,BP,PRICE SHOULD HAVE BEEN $.87,2382,*,02/03/2020,142.92,AMJK,GO,price,CFJL,BA,, OVERWDA01,2131.89,O006,RS,OVERWDA01
AM00090,M3,UBA0932,A2,BU7A419,OVERWRAPS,01/29/2020,320.22,N,BP,PRICE SHOULD HAVE BEEN $.87,5337,*,02/03/2020,320.22,AMJK,GO,price,CFJL,BA,, OVERWDA01,4776.62,O006,RS,OVERWDA01
AM00090,M3,UBA0934,A2,BU7A709,OVERWRAPS,01/29/2020,213.3,N,BP,PRICE SHOULD HAVE BEEN $.87,3555,*,02/03/2020,213.3,AMJK,GO,price,CFJL,BA,, OVERWDA01,3181.73,O006,RS,OVERWDA01
AM00090,M3,UUA0051,A2,BUT7478,OVERWRAPS,01/29/2020,2420.43,N,BP,PRICE SHOULD HAVE BEEN $1.375,16136.23,*,02/03/2020,2420.43,VAMT,GO,price,CFJL,CHS,, OVERWDA01,24607.75,O006,RS,OVERWDA01
AM00091,M3,UB41183,A1,BU4A246,OVERWRAPS,01/29/2020,0,N,BP,"ORDER WAS BILLED AT THE RIGHT PRICE $.905
CLAIM NEEDS TO BE REJECTED",0,D,02/12/2020,0,AMJK,GO,denied,CFJL,,, OVERWDA01,3104.16,O006,RS,OVERWDA01
AM00092,M4,VW11148,A1,WV1A877,GREAT SOUTHWEST PAPER CO,01/29/2020,9687.6,N,SW,CONSIGNMENT REPORT DID NOT SHOW AS V-GRADE,0,*,02/03/2020,9687.6,AMJK,CSM,CREDIT PRICE DISCREPANCY,SWPBS,,, GREATHO02,19375.2,G050,RS,GREATHO02
AM00093,M3,UBC0694,A2,BU9A840,OVERWRAPS,01/29/2020,764.26,N,BP,PRICE SHOULD HAVE BEEN $.84,5459,*,02/03/2020,764.26,AMJK,GO,price,CFDP,AA,, OVERWDA01,5158.76,O006,RS,OVERWDA01
AM00094,S1,VB11346,A1,BUBA972,PRINTPACK INC (METALLIZING),01/29/2020,3544.75,Y,BP,"S000089696 was not loaded, still in AMSC",4019,*,02/03/2020,3544.75,AMSC,DB,pallet not shipped,CFMS,NWP,, PRINTVR11,3544.76,P043,RS,PRINTVR14
AM00096,M4,UWC0947,A1,WUCA764,KROGER NASHVILLE - RASC (RP) AM,01/29/2020,352.32,N,SW,LATE FEE - $352.32,0,*,02/04/2020,352.32,AMAZ,JZU,CREDIT,BB,,, CLACKCL01,11744,K024,RS,KROGENA20
AM00097,M4,VW10194,A1,WUCA537,KROGER NASHVILLE - RASC (RP) AM,01/29/2020,482.97,N,SW,LATE FEE - $482.97,0,*,02/04/2020,482.97,AMAZ,JZU,CREDIT ,BB,,, RALPHRI02,16099.2,K024,RS,KROGENA20
AM00098,M3,VW11000,A1,WV1A002,WESTERN PLASTICS - (GA),01/29/2020,259.89,N,SW,"PRICE DISPUTE - WRONG PRICE ON P.O.	",0,*,02/07/2020,259.89,AMJK,MN,CREDIT PRICE DISCREPANCY ,8SW,CLV,, WESTECA02,3941.68,W051,RS,WESTECA03
AM00098,M3,VW11082,A1,WV1A002,WESTERN PLASTICS - (GA),01/29/2020,259.89,N,SW,"PRICE DISPUTE - WRONG PRICE ON P.O.	",0,*,02/07/2020,259.89,AMJK,MN,CREDIT PRICE DISCREPANCY ,8SW,CLV,, WESTECA02,3941.68,W051,RS,WESTECA03
AM00098,M3,VW11152,A1,WV1A002,WESTERN PLASTICS - (GA),01/29/2020,779.67,N,SW,PRICE DISPUTE - WRONG PRICE ON P.O.,0,*,02/07/2020,779.67,AMJK,MN,CREDIT PRICE DISCREPANCY ,8SW,CLV,, WESTECA02,11825.05,W051,RS,WESTECA03
AM00099,M4,UWC0946,A1,WUCA763,KROGER NASHVILLE - RASC (RP) AM,01/29/2020,352.32,N,SW,LATE FEE - $352.32,0,*,02/04/2020,352.32,AMAZ,JZU,CREDIT ,BB,,, KINGSAU04,11744,K024,RS,KROGENA20
AM00100,M2,VB10903,A1,BUAA367,SONOCO (PLASTIC PACKAGING),01/29/2020,3886.16,N,BP,Did not put in with Shurtape Pricing,12298,*,02/03/2020,3886.17,AMJK,CJ,price,CFDP,TT,, CONSOHI01,14708.41,P231,RS,SONOCHI01
AM00101,P1,UBB0053,A2,BUAA531,FORT DEARBORN COMPANY,02/28/2020,1874.77,N,BP,"
Reel# 9101101364 Baggy Edge on back side
Reel # 9101101362  Baggy edges ",1626,*,03/03/2020,1874.77,AMJK,YM,AM2020-01001 baggy edge,CFDP,PL,, FORTDWI01 WALLEWI01,5570.14,F255,RS,FORTDEG01
AM00101,P1,UBB1245,A1,BUAA877,FORT DEARBORN COMPANY,01/30/2020,1262.53,N,BP,"Very Baggy Edge causeing upcurl
9101302779
",1095,*,03/03/2020,1262.54,AMJK,YM,AM2020-01001 baggy edge,CFDP,VS,, FORTDWI01 WALLEWI01,6347.27,F255,RS,FORTDWI01
AM00101,P1,UBC0674,A1,BUBA962,FORT DEARBORN COMPANY,01/30/2020,972.28,N,BP,"Breases in middle of Roll/baggy edge
9111302852
",1115,*,03/03/2020,972.28,AMJK,KS,AM2020-01001 baggy edge,CFDP,VS,, FORTDWI01 WALLEWI01,10702.93,F255,RS,FORTDWI01
AM00101,P1,UBC1350,A1,BUBA408,FORT DEARBORN COMPANY,01/30/2020,1814.82,N,BP,"Baggy Edge
9121100145
9121100201
",1574,*,03/03/2020,1814.82,AMJK,KS,AM2020-01001 baggy edge,CFDP,PL,, FORTDWI01 WALLEWI01,12551.56,F255,RS,FORTDWI01
AM00101,P1,UBC1352,A1,BUBA963,FORT DEARBORN COMPANY,01/30/2020,1102.28,N,BP,"Very Baggy Edge causeing upcurl
9111302817
",914,*,03/03/2020,1102.28,AMJK,KS,AM2020-01001 baggy edge,CFDP,VS,, FORTDWI01 WALLEWI01,14347.78,F255,RS,FORTDWI01
AM00102,P1,VB11751,A1,BUBA777,C-P FLEXIBLE PACKAGING,01/30/2020,941.17,N,BP,AMJk- PL - baggy edge,783,*,03/12/2020,941.17,AMJK,MR,#90697 baggy ,CFLD,PL,, CPFLEBR01,1943.12,C047,RS,CPFLEYO01
AM00103,M1,VW10893,A1,WV1A550,PAK WEST PAPER & PACKAGING,03/02/2020,0,Y,SW,KEY IN ERROR - OVER-SHIPPED 7 PALLETS DIVERT TO GWC PO#200815,0,*,03/04/2020,0,AMJK,JZU,"PAPERWORK DIVERT ONLY - REF TO NEW SO# WV2A220, WV2A276",SWDP,EHB,, PAKWESA01,23938.24,P742,RS,PAKWESA01
AM00103,M1,VW11307,A1,WV1A319,PAK WEST PAPER & PACKAGING,01/30/2020,0,Y,SW,"KEY IN ERROR - OVER-SHIPPED 7 PALLETS
DIVERT TO GWC PO#200815",0,*,03/04/2020,0,AMAZ,JZU,"PAPERWORK DIVERT ONLY - REF TO NEW SO# WV2A220, WV2A276",SWDP,EHB,, PAKWESA01,21175.2,P742,RS,PAKWESA01
AM00104,P1,UWB0011,A2,WUAA499,SUNRISE MANUFACTURING,01/30/2020,2185.6,Y,SW,"NO CLING - 40 RLS  ADDITION
REF TO AM91237",2230.4,*,02/20/2020,2185.6,AMAZ,EV,"RTN 20-S, 20-G",SWMD,ELB,, SUNRIRC01,21856,S642,RS,SUNRIRC01
AM00105,M2,VB10179,A2,BUBA775,INTERSTATE PACKAGING,01/30/2020,337.92,N,BP,Price entered incorrectly.  Should be $1.006.  Price list attached. ,0,*,02/07/2020,337.92,AMJK,MR,price,CFJM,,, INTERWB02,8716.28,I014,RS,INTERWB01
AM00105,M2,VB10203,A2,BUBA775,INTERSTATE PACKAGING,01/30/2020,489.76,N,BP,Price entered incorrectly.  Should be $1.006.  Price list attached. ,0,*,02/07/2020,489.76,AMJK,MR,price,CFJM,,, INTERWB02,12633.11,I014,RS,INTERWB01
AM00106,M2,UBA1836,A2,BUAA412,NAVIS INDUSTRIES,01/30/2020,399.49,N,BP,"Price entered incorrectly.  
SPR attached",0,*,02/07/2020,399.49,AMJK,MR,price,CFJM,CL,, NAVISEL03,35954.1,NA54,RS,NAVISEL03
AM00107,P1,UWC0776,A1,WUAA657,WESTERN PLASTICS- CANADA,01/30/2020,957.6,N,SW,GEL - 38 RL,958,*,02/20/2020,957.6,AMJK,MN,SCRAP IN FIELD 38 RL,SWKC,ELB,6234, WESTEMI03,8820,W120,RS,WESTEMI01
AM00108,M3,UB70090,A1,BU2A656,PRINTPACK A/P - SNACKS DIV,01/31/2020,181.85,N,BP,AMJK- Price should be 2.212,1347,*,02/07/2020,181.85,AMJK,SN,price,CFMS,KWM,, PRINTVR02,3161.41,P043,RS,PRINTVR02
AM00109,T2,VW11142,A1,WV1A814,CROWN PACKAGING CORP.,01/31/2020,0,Y,SW,FedEx DO NOT DELIVER TO SPARTAN NASH,0,*,02/20/2020,0,AMJK,MN,PAPERWORK TO CLAIM FEDEX ONLY ,SWLU,EHB,, SPARTHY01,6668,C150,RS,CROWNCH02
AM00109,T2,VW11238,A1,WV1A814,CROWN PACKAGING CORP.,01/31/2020,0,Y,SW,FedEx DO NOT DELIVER TO SPARTAN NASH,0,*,02/20/2020,0,AMJK,MN,PAPERWORK TO CLAIM FEDEX ONLY ,SWLU,EHB,, SPARTHY01,6668,C150,RS,CROWNCH02
AM00110,M3,UW70886,A1,WU7A601,NATIONAL PAPER & PLASTICS CO.-PAUL CELLA,01/31/2020,113.6,N,SW,SHORT PAID $113.60 DUE TO PRICING ,0,D,02/07/2020,0,AMJK,CMB,DENY,SWBU,PSB,, JOSHECL03,5430.6,N044,RS,MAILEHA04
AM00111,P1,VB11657,A1,BUCA861,AMPAC,01/31/2020,750.56,N,BP,baggy rolls causing wrinkles (video wouldn't play),822.98,*,03/12/2020,750.56,AMJK,MR,#20-0050 baggy,CFBL,BA,, AMPACHP01,1469.23,C293,RS,AMPACHP01
AM00112,P1,UBC1704,A1,BUCA699,"EPAC HOLDINGS, LLC",01/31/2020,81.74,N,BP,"Wrinkle Near Center 
9121101185",67,*,02/21/2020,81.74,AMJK,MR,MA00056 wrinkles,CFTG,HD,, EPACBLO01,4909.28,E427,RS,EPACHAU01
AM00113,S6,VB12116,A1,BV1A976,PRINTPACK INC (METALLIZING),01/31/2020,1052.23,Y,BP,"weight on BOL/INVOICE is short weight, actual weight is 3,457 lbs",1193,*,02/03/2020,1052.22,AMSC,DB,weight short,CFMS,NWP,, PRINTVR11,1052.23,P043,RS,PRINTVR14
AM00114,P1,UWC0139,A2,WUBA701,SINK PAPER AND PACKAGING,01/31/2020,630,Y,SW,"BREAKING - 20 RL, SAMPLE INVALID 2/7 SWJD
WILL VISIT END USER (NO DATE YET), SWJD 2/17",720,*,03/03/2020,0,AMJK,CY,"ON HOLD - SAMPLE INVALID, JEFF WILL RE-VISIT THE CUSTOMER",SWJD,EPB,, SINKPUR01,7440.48,S528,RS,SINKPUR05
AM00115,P1,UBB1677,A1,BU8B092,PRINTPACK A/P - SNACKS DIV,02/03/2020,512.81,N,BP,amjk- aa30- baggy film and wrinkles ,262,*,03/12/2020,512.81,AMJK,SN,#11-2260 baggy,CFMS,AA,, PRINTVR02,7707.86,P043,RS,PRINTVR02
AM00116,P1,UB11806,A2,BU1A269,"GRAFO REGIA, S. DE R.L DE C.V.",02/03/2020,2242.03,N,BP,"Customer claims ""white dots"" on film. Samples on way. Requested roll numbers. This is same issue as previous claim per Sales rep.
****CORRECTIVE ACTION REPORT NEEDED******",1775.43,*,03/03/2020,2242.73,AMJK,AF,#202002 white dots,AMCP,YCL,, GRAFOLA06,46012.64,G089,ES,GRAFOMO03
AM00117,R1,UW81058,A1,WU8A145,PREFERRED PLASTICS AND PACKAGING,02/03/2020,16365.86,N,SW,2019 3RD QTR - 818293 LBS AT $0.02/LB,0,*,02/05/2020,16365.86,AMJK,CS,"2019 3RD QTR - 818293 LBS AT $0.02/LB	",SWKC,,, PREFEMO01,28396,P290,RS,PREFELY01
AM00118,P1,UWC0911,A1,WUCA656,PACKAGING PARTNERS LLC,02/03/2020,1113.6,N,SW,"BREAKING - 40 RL, SAMPLE INVALID 2/25, 3/5 SWLD",1280,D,03/07/2020,0,AMJK,CS,"SAMPLE INVALID, DENY",SWJH,EPB,, PACKALA08,34111.2,P857,RS,PACKALA08
AM00119,M4,UBB1558,A1,BUBA877,BRYCE CORPORATION,02/03/2020,1097,N,BP,AMJK- Slitting charges due to no material on time and to meet customer have ready. Please see attached email and description.,0,*,02/07/2020,1097,AMJK,YM,#0002 siltting charges,CFJL,,, BRYCEME11,30695.49,B102,RS,BRYCEME04
AM00120,P1,UWA0321,A1,WU9A784,TRM MANUFACTURING,02/04/2020,1097.98,N,SW,INCONSISTENT CORE LENGTH ,1306.5,*,02/20/2020,1097.2,AMAZ,JAH,CREDIT,8SW,AM1,, FRESHOX01,21959.6,T053,RS,TRMMACO01
AM00120,P1,UWB0306,A1,WUAA733,TRM MANUFACTURING,02/04/2020,1110.98,N,SW,INCONSISTENT CORE LENGTH,1306.5,*,02/20/2020,1110.98,AMAZ,JAH,CREDIT,8SW,AM1,, FRESHOX01,22219.6,T053,RS,TRMMACO01
AM00121,P1,UB90162,A3,BU7A033,PRINT PACK,02/04/2020,1137.76,N,BP,"AMSC baggy edges 1094 lbs
S000073797/S000084303",1094,*,02/18/2020,1137.76,AMSC,SN,#13-5091 baggy edges,CFMS,BRT,, PRINTEL02,16235.42,P043,RS,PRINTEL02
AM00122,R1,VB12053,A1,BUCA796,TRANSCENDIA,02/04/2020,87400.25,N,BP,"Transcendia Jan 2020 Rebate
All Films 
Total lbs: 1,456,670.77 lb. 
Rebate: $0.06/lb. 
Total rebate: $87,400.25",1456670.77,*,02/07/2020,87400.25,AMJK,PV,Jan 2020 rebate,CFJM,BA,, TRANSCA08,35888.7,T025,RS,TRANSCA08
AM00123,P1,UB31092,A1,BU2A726,"PRODUCTOS ALIMENTICIOS ""DIANA"" SA DE CV",02/04/2020,7653.75,N,BP,"5688 lbs : Wrinkles, WVTR Out of Spec., Gauge Band
Dimples on  Metal, Metal Pick off
",0,*,02/21/2020,7653.76,AMJK,PV,Inteplast1 quality claim,AMJO,AA,, PRODUSS02,36127.26,P333,ES,PRODUSS01
AM00124,P1,UB50997,A1,BU4A398,"PRODUCTOS ALIMENTICIOS ""DIANA"" SA DE CV",02/04/2020,8723.15,N,BP,"Reel with low Tension, Wrinkles, Metal Pick off, Gauge Band
Metal Flake
",7963.3,*,02/21/2020,8723.15,AMJK,PV,Inteplast2 quality ,AMJO,AA,, PRODUSS02,25415.19,P333,ES,PRODUSS01
AM00125,R1,VB11777,A1,BUCA513,PRINTPACK VR2(CONSGT-AMSC)GMI,02/04/2020,17304.04,N,BP,"PPK VR2 Consignment Storage Allowance - Jan 2020
CWS, VA and MTF
Total lbs: 1,730,404.37 lb. 
Credit: $0.01/lb. 
Total credit: $17,304.04",1730404.37,*,02/07/2020,17304.04,AMSC,SN,Jan 2020 consignment rebate,CFMS,CWS,, PRINTVR25,4747.5,P043,RS,PRINTVR24
AM00126,T1,VB11933,A1,BV1A047,"POLY PRINT,INC.",02/04/2020,1062.36,Y,BP,Pallet S000092718 refused due to damage. See pictures attached. Film returned by ODF back to Gray Court plant,889,*,02/13/2020,1062.35,AMSC,SN,pallet returned to plant,CFDH,SP,, POLYPTU05,7652.78,P038,RS,POLYPTU05
AM00127,P1,UBA0524,A1,BU9A592,"APPLE CONVERTING, INC.",02/04/2020,5947,N,BP,"small blotches preventing ink adhesion
6 rolls with defect. Video already reviewed by Tao rolls with suspected defects given to customer",4750,*,04/07/2020,5947,AMJK,DB,ink adhesion defect,CFGF,TL,, APPLEON01,44702.66,A013,RS,APPLEON01
AM00129,P1,VB12182,A1,BUCA331,C-P FLEXIBLE PACKAGING,02/04/2020,379.1,N,BP,wrinkles roll #9121402377,425,*,02/21/2020,379.1,AMJK,MR,#009-20 wrinkles,CFLD,VA,, CPFLEYO02,8328.87,C047,RS,CPFLEYO01
AM00130,R1,UB30662,A1,BU1A940,TRANSCENDIA,02/04/2020,43780.32,N,BP,"March: Total lbs:720,671.93 lbs
           Rebate: $0.06/lb
           Total amount: $43,780.32

",720671.93,*,02/12/2020,43780.32,AMJK,PV,Rebate March/April/ Annual,CFJM,AF,, TRANSCA08 TRANSFP02 TRANSRC02,19220.12,T025,RS,TRANSFP02
AM00130,R1,UB41320,A1,BU3A274,TRANSCENDIA,02/04/2020,48599.07,N,BP,"April: Total lbs: 809,984.49 lb. 
        Rebate: $0.06/lb. 
        Total amount: $48,599.07",809984.49,*,02/12/2020,48599.07,AMJK,PV,Rebate March/April/ Annual,CFJM,BA,, TRANSCA08 TRANSFP02 TRANSRC02,44311.04,T025,RS,TRANSCA08
AM00130,R1,UBB1253,A1,BUAA950,TRANSCENDIA,02/04/2020,816736.5,N,BP,"Annual: Total lbs: 10,209,206.25 lb. 
            Rebate: $0.08/lb. 
            Total amount: $816,736.50

",10209206.25,*,02/12/2020,816736.5,AMJK,PV,Rebate March/April/ Annual,CFJM,BA,, TRANSCA08 TRANSFP02 TRANSRC02,22251.92,T025,RS,TRANSRC02
AM00131,M4,UWA1331,A2,WUAA311,PREFERRED PLASTICS AND PACKAGING,02/04/2020,247.16,N,SW,DISCOUNT TO KEEP MATERIAL,0,*,02/12/2020,247.16,AMJK,CS,CREDIT ,SWKC,,, PREFEMO01,20316.6,P290,RS,PREFELY01
AM00132,M5,UWA0404,A1,WU9A984,CARPENTER PAPER,02/05/2020,108.74,N,SW,SAMPLE - 2 RL,113.28,*,02/07/2020,108.74,AMJK,CY,CREDIT SAMPLE,SWJD,EHB,, CARPEOM01,9182.6,C273,RS,CARPEBE01
AM00133,P1,VB11026,A1,BUBB024,GEN PAK,02/05/2020,1872.34,N,BP,VA30. AMJK. Baggy edge caused creases.,2021.97,*,03/12/2020,1872.34,AMJK,CD,#2001 baggy,CFRO,VA,, GENPAAU01,14947.54,P177,RS,CPFLEAU01
AM00134,P1,UB91666,A1,BU6A696,GEN PAK,02/05/2020,418.1,N,BP,HD18. AMJK. Creasing on the roll caused printing defects.,332.88,*,02/21/2020,418.1,AMJK,SE,#1953 creasing,CFRO,HD,, GENPAAU01,3934.24,P177,RS,CPFLEAU01
AM00135,DE,VB10952,A1,BV1A432,PRINTPACK METALLIZING - FRITO,02/05/2020,2662.62,N,BP,"NWF18 material used for Stripe in January= 15,215  lbs
Need to issue a debit for the price  difference between $1.565/lb and $1.74/lb = $0.175/lb",15215,*,02/07/2020,2662.63,AMSC,DB,NWF18 striped January 2020,CFMS,NWF,, PRINTVR39,11025.43,P043,RS,PRINTVR39
AM00136,M0,VW11246,A1,WV1A821,"CUSTOM PRINTING CONCEPTS, INC.",02/06/2020,0,Y,SW,SWAP 6 PALLETS WITH PREMIERE ORDER WV1A254 ,0,*,03/03/2020,0,AMAZ,CSM,"PAPERWORK FOR MATERIAL SWAP ONLY, NO CREDIT ",SWMZ,EHB,, SAFEWAU01,12978.2,C634,RS,CUSTOCH08
AM00137,P1,UBB0036,A1,BUAA449,PRIME PACKAGING,02/06/2020,1163.29,N,BP,TL18. AMJK. Rolls caused the samples to wrinkle up.,985,*,03/03/2020,1163.29,AMJK,CD,wrinkles,CFRH,TL,, PRIMEWD01,4492.52,P617,RS,PRIMEWD01
AM00138,S2,VB20178,A1,BV1A805,PPC FLEXIBLE PACKAGING,02/06/2020,1398.12,Y,BP,"Customer was invoiced for unshipped pallet.
Pallet# 0004203510",1464,*,02/10/2020,1398.12,AMJK,PV,pallet not shipped,CFRH,TT,, PPCFLPA01,33697.19,P027,RS,PPCFLPA01
AM00139,P1,UBA0108,A1,BU9A101,"ADAW, LLC.  DBA ADLAM FILMS LLC",02/07/2020,6356.48,N,BP,Rejecting print materials from end user Caroline Foods for seal issues. See call report from Jim Murphy for detailed explanation on seal and cutting problems with running film from this PO. Other lots of CL35 were fine.,6112,*,03/03/2020,6356.48,AMJK,LA,#23221490/91/92/93 seal issues,CFJL,CL,, ADAWLSH01,6356.48,A834,RS,ADAWLSH02
AM00139,P1,UBA0109,A1,BU9A462,"ADAW, LLC.  DBA ADLAM FILMS LLC",02/07/2020,3668.32,N,BP,sealing issues (invoice UBA0109 used for credit purposes only),0,*,03/03/2020,3668.32,AMJK,LA,#23221490/91/92/93 seal issues,CFJL,,, ADAWLSH01,14523.29,A834,RS,ADAWLSH02
AM00140,M2,VB10719,A1,BU9A655,GEN PAK,02/07/2020,32.84,N,BP,Price billed was incorrect.  January price is $1.216,801,*,02/13/2020,32.84,AMJK,CD,price,CFRO,HD,, GENPAAU01,1137.75,P177,RS,CPFLEAU01
AM00141,DE,VW20120,A1,WV1A889,PAK WEST PAPER & PACKAGING,02/07/2020,100,N,SW,RE-CONSIGNMENT FEE TO CHANGE SHIPPING ADDRESS,0,*,02/12/2020,100,AMJK,JZU,DEBIT $100 FOR CHANGING SHIPPING ADDRESS,SWDP,,, PPGCACA01,6344,P742,RS,PAKWESA01
AM00142,M3,VW20154,A1,WU7A246,INTEPLAST GROUP CORPORATION (AMTOPP),02/07/2020,459.76,N,SW,PRICE DISCOUNT FOR AGED INVENTORY,0,*,02/12/2020,459.76,AMJK,JAH,CREDIT ,8SW,EPB,, AMTOPLO07,9097.2,A005,RS,AMTOPLO04
AM00143,P1,VB12287,A1,BV1A976,PRINTPACK INC (METALLIZING),02/10/2020,94.37,N,BP,"AMSC - NWP18, 107 LBS WASTE",107,*,02/19/2020,94.37,AMSC,DB,#33-50882,CFMS,NWP,, PRINTVR11,3049.07,P043,RS,PRINTVR14
AM00144,R1,UBC1944,A1,BUBA538,C-P FLEXIBLE PACKAGING,02/10/2020,138801.94,N,BP,"CP Flexible Rebate - 2019
Total lbs: 3,974,829 lb.
Rate: various
VA/BA volume after 7.3 MM lbs
Total Rebate: $138,801.94",3974829,*,02/13/2020,138801.94,AMJK,MR,Rebate 2019,CFLD,VA,, CPFLEYO02,19469.87,C047,RS,CPFLEYO01
AM00145,M1,VW11236,A1,WV1A871,ERNEST PACKAGING SOLUTIONS,02/10/2020,0,Y,SW,KEY IN ERROR - ENTERED EHB080; INSTEAD OF EHB090 - DIVERT TO DAHL,0,*,03/03/2020,0,AMJK,EV,PAPERWORK FOR DIVERT ONLY - REF TO NEW # WV2B017,SWTM,EHB,, ERNESBO01,13155.2,E386,RS,ERNESBO01
AM00147,P1,VB11715,A1,BUBA300,CAPRI PACKAGING. TC TRANSCONTINENTAL,02/10/2020,518.62,Y,BP,CONTAMINATED PALLET FROM MOLD ,588,*,03/12/2020,518.61,AMJK,DB,#20-18 returned pallet ,CFGF,VA,, CAPRICL04,5583.94,T685,RS,CAPRICL05
AM00148,T1,VW20112,A1,WV1A359,CROWN PACKAGING CORP.,02/10/2020,109.06,N,SW,DAMAGED IN TRANSIT - 3 RL,110.17,*,02/20/2020,109.06,AMJK,MN,"FEDEX, SCRAP IN FIELD 3 RL",SWMN,ELB,, CROWNOL01,13760.56,C150,RS,CROWNCH02
AM00149,M4,UW50022,A1,WU4A775,ERNEST PACKAGING,02/11/2020,500,N,SW,2020 Phoenix Open House,0,*,02/12/2020,500,AMJK,CMB,"2020 Phoenix Open House	",SWDL,,, ERNESMO01,12044,E386,RS,ERNESMO01
AM00150,M6,VW20062,A1,WV1A619,SIGMA SUPPLY (RED SHEET),02/11/2020,300.16,N,SW,LATE SPR - $300.16,7490,*,02/20/2020,300.16,AMJK,CY,CREDIT PRICE DISCREPANCY ,SWPB,HLP,, SIGMAHO03,33005.68,S171,RS,SIGMAHS09
AM00151,M0,UW51311,A1,WU5A828,KROGER - PEYTON'S MID SOUTH,02/11/2020,832,N,SW,PRICE DISPUTE - $832.00,0,D,02/20/2020,0,AMJK,JAH,DENY,SWSP,HLP,, PEYTOPO01,32198.4,K024,RS,KROGENA19
AM00152,M4,VW10766,A1,WV1A552,TECHNISOURCE SERVICES GROUP,02/12/2020,339.84,N,SW,PICK-UP ALLOWANCE - T/L PRICE -$0.03/LB,0,*,02/20/2020,339.6,AMJK,SV,CREDIT ,SWSP,EHB,, WALMATE04,5029.63,T392,RS,TECHNBR08
AM00153,M7,UWA0603,A2,WUAA317,MID VALLEY PACKAGING & SUPPLY CO.,02/12/2020,931.84,Y,SW,SPLITTING - ADDING TO AM91357,896,*,02/20/2020,931.84,AMJK,CSM,RTN 28 RLS SCRAPPED,SWMD,ETG,, MIDVAFO01,15974.4,M676,RS,MIDVAFO01
AM00154,P1,VB11008,A1,BUBA608,TRANSCENDIA,02/12/2020,2034.84,N,BP,"2 rolls of 63"" 48ga SP12 have creases and cannot be used (1 roll was consumed with an off-cut of 420 Lbs )  ",1860,*,03/26/2020,2034.84,AMSC,PV,#02E3E4 creases,CFJM,SP,, TRANSFP02,3147.44,T025,RS,TRANSFP02
AM00155,P1,UBC1010,A1,BUBA854,ADVANCED WEB TECHNOLOGIES ILLINOIS INC,02/13/2020,4538.07,N,BP,"VA25 - too brittle and breaking during AWT's customers process. All converted to 5.25"" finished rolls. Sample roll defect being sent to plant. 
pallet 7001054379/7001054388 and roll #9121500805",4664,*,03/26/2020,4538.07,AMJK,GO,#S20-004 web breaks at customer,CFBL,VA,, AWTLALO01,36999.3,A940,RS,ADVANSE01
AM00156,P1,VB20510,A1,BUCA331,C-P FLEXIBLE PACKAGING,02/13/2020,1935.64,N,BP,"VA18 - BAGGY FILM 
ROLL #0011400162/0011400154",2170,*,03/12/2020,1935.64,AMJK,MR,#010-20 baggy,CFLD,VA,, CPFLEYO02,8517.42,C047,RS,CPFLEYO01
AM00157,P1,UBB1267,A1,BUAA316,KENDALL PACKAGING CORP,02/14/2020,263.5,N,BP,VA18-AMJK- BAGGY EDGE ROLL #9101102498 24 LBS WASTE + 151 LBS REJECTED + 20 MINUTES DOWNTIME,175,*,03/12/2020,263.5,AMJK,MR,#202000054 baggy,CFBL,VA,, KENDAJE01,2682.76,K005,RS,KENDAME01
AM00158,P1,UB81195,A1,BU7A997,INTERTAPE POLYMER CORP,02/14/2020,363.84,N,BP,Roll # 0004155636 (9081400678) was partial rejected due to baggy edge.  Customer is seeking credit and disposition the rejected film,379,*,03/12/2020,363.84,AMJK,LA,#20CI042 baggy,HQLA,,, IPGCOHE01,37808.64,I121,RS,INTERCA07
AM00159,M4,VB20704,A1,BUCA904,"POLY PRINT,INC.",02/14/2020,30619.65,Y,BP,amjk- customer requested 4 rolls per pallet double stacked; returning to repack. We agreed to change packaging to 4 rolls instead of 8 rolls but this order already shipped. Customer refused.,35195,*,02/26/2020,30619.65,AMJK,SN,returned to repack,CFDH,BA,, POLYPTU05,30619.65,P038,RS,POLYPTU05
AM00160,M4,UB30235,A1,BU3A087,BRYCE CORPORATION,02/14/2020,55167.94,N,BP,KWM25/ KM25 Return Scrap/ downtime. ,0,*,02/19/2020,55167.94,AMJK,YM,KWM/KM downtime/scrap,CFJL,KWM,, BRYCEME11,68395.52,B102,RS,BRYCEME04
AM00161,P1,UBC0443,A1,BU8A922,PRINT PACK,02/17/2020,1137.76,N,BP,amsc- baggy edge - rolls scrapped,1094,*,03/09/2020,1137.76,AMSC,SN,#13-5091 baggy,CFMS,BRT,, PRINTEL02,5738.32,P043,RS,PRINTEL02
AM00162,P1,UBC0442,A1,BUAA067,PRINT PACK,02/17/2020,0,N,BP,"AMSC- brt15- label shows 4606 but really is 5404
new labels sent and customer will keep roll",1524,*,03/04/2020,0,AMSC,SN,#13-5099 label wrong,CFMS,BRT,, PRINTEL02,6299.23,P043,RS,PRINTEL02
AM00163,P1,VB11560,A1,BUBA155,PRINTPACK,02/17/2020,1269.43,N,BP,amjk- tl18- roll rejected due to damage and contamination,1306,*,05/27/2020,1269.43,AMJK,SN,17-2012,CFMS,TL,, PRINTRH04,1386.8,P043,RS,PRINTRH04
AM00164,P1,VB11203,A1,BUCA063,PRINTPACK,02/17/2020,2102.52,N,BP,amjk- va25- baggy lane causing wrinkles ,989,*,03/12/2020,2102.52,AMJK,SN,#20-3947 baggy,CFMS,,, PRINTPV01,17186.56,P043,RS,PRINTPV02
AM00165,P1,VB11961,A1,BUBB034,PRINT PACK,02/17/2020,4712,Y,BP,AMSC- brt15-baggy film- down time $2125,4750,*,03/04/2020,4712,AMSC,SN,#13-5105 baggy,CFMS,BRT,, PRINTEL02,33252.83,P043,RS,PRINTEL02
AM00165,P1,VB11961,A2,BUBB034,PRINT PACK,02/17/2020,2573.38,N,BP,baggy - waste 452 lbs + lost time,0,*,03/04/2020,2573.38,AMSC,SN,#13-5105 baggy,CFMS,BRT,, PRINTEL02,33252.83,P043,RS,PRINTEL02
AM00165,P1,VB11962,A1,BV1A235,PRINT PACK,03/02/2020,798.56,Y,BP,baggy - returned S000092617,805,*,03/04/2020,798.56,AMSC,SN,#13-5105 baggy,CFMS,BRT,, PRINTEL02,5546.27,P043,RS,PRINTEL02
AM00166,P1,VB10637,A1,BUBA560,PRINTPACK VR2(CONSGT-AMSC)GMI,02/17/2020,669.75,N,BP,"amsc- cws15- splicing error- down time $450 (Business Decision)
S000089147",97,*,03/12/2020,669.75,AMSC,SN,#22-207690 web break,CFMS,CWS,, PRINTVR25,14292,P043,RS,PRINTVR24
AM00167,P1,VB10161,A1,BUBA560,PRINTPACK VR2(CONSGT-AMSC)GMI,02/17/2020,1269.58,N,BP,amsc- cws15- web break- down time added $ 450 (Business decision),398,*,03/12/2020,1269.58,AMSC,SN,#22-207686 web break,CFMS,CWS,, PRINTVR25,4683,P043,RS,PRINTVR24
AM00168,P1,VB10643,A1,BUBB004,PRINTPACK VR2(CONSGT-AMSC)GMI,02/17/2020,4486.5,Y,BP,"amsc- cws15- roll shifted on core- down time $937.50
roll being returned on next truck returning racks. ",2991,*,03/26/2020,4486.5,AMSC,SN,#22-207691 roll shifted,CFMS,CWS,, PRINTVR25,9613.5,P043,RS,PRINTVR24
AM00168,P1,VB10643,A2,BUBB004,PRINTPACK VR2(CONSGT-AMSC)GMI,02/17/2020,937.5,N,BP,Roll shifted downtime,0,*,03/26/2020,937.5,AMSC,SN,#22-207691 roll shifted,CFMS,,, PRINTVR25,9613.5,P043,RS,PRINTVR24
AM00169,P1,UBB1434,A1,BUAA737,PRINTPACK VR2(CONSGT-AMJK)GMI,02/17/2020,1497.16,N,BP,amsc- va15- web break- down time $450 (business decision),144,*,03/12/2020,1497.16,AMSC,SN,#22-207689 web break,CFMS,VA,, PRINTVR23,4216.61,P043,RS,PRINTVR22
AM00170,P1,UBB0912,A1,BUAA243,KENDALL PACKAGING CORP,02/17/2020,168.96,N,BP,hard wrinkles 84 lbs + 1 hr downtime roll #9101102491,84,*,03/12/2020,168.96,AMJK,MR,#202000055 wrinkles,CFBL,VA,, KENDAJE01,8254.14,K005,RS,KENDAME01
AM00171,P5,VB10302,A1,BUBA990,SPEAR DBA MULTI COLOR,02/17/2020,490.8,N,BP,"Baggy edge 
Product lot/ID: not available-no core tag.
Total Downtime: .50",0,*,03/12/2020,490.51,AMJK,KS,#502 baggy edge,CFLD,TL,, SPEARFU01,37383.58,S699,RS,SPEARFU01
AM00172,M5,UW30995,A1,WU3A609,GEN PAC,02/17/2020,211.68,N,SW,SAMPLE - 6 ROLLS FOR TESTING ,216,*,02/20/2020,211.68,AMJK,EV,CREDIT SAMPLE,SWPD,EPB,, GENPAJA02,32607.84,G197,RS,GENPATU02
AM00173,M3,VB11925,A2,BV1A437,INTERSTATE PACKAGING,02/17/2020,831.27,N,BP,Price should have been $1.01.,0,*,02/26/2020,831.28,AMJK,AM,price,CFJM,CL,, INTERWB02,16379.22,I014,RS,INTERWB01
AM00174,M6,UWC0912,A1,WUCA513,CROWN PACKAGING CORP.,02/17/2020,299.97,N,SW,DID NOT SUBMIT SPR - $26.21/ROLL,0,*,02/20/2020,299.97,AMJK,MN,CREDIT ,SWJD,EHL,, PDSEA01,8166,C150,RS,CROWNCH02
AM00175,P1,UBC1705,A1,BUCA178,OVERWRAPS,02/17/2020,418.2,N,BP,"Baggy film								
Vendor Roll #: 9121200957--R3027771		155 lbs.
Vendor Roll #: 9121200963--R3027767		355 lbs.",510,*,03/12/2020,418.2,AMJK,GO,AMTOPP36 baggy,CFDP,BA,, OVERWDA01,4957.28,O006,RS,OVERWDA01
AM00176,P1,UWC1054,A1,WUCA231,WESTERN PLASTICS- CANADA,02/18/2020,4372.48,Y,SW,"LOW CLING - 256 CS
SAMPLE INVALID, 2/28, 3/5 SWKC",0,D,03/07/2020,0,AMJK,MN,"SAMPLE INVALID, DENY",SWKC,HLP,, NATIORI03,24033.36,W120,RS,WESTEMI01
AM00177,M0,VW10377,A1,WUCA907,SYSCO FOODS,02/19/2020,2137.76,N,SW,UNPAID TAX AMOUNT $2137.76,0,D,02/20/2020,0,AMJK,JZU,"DENY, PLEASE COLLECT",SWSP,,, SYSCOCP11,29721.68,SW09,RS,SYSCOCP11
AM00178,P1,VB20962,A1,BUBA445,C-P FLEXIBLE PACKAGING,02/19/2020,887.52,N,BP,AMHK- baggy film roll #9121401942,1012,*,03/12/2020,887.52,AMJK,MR,#016-20 baggy,CFLD,VA,, CPFLEYO02,887.52,C047,RS,CPFLEYO01
AM00179,P1,VB20457,A1,BUCA874,C-P FLEXIBLE PACKAGING,02/19/2020,752.47,N,BP,"AMJK- roll popping during production - roll #0011300489
web breaks in middle of roll caused by blocking. CP tried twice to run this film but couldnt",858,*,03/24/2020,752.47,AMJK,MR,#90703 blocking,CFLD,VS,, CPFLEBR01,3754.12,C047,RS,CPFLEYO01
AM00180,P1,VB10735,A1,BUCA331,C-P FLEXIBLE PACKAGING,02/19/2020,695.76,N,BP,AMJK baggy 780 lbs rol #0011400016,780,*,03/12/2020,695.76,AMJK,MR,#005-20 baggy,CFLD,VA,, CPFLEYO02,2677.49,C047,RS,CPFLEYO01
AM00180,P1,VB20511,A1,BUCA743,C-P FLEXIBLE PACKAGING,02/19/2020,960.32,N,BP,AMJK baggy - roll #0011400074 (invoice $960.32),1095,*,03/12/2020,960.32,AMJK,MR,#005-20 baggy,CFLD,VA,, CPFLEYO02,960.32,C047,RS,CPFLEYO01
AM00181,P1,VB10713,A1,BV1A176,PROAMPAC,02/19/2020,1820.69,N,BP,"AMJK - baggy (pallet 0004194428) / wound too loose and slipping off core (pallet 0004182969)
pictures attached.",0,*,04/20/2020,1820.69,AMJK,DB,V-015-20   baggy scrap,CFBL,TT,, PROLANE04,10741.88,P958,RS,PROAMWR01
AM00182,P1,UWB0011,A3,WUAA499,SUNRISE MANUFACTURING,02/20/2020,109.28,N,SW,NO CLING - 2 RL SAMPLE FOR TESTING,111.52,*,02/21/2020,109.28,AMAZ,EV,CREDIT,SWMD,ELB,, SUNRIRC01,21856,S642,RS,SUNRIRC01
AM00183,M7,UWA0603,A3,WUAA317,MID VALLEY PACKAGING & SUPPLY CO.,02/20/2020,33.28,N,SW,SPLITTING - 1 RLS FOR SAMPLE TESTING ,32,*,02/21/2020,33.28,AMJK,CSM,CREDIT ,SWMD,ETG,, MIDVAFO01,15974.4,M676,RS,MIDVAFO01
AM00184,S1,VW20548,A1,WV2A013,ORORA NORTH AMERICA,02/20/2020,1342.08,Y,SW,"SHIPPING LOADING ERROR - 1 PALLET BILLED, BUT DIDN'T GO",0,*,03/03/2020,1342.08,AMJK,JZU,RTN 64 CS BACK TO FG,SWDP,HCB,, RITEAWO01,30867.84,K103,RS,KENTHTE04
AM00185,M1,VB12286,A1,BV1A925,AMPAC. A DIVISON OF PROAMPAC,02/20/2020,8626.14,Y,BP,"All TX orders going to Ampac Terrebonne should have CAD going forward, the exception is HD30 which should be billed in USD.
$8626.14 CAD credit needed. Will be rebilled in USD",5638,*,02/28/2020,8626.14,AMJK,DB,Billed in wrong currency,CFBL,HD,, AMPACTE02,6541.21,PB46,RS,AMPACTE02
AM00186,P1,VB20780,A1,BV1A869,PRINTPACK INC (METALLIZING),02/24/2020,791.98,N,BP,"web break due to splicing error 18 lbs
AMSC - NWP18, $337.50 total lost time",18,*,03/12/2020,791.98,AMSC,DB,333-305893 web break,CFMS,NWP,, PRINTVR11,14498.32,P043,RS,PRINTVR14
AM00187,P1,VB20228,A1,BUCA853,PRINTPACK INC (METALLIZING),02/24/2020,4303.41,N,BP,"poor appearance and spots in film - 
AMSC - NWP18, 2,010 lbs of finished waste - business decision",2010,*,03/12/2020,4303.41,AMSC,DB,#33-50892 poor appearance,CFMS,NWP,, PRINTVR21,10474.45,P043,RS,PRINTVR21
AM00188,M5,UBA1674,A1,BUAA141,"BEMIS COMPANY,INC",02/24/2020,300,N,BP,"Customer was charged a $600 fee for MOQ orders, however; they should have only ben charged $300 since only 2 items were for under 2000 lbs. 

Items 4-5 shipped under 2000 lbs. $150x2= $300",0,*,02/26/2020,300,AMJK,GO,credit for MOQ charge,CFBL,BFP,, BEMISOS17,15225.39,C035,RS,BEMISNE01
AM00189,M0,VW10096,A1,WUCA909,SYSCO NEW MEXICO,02/24/2020,1640.99,N,SW,UNPAID TAX TOTAL  $1640.99,0,D,02/26/2020,0,AMJK,JZU,"DENY, PLEASE COLLECT",SWSP,,, SYSCOAL06,22476.35,SW82,RS,SYSCOAL06
AM00190,M0,VW10293,A1,WV1A127,SYSCO ARIZONA DIVISION OF SYSCO USA 1060,02/24/2020,1710.51,N,SW,UNPAID TAX TOTAL $1710.51,0,D,02/26/2020,0,AMAZ,JZU,"DENY, PLEASE COLLECT",SWSP,,, SYSCOTO08,21148.11,SW10,RS,SYSCOTO08
AM00191,M0,VW10369,A1,WUCA759,SYSCO FOODS OF CENTRAL FL,02/24/2020,1551.59,N,SW,UNPAID TAX TOTAL -  $1551.59,0,D,02/26/2020,0,AMJK,JAH,"DENY, PLEASE COLLECT",SWSP,,, SYSCOOC03,25422.29,SW14,RS,SYSCOOC03
AM00192,M0,VW10387,A1,WUCA927,"SYSCO EASTERN WISCONSIN, LLC 1175",02/24/2020,116.9,N,SW,UNPAID TAX TOTAL $116.90,0,D,02/26/2020,0,AMJK,JZU,"DENY, PLEASE COLLECT",SWSP,,, SYSCOJA17,2204.3,SW38,RS,SYSCOJA17
AM00193,M3,VB21093,A1,BV1A272,KENDALL PACKAGING CORP,02/24/2020,135.06,N,BP,Order was invoiced at 1.705 when it should have been priced at 1.695 since it shipped out in February. ,13506,*,02/28/2020,135.06,AMJK,MR,price,CFBL,VAB,, KENDAPI01,23027.73,K005,RS,KENDAME01
AM00194,P1,VB12094,A1,BV1A565,GARLOCK PRINTING & CONVERTING CORP,02/24/2020,968.47,N,BP,AMJK- wrinkles BFP25 1017 lbs,1017,*,03/12/2020,968.47,AMJK,AM,#202000091 wrinkles,CFDH,BFP,, GARLORE01,4507.72,G002,RS,GARLOGA01
AM00195,P1,VB21405,A1,BUCA396,C-P FLEXIBLE PACKAGING,02/25/2020,765.34,N,BP,"VA18 contamination in roll
sample to be sent to plant",858,*,03/12/2020,765.34,AMJK,MR,#017-20 contamination ,CFLD,VA,, CPFLEYO02,3027.41,C047,RS,CPFLEYO01
AM00196,M4,UWC1049,A1,WUCA114,MCA MEXICO S.A. DE C.V.,02/25/2020,500,N,SW,2020 MEXICO PACK EXPO,0,*,02/26/2020,500,AMAZ,SV,"2020 MEXICO PACK EXPO	",SWPE,,, MCAMELA03,34678,C876,RS,MCAMEAP01
AM00197,T1,VB21253,A1,BV2A016,HOOD PACKAGING CORPORATION - TIFTON,02/25/2020,970.84,N,BP,"pallet damaged in transit and refused -also strong chemical oder
Spoke with Mark Herrick at SAIA and he will return to Lolita free astray. Pallet was scrapped at plant. They could not salvage it upon return. Credit without putting into system per plant.",877,*,03/03/2020,970.84,AMJK,AM,damaged in transit,CFGF,VS,, HOODPTI01,1120.84,H323,RS,HOODPTI01
AM00198,R1,UDA0095,A1,DU8A024,WOODSTREAM CORP.,02/25/2020,0,N,CT,2019 REBATE - DID NOT QUALIFY,0,*,02/26/2020,0,AMJK,BO,"2019 REBATE - DID NOT QUALIFY SHIPMENT 747051 LBS	",KH,,, WOODSKN01,36120,S01B,RS,SYSCOED0A
AM00199,P1,UWC1082,A1,WUCA754,"CONTINENTAL CARTON & PACKAGING, INC.",02/26/2020,505.26,N,SW,STATIC SHOCK - 126 RL,372,D,04/07/2020,0,AMJK,CSM,"DENY, INVALID AFTER TESTING",SWMZ,PSB,6252, CONTIMC02,6260.08,C785,RS,CONTIMC02
AM00200,P1,UBA0030,A1,BU8A995,"GRAFO REGIA, S. DE R.L DE C.V.",02/26/2020,780.93,N,BP,"Floppy edge - roll #9091300738

************CORRECTIVE ACTION REPORT REQUIRED***************",0,*,03/12/2020,780.94,AMJK,PV,#202004 Orilla CAIDA floppy edge,AMCP,TL,, GRAFOLA07,15144.48,G089,ES,GRAFOMO03
AM00201,P1,UBA0030,A2,BU8A995,"GRAFO REGIA, S. DE R.L DE C.V.",02/26/2020,780.7,N,BP,"WRONG GAUGE

************CORRECTIVE ACTION REPORT NEEDED*****************",0,*,03/12/2020,780.73,AMJK,PV,#202005 MICRAJE,AMCP,TL,, GRAFOLA07,15144.48,G089,ES,GRAFOMO03
AM00202,P1,VB10852,A1,BUBA754,PRINTPACK,02/26/2020,1007.76,N,BP,"AMJK  AA30 crushed core, cannot get shaft into core.",1105,*,03/12/2020,1007.76,AMJK,SN,#20-3944 crushed core,CFMS,AA,, PRINTPV01,4052.93,P043,RS,PRINTPV02
AM00203,P1,VB20164,A1,BUCA507,PRINTPACK VR2(CONSGT-AMSC)GMI,02/26/2020,5164.5,Y,BP,"amsc- cws15- damaged core
business decision",3443,*,03/12/2020,5164.5,AMSC,SN,#22-207725 core damage,CFMS,CWS,, PRINTVR25,51805.5,P043,RS,PRINTVR24
AM00204,P1,VB20296,A1,BV1A033,PRINTPACK VR2(CONSGT-AMSC)GMI,02/26/2020,390.45,N,BP,"amsc- cws15- trash in roll- down time added $156.25 
pallet #S000092952",232,*,03/26/2020,390.45,AMSC,SN,#22-207728 trash in film/ blocking,CFMS,CWS,, PRINTVR25,4474.5,P043,RS,PRINTVR24
AM00204,P1,VB20371,A1,BV1A033,PRINTPACK VR2(CONSGT-AMSC)GMI,02/26/2020,390.45,N,BP,amsc- cws15- blocking- down time added $156.25,124,*,03/26/2020,390.45,AMSC,SN,#22-207728 trash in film/ blocking,CFMS,CWS,, PRINTVR25,4513.5,P043,RS,PRINTVR24
AM00205,P1,VB20249,A1,BV1A229,PRINT PACK,02/26/2020,969.04,N,BP,AMSC- SPLICING ERROR- DOWN TIME $850,120,*,03/12/2020,969.04,AMSC,SN,#13-5109 splice,CFMS,BRT,, PRINTEL02,15778.75,P043,RS,PRINTEL02
AM00206,P1,VB20073,A1,BUCA507,PRINTPACK VR2(CONSGT-AMSC)GMI,02/26/2020,1192,N,BP,amsc- cws15- scuffed edge - web break down time added $625 ,378,*,03/26/2020,1192,AMSC,SN,#22-207721 scuffed edges,CFMS,CWS,, PRINTVR25,58026,P043,RS,PRINTVR24
AM00207,P1,VB21052,A1,BV1A702,PRINTPACK,02/26/2020,0,N,BP,"amjk- va25- precautionary sqc - poor pallets, missing rail, crushed boards, boards wont support weight of rolls.  (example- 7001059990)",0,*,03/07/2020,0,AMJK,SN,3320-3948 poor packaging,CFMS,,, PRINTPV01,10482.78,P043,RS,PRINTPV02
AM00208,M4,SW91436,A2,WS9A087,APEX CONVERTING & PACKAGING***AMTOPP***,02/26/2020,240.16,N,SW,WRITE OFF USING REBATE,0,*,02/28/2020,240.16,AMJK,EV,2019 REBATE,SWEH,,, ABLETCL01 ACORNVA01 AMERIWC07 APEXCMA03 APEXPHU01 ATLANFH01 B2BINHA01 BCINDLY01 BELSOGB01 BENCHGA01 BLACKBP01 BOZZUCH01 CALIBRO01 CLARKAL01 COGENSA02 CONTIAD03 CONTISF01 CROWNCA03 EMASAPA01 FASTPJA01 FFDISNL01 HUGHELE01 IPSPACH01 KENTHMO05 LAKELPE01 MAINEPO01 MAYERSD02 MCLEOAG01 MEMCOFS02 MOUNTPO01 NATIOCA04 NEWAYPH03 NEWHASL02 NICHOBG01 NORTHBH01 PACKALA08 PAKSOLA02 PANGORI01 PAPERPO05 PIEDMCH07 PLASTWC04 PREFEMO01 PREMICE01 PREMIIN01 PREMITH01 PROFEBR05 QSPACSF01 RJPPAPA01 RONICRI01 RUSCONL02 SIGMAHS02 SOUTHCP01 SOUTHTU11 SOUTHWI26 STARPCO04 STRETCL03 STRETGR01 SUNPAPB01 SUPPLAT05 TAPEPWO02 TEAMEYO01 TEAMJOM01 VALLEEB01,35649.92,T376,RS,APEXCMA01
AM00208,M4,UF90582,A1,W9UA477,PREMIER PACKAGING INC,02/26/2020,133.2,N,SW,WRITE OFF USING REBATE,0,*,02/28/2020,133.2,PFCH,EV,2019 REBATE,SWKM,,, ABLETCL01 ACORNVA01 AMERIWC07 APEXCMA03 APEXPHU01 ATLANFH01 B2BINHA01 BCINDLY01 BELSOGB01 BENCHGA01 BLACKBP01 BOZZUCH01 CALIBRO01 CLARKAL01 COGENSA02 CONTIAD03 CONTISF01 CROWNCA03 EMASAPA01 FASTPJA01 FFDISNL01 HUGHELE01 IPSPACH01 KENTHMO05 LAKELPE01 MAINEPO01 MAYERSD02 MCLEOAG01 MEMCOFS02 MOUNTPO01 NATIOCA04 NEWAYPH03 NEWHASL02 NICHOBG01 NORTHBH01 PACKALA08 PAKSOLA02 PANGORI01 PAPERPO05 PIEDMCH07 PLASTWC04 PREFEMO01 PREMICE01 PREMIIN01 PREMITH01 PROFEBR05 QSPACSF01 RJPPAPA01 RONICRI01 RUSCONL02 SIGMAHS02 SOUTHCP01 SOUTHTU11 SOUTHWI26 STARPCO04 STRETCL03 STRETGR01 SUNPAPB01 SUPPLAT05 TAPEPWO02 TEAMEYO01 TEAMJOM01 VALLEEB01,19863.32,G01B,RS,GTFREHA0A
AM00208,M4,UFC0175,A1,WAUA430,PACKAGING PARTNERS LLC,02/26/2020,4776.96,N,SW,WRITE OFF USING REBATE,0,*,02/28/2020,4776.96,PFCH,SMT,2019 REBATE,SWJH,,, ABLETCL01 ACORNVA01 AMERIWC07 APEXCMA03 APEXPHU01 ATLANFH01 B2BINHA01 BCINDLY01 BELSOGB01 BENCHGA01 BLACKBP01 BOZZUCH01 CALIBRO01 CLARKAL01 COGENSA02 CONTIAD03 CONTISF01 CROWNCA03 EMASAPA01 FASTPJA01 FFDISNL01 HUGHELE01 IPSPACH01 KENTHMO05 LAKELPE01 MAINEPO01 MAYERSD02 MCLEOAG01 MEMCOFS02 MOUNTPO01 NATIOCA04 NEWAYPH03 NEWHASL02 NICHOBG01 NORTHBH01 PACKALA08 PAKSOLA02 PANGORI01 PAPERPO05 PIEDMCH07 PLASTWC04 PREFEMO01 PREMICE01 PREMIIN01 PREMITH01 PROFEBR05 QSPACSF01 RJPPAPA01 RONICRI01 RUSCONL02 SIGMAHS02 SOUTHCP01 SOUTHTU11 SOUTHWI26 STARPCO04 STRETCL03 STRETGR01 SUNPAPB01 SUPPLAT05 TAPEPWO02 TEAMEYO01 TEAMJOM01 VALLEEB01,4776.96,B03C,RS,BUNZLED0C
AM00208,M4,UW90177,A2,WU8A320,CONTINENTAL WESTERN,02/26/2020,272.72,N,SW,WRITE OFF USING REBATE,0,*,02/28/2020,272.72,AMJK,SV,2019 REBATE,SWMZ,,, ABLETCL01 ACORNVA01 AMERIWC07 APEXCMA03 APEXPHU01 ATLANFH01 B2BINHA01 BCINDLY01 BELSOGB01 BENCHGA01 BLACKBP01 BOZZUCH01 CALIBRO01 CLARKAL01 COGENSA02 CONTIAD03 CONTISF01 CROWNCA03 EMASAPA01 FASTPJA01 FFDISNL01 HUGHELE01 IPSPACH01 KENTHMO05 LAKELPE01 MAINEPO01 MAYERSD02 MCLEOAG01 MEMCOFS02 MOUNTPO01 NATIOCA04 NEWAYPH03 NEWHASL02 NICHOBG01 NORTHBH01 PACKALA08 PAKSOLA02 PANGORI01 PAPERPO05 PIEDMCH07 PLASTWC04 PREFEMO01 PREMICE01 PREMIIN01 PREMITH01 PROFEBR05 QSPACSF01 RJPPAPA01 RONICRI01 RUSCONL02 SIGMAHS02 SOUTHCP01 SOUTHTU11 SOUTHWI26 STARPCO04 STRETCL03 STRETGR01 SUNPAPB01 SUPPLAT05 TAPEPWO02 TEAMEYO01 TEAMJOM01 VALLEEB01,7094.16,C490,RS,CONTIAD02
AM00208,M4,UWA0528,A1,WU9A629,SOUTHERNCARLSON (ACCOUNTS PAYABLE ),02/26/2020,85.01,N,SW,WRITE OFF USING REBATE,0,*,02/28/2020,85.01,AMAZ,CY,2019 REBATE,SWCK,,, ABLETCL01 ACORNVA01 AMERIWC07 APEXCMA03 APEXPHU01 ATLANFH01 B2BINHA01 BCINDLY01 BELSOGB01 BENCHGA01 BLACKBP01 BOZZUCH01 CALIBRO01 CLARKAL01 COGENSA02 CONTIAD03 CONTISF01 CROWNCA03 EMASAPA01 FASTPJA01 FFDISNL01 HUGHELE01 IPSPACH01 KENTHMO05 LAKELPE01 MAINEPO01 MAYERSD02 MCLEOAG01 MEMCOFS02 MOUNTPO01 NATIOCA04 NEWAYPH03 NEWHASL02 NICHOBG01 NORTHBH01 PACKALA08 PAKSOLA02 PANGORI01 PAPERPO05 PIEDMCH07 PLASTWC04 PREFEMO01 PREMICE01 PREMIIN01 PREMITH01 PROFEBR05 QSPACSF01 RJPPAPA01 RONICRI01 RUSCONL02 SIGMAHS02 SOUTHCP01 SOUTHTU11 SOUTHWI26 STARPCO04 STRETCL03 STRETGR01 SUNPAPB01 SUPPLAT05 TAPEPWO02 TEAMEYO01 TEAMJOM01 VALLEEB01,11341.6,C326,RS,SOUTHTU11
AM00208,M4,UWB0352,A2,WUBA111,PREFERRED PLASTICS AND PACKAGING,02/26/2020,1187.16,N,SW,WRITE OFF USING REBATE,0,*,02/28/2020,1187.16,AMJK,CS,2019 REBATE,SWKC,,, ABLETCL01 ACORNVA01 AMERIWC07 APEXCMA03 APEXPHU01 ATLANFH01 B2BINHA01 BCINDLY01 BELSOGB01 BENCHGA01 BLACKBP01 BOZZUCH01 CALIBRO01 CLARKAL01 COGENSA02 CONTIAD03 CONTISF01 CROWNCA03 EMASAPA01 FASTPJA01 FFDISNL01 HUGHELE01 IPSPACH01 KENTHMO05 LAKELPE01 MAINEPO01 MAYERSD02 MCLEOAG01 MEMCOFS02 MOUNTPO01 NATIOCA04 NEWAYPH03 NEWHASL02 NICHOBG01 NORTHBH01 PACKALA08 PAKSOLA02 PANGORI01 PAPERPO05 PIEDMCH07 PLASTWC04 PREFEMO01 PREMICE01 PREMIIN01 PREMITH01 PROFEBR05 QSPACSF01 RJPPAPA01 RONICRI01 RUSCONL02 SIGMAHS02 SOUTHCP01 SOUTHTU11 SOUTHWI26 STARPCO04 STRETCL03 STRETGR01 SUNPAPB01 SUPPLAT05 TAPEPWO02 TEAMEYO01 TEAMJOM01 VALLEEB01,6879,P290,RS,PREFELY01
AM00208,M4,UWC1044,A1,WUCA323,PREFERRED PLASTICS AND PACKAGING,02/26/2020,47.75,N,SW,WRITE OFF USING REBATE,0,*,02/28/2020,47.75,AMAZ,CS,2019 REBATE,SWKC,,, ABLETCL01 ACORNVA01 AMERIWC07 APEXCMA03 APEXPHU01 ATLANFH01 B2BINHA01 BCINDLY01 BELSOGB01 BENCHGA01 BLACKBP01 BOZZUCH01 CALIBRO01 CLARKAL01 COGENSA02 CONTIAD03 CONTISF01 CROWNCA03 EMASAPA01 FASTPJA01 FFDISNL01 HUGHELE01 IPSPACH01 KENTHMO05 LAKELPE01 MAINEPO01 MAYERSD02 MCLEOAG01 MEMCOFS02 MOUNTPO01 NATIOCA04 NEWAYPH03 NEWHASL02 NICHOBG01 NORTHBH01 PACKALA08 PAKSOLA02 PANGORI01 PAPERPO05 PIEDMCH07 PLASTWC04 PREFEMO01 PREMICE01 PREMIIN01 PREMITH01 PROFEBR05 QSPACSF01 RJPPAPA01 RONICRI01 RUSCONL02 SIGMAHS02 SOUTHCP01 SOUTHTU11 SOUTHWI26 STARPCO04 STRETCL03 STRETGR01 SUNPAPB01 SUPPLAT05 TAPEPWO02 TEAMEYO01 TEAMJOM01 VALLEEB01,2387.7,P290,RS,PREFELY01
AM00208,R1,UF10293,A1,W1UA214,STRETCH PAK,02/26/2020,6725.71,N,SW,2019 REBATE - 2% SHIPMENT 376576 LBS,0,*,02/28/2020,6725.71,PFCH,CS,2019 REBATE,SWLU,,, ABLETCL01 ACORNVA01 AMERIWC07 APEXCMA03 APEXPHU01 ATLANFH01 B2BINHA01 BCINDLY01 BELSOGB01 BENCHGA01 BLACKBP01 BOZZUCH01 CALIBRO01 CLARKAL01 COGENSA02 CONTIAD03 CONTISF01 CROWNCA03 EMASAPA01 FASTPJA01 FFDISNL01 HUGHELE01 IPSPACH01 KENTHMO05 LAKELPE01 MAINEPO01 MAYERSD02 MCLEOAG01 MEMCOFS02 MOUNTPO01 NATIOCA04 NEWAYPH03 NEWHASL02 NICHOBG01 NORTHBH01 PACKALA08 PAKSOLA02 PANGORI01 PAPERPO05 PIEDMCH07 PLASTWC04 PREFEMO01 PREMICE01 PREMIIN01 PREMITH01 PROFEBR05 QSPACSF01 RJPPAPA01 RONICRI01 RUSCONL02 SIGMAHS02 SOUTHCP01 SOUTHTU11 SOUTHWI26 STARPCO04 STRETCL03 STRETGR01 SUNPAPB01 SUPPLAT05 TAPEPWO02 TEAMEYO01 TEAMJOM01 VALLEEB01,25381.6,S05C,RS,SYSCOMO0F
AM00208,R1,UF10499,A1,W1UA265,B & C INDUSTRIES,02/26/2020,711.81,N,SW,2019 REBATE - 1%; SHIPMENT 74869 LBS,0,*,02/28/2020,711.81,PFCH,CS,2019 REBATE,SWAN,,, ABLETCL01 ACORNVA01 AMERIWC07 APEXCMA03 APEXPHU01 ATLANFH01 B2BINHA01 BCINDLY01 BELSOGB01 BENCHGA01 BLACKBP01 BOZZUCH01 CALIBRO01 CLARKAL01 COGENSA02 CONTIAD03 CONTISF01 CROWNCA03 EMASAPA01 FASTPJA01 FFDISNL01 HUGHELE01 IPSPACH01 KENTHMO05 LAKELPE01 MAINEPO01 MAYERSD02 MCLEOAG01 MEMCOFS02 MOUNTPO01 NATIOCA04 NEWAYPH03 NEWHASL02 NICHOBG01 NORTHBH01 PACKALA08 PAKSOLA02 PANGORI01 PAPERPO05 PIEDMCH07 PLASTWC04 PREFEMO01 PREMICE01 PREMIIN01 PREMITH01 PROFEBR05 QSPACSF01 RJPPAPA01 RONICRI01 RUSCONL02 SIGMAHS02 SOUTHCP01 SOUTHTU11 SOUTHWI26 STARPCO04 STRETCL03 STRETGR01 SUNPAPB01 SUPPLAT05 TAPEPWO02 TEAMEYO01 TEAMJOM01 VALLEEB01,6204.8,S05C,RS,SYSCOVI0C
AM00208,R1,UF10628,A1,W1UA546,STRETCH TAPE INC.,02/26/2020,0,N,SW,2019 REBATE - DID NOT MEET,0,*,02/28/2020,0,PFCH,CSM,2019 REBATE,SWMZ,,, ABLETCL01 ACORNVA01 AMERIWC07 APEXCMA03 APEXPHU01 ATLANFH01 B2BINHA01 BCINDLY01 BELSOGB01 BENCHGA01 BLACKBP01 BOZZUCH01 CALIBRO01 CLARKAL01 COGENSA02 CONTIAD03 CONTISF01 CROWNCA03 EMASAPA01 FASTPJA01 FFDISNL01 HUGHELE01 IPSPACH01 KENTHMO05 LAKELPE01 MAINEPO01 MAYERSD02 MCLEOAG01 MEMCOFS02 MOUNTPO01 NATIOCA04 NEWAYPH03 NEWHASL02 NICHOBG01 NORTHBH01 PACKALA08 PAKSOLA02 PANGORI01 PAPERPO05 PIEDMCH07 PLASTWC04 PREFEMO01 PREMICE01 PREMIIN01 PREMITH01 PROFEBR05 QSPACSF01 RJPPAPA01 RONICRI01 RUSCONL02 SIGMAHS02 SOUTHCP01 SOUTHTU11 SOUTHWI26 STARPCO04 STRETCL03 STRETGR01 SUNPAPB01 SUPPLAT05 TAPEPWO02 TEAMEYO01 TEAMJOM01 VALLEEB01,1775.04,U01H,RS,VERITSL0A
AM00208,R1,UF20317,A1,W2UA244,SUN PACKAGING TECHNOLOGIES,02/26/2020,0,N,SW,2019 REBATE - DID NOT MEET,0,*,02/28/2020,0,PFCH,EV,2019 REBATE,SWKM,,, ABLETCL01 ACORNVA01 AMERIWC07 APEXCMA03 APEXPHU01 ATLANFH01 B2BINHA01 BCINDLY01 BELSOGB01 BENCHGA01 BLACKBP01 BOZZUCH01 CALIBRO01 CLARKAL01 COGENSA02 CONTIAD03 CONTISF01 CROWNCA03 EMASAPA01 FASTPJA01 FFDISNL01 HUGHELE01 IPSPACH01 KENTHMO05 LAKELPE01 MAINEPO01 MAYERSD02 MCLEOAG01 MEMCOFS02 MOUNTPO01 NATIOCA04 NEWAYPH03 NEWHASL02 NICHOBG01 NORTHBH01 PACKALA08 PAKSOLA02 PANGORI01 PAPERPO05 PIEDMCH07 PLASTWC04 PREFEMO01 PREMICE01 PREMIIN01 PREMITH01 PROFEBR05 QSPACSF01 RJPPAPA01 RONICRI01 RUSCONL02 SIGMAHS02 SOUTHCP01 SOUTHTU11 SOUTHWI26 STARPCO04 STRETCL03 STRETGR01 SUNPAPB01 SUPPLAT05 TAPEPWO02 TEAMEYO01 TEAMJOM01 VALLEEB01,1497.2,A01C,RS,AGSUPVE0A
AM00208,R1,UF30228,A1,W3UA141,NORTH SHORE STRAPPING CO.,02/26/2020,0,N,SW,2019 REBATE - DID NOT MEET,0,*,02/28/2020,0,PFCH,CSM,2019 REBATE,SWMZ,,, ABLETCL01 ACORNVA01 AMERIWC07 APEXCMA03 APEXPHU01 ATLANFH01 B2BINHA01 BCINDLY01 BELSOGB01 BENCHGA01 BLACKBP01 BOZZUCH01 CALIBRO01 CLARKAL01 COGENSA02 CONTIAD03 CONTISF01 CROWNCA03 EMASAPA01 FASTPJA01 FFDISNL01 HUGHELE01 IPSPACH01 KENTHMO05 LAKELPE01 MAINEPO01 MAYERSD02 MCLEOAG01 MEMCOFS02 MOUNTPO01 NATIOCA04 NEWAYPH03 NEWHASL02 NICHOBG01 NORTHBH01 PACKALA08 PAKSOLA02 PANGORI01 PAPERPO05 PIEDMCH07 PLASTWC04 PREFEMO01 PREMICE01 PREMIIN01 PREMITH01 PROFEBR05 QSPACSF01 RJPPAPA01 RONICRI01 RUSCONL02 SIGMAHS02 SOUTHCP01 SOUTHTU11 SOUTHWI26 STARPCO04 STRETCL03 STRETGR01 SUNPAPB01 SUPPLAT05 TAPEPWO02 TEAMEYO01 TEAMJOM01 VALLEEB01,5712.66,W02F,RS,WOODWVI0A
AM00208,R1,UF40024,A1,W3UA533,MAINE SHIPPING AND PACKAGING,02/26/2020,5395.36,N,SW,2019 REBATE - 2% SHIPMENT 296754 LBS,0,*,02/28/2020,5395.36,PFCH,SMT,2019 REBATE,SWJH,,, ABLETCL01 ACORNVA01 AMERIWC07 APEXCMA03 APEXPHU01 ATLANFH01 B2BINHA01 BCINDLY01 BELSOGB01 BENCHGA01 BLACKBP01 BOZZUCH01 CALIBRO01 CLARKAL01 COGENSA02 CONTIAD03 CONTISF01 CROWNCA03 EMASAPA01 FASTPJA01 FFDISNL01 HUGHELE01 IPSPACH01 KENTHMO05 LAKELPE01 MAINEPO01 MAYERSD02 MCLEOAG01 MEMCOFS02 MOUNTPO01 NATIOCA04 NEWAYPH03 NEWHASL02 NICHOBG01 NORTHBH01 PACKALA08 PAKSOLA02 PANGORI01 PAPERPO05 PIEDMCH07 PLASTWC04 PREFEMO01 PREMICE01 PREMIIN01 PREMITH01 PROFEBR05 QSPACSF01 RJPPAPA01 RONICRI01 RUSCONL02 SIGMAHS02 SOUTHCP01 SOUTHTU11 SOUTHWI26 STARPCO04 STRETCL03 STRETGR01 SUNPAPB01 SUPPLAT05 TAPEPWO02 TEAMEYO01 TEAMJOM01 VALLEEB01,7449.56,W02D,RS,WINDSWI0B
AM00208,R1,UF40149,A1,W4UA145,HUGHES ENTERPRISES PACKAGING SYSTEMS,02/26/2020,3441.05,N,SW,"2019 REBATE - 2% SHIPMENT 204970 LBS
",0,*,02/28/2020,3441.05,PFCH,CS,2019 REBATE,SWLU,,, ABLETCL01 ACORNVA01 AMERIWC07 APEXCMA03 APEXPHU01 ATLANFH01 B2BINHA01 BCINDLY01 BELSOGB01 BENCHGA01 BLACKBP01 BOZZUCH01 CALIBRO01 CLARKAL01 COGENSA02 CONTIAD03 CONTISF01 CROWNCA03 EMASAPA01 FASTPJA01 FFDISNL01 HUGHELE01 IPSPACH01 KENTHMO05 LAKELPE01 MAINEPO01 MAYERSD02 MCLEOAG01 MEMCOFS02 MOUNTPO01 NATIOCA04 NEWAYPH03 NEWHASL02 NICHOBG01 NORTHBH01 PACKALA08 PAKSOLA02 PANGORI01 PAPERPO05 PIEDMCH07 PLASTWC04 PREFEMO01 PREMICE01 PREMIIN01 PREMITH01 PROFEBR05 QSPACSF01 RJPPAPA01 RONICRI01 RUSCONL02 SIGMAHS02 SOUTHCP01 SOUTHTU11 SOUTHWI26 STARPCO04 STRETCL03 STRETGR01 SUNPAPB01 SUPPLAT05 TAPEPWO02 TEAMEYO01 TEAMJOM01 VALLEEB01,6306,W01J,RS,WESTPCO0A
AM00208,R1,UF60256,A1,W6UA104,SOUTHERNCARLSON (ACCOUNTS PAYABLE ),02/26/2020,31122.94,N,SW,"2019 REBATE - 1%; SHIPMENT 3421776 LBS
",0,*,02/28/2020,31122.94,PFCH,CY,2019 REBATE,SWMN,,, ABLETCL01 ACORNVA01 AMERIWC07 APEXCMA03 APEXPHU01 ATLANFH01 B2BINHA01 BCINDLY01 BELSOGB01 BENCHGA01 BLACKBP01 BOZZUCH01 CALIBRO01 CLARKAL01 COGENSA02 CONTIAD03 CONTISF01 CROWNCA03 EMASAPA01 FASTPJA01 FFDISNL01 HUGHELE01 IPSPACH01 KENTHMO05 LAKELPE01 MAINEPO01 MAYERSD02 MCLEOAG01 MEMCOFS02 MOUNTPO01 NATIOCA04 NEWAYPH03 NEWHASL02 NICHOBG01 NORTHBH01 PACKALA08 PAKSOLA02 PANGORI01 PAPERPO05 PIEDMCH07 PLASTWC04 PREFEMO01 PREMICE01 PREMIIN01 PREMITH01 PROFEBR05 QSPACSF01 RJPPAPA01 RONICRI01 RUSCONL02 SIGMAHS02 SOUTHCP01 SOUTHTU11 SOUTHWI26 STARPCO04 STRETCL03 STRETGR01 SUNPAPB01 SUPPLAT05 TAPEPWO02 TEAMEYO01 TEAMJOM01 VALLEEB01,15276.94,S05C,RS,SYSCOVI0C
AM00208,R1,UF60496,A1,W6UA350,PIEDMONT NATIONAL CORP,02/26/2020,2002.7,N,SW,2019 REBATE - 5% REBATE SHIPMENT 41403 LBS,0,*,02/28/2020,2002.7,PFCH,EV,2019 REBATE,SWPD,,, ABLETCL01 ACORNVA01 AMERIWC07 APEXCMA03 APEXPHU01 ATLANFH01 B2BINHA01 BCINDLY01 BELSOGB01 BENCHGA01 BLACKBP01 BOZZUCH01 CALIBRO01 CLARKAL01 COGENSA02 CONTIAD03 CONTISF01 CROWNCA03 EMASAPA01 FASTPJA01 FFDISNL01 HUGHELE01 IPSPACH01 KENTHMO05 LAKELPE01 MAINEPO01 MAYERSD02 MCLEOAG01 MEMCOFS02 MOUNTPO01 NATIOCA04 NEWAYPH03 NEWHASL02 NICHOBG01 NORTHBH01 PACKALA08 PAKSOLA02 PANGORI01 PAPERPO05 PIEDMCH07 PLASTWC04 PREFEMO01 PREMICE01 PREMIIN01 PREMITH01 PROFEBR05 QSPACSF01 RJPPAPA01 RONICRI01 RUSCONL02 SIGMAHS02 SOUTHCP01 SOUTHTU11 SOUTHWI26 STARPCO04 STRETCL03 STRETGR01 SUNPAPB01 SUPPLAT05 TAPEPWO02 TEAMEYO01 TEAMJOM01 VALLEEB01,1693.2,F01K,RS,FEDERSA0C
AM00208,R1,UF70001,A1,W6UA208,IP PLUS/IPS PACKAGING,02/26/2020,18956.55,N,SW,2019 REBATE - 2% SHIPMENT 1025393 LBS,0,*,02/28/2020,18956.55,PFCH,CMB,2019 REBATE,SWDL,,, ABLETCL01 ACORNVA01 AMERIWC07 APEXCMA03 APEXPHU01 ATLANFH01 B2BINHA01 BCINDLY01 BELSOGB01 BENCHGA01 BLACKBP01 BOZZUCH01 CALIBRO01 CLARKAL01 COGENSA02 CONTIAD03 CONTISF01 CROWNCA03 EMASAPA01 FASTPJA01 FFDISNL01 HUGHELE01 IPSPACH01 KENTHMO05 LAKELPE01 MAINEPO01 MAYERSD02 MCLEOAG01 MEMCOFS02 MOUNTPO01 NATIOCA04 NEWAYPH03 NEWHASL02 NICHOBG01 NORTHBH01 PACKALA08 PAKSOLA02 PANGORI01 PAPERPO05 PIEDMCH07 PLASTWC04 PREFEMO01 PREMICE01 PREMIIN01 PREMITH01 PROFEBR05 QSPACSF01 RJPPAPA01 RONICRI01 RUSCONL02 SIGMAHS02 SOUTHCP01 SOUTHTU11 SOUTHWI26 STARPCO04 STRETCL03 STRETGR01 SUNPAPB01 SUPPLAT05 TAPEPWO02 TEAMEYO01 TEAMJOM01 VALLEEB01,3053.12,R03A,RS,RIDEOSJ01
AM00208,R1,UF80006,A1,W7UA446,STAR PACKAGING,02/26/2020,3959.92,N,SW,2019 REBATE - 1% SHIPMENT 356002 LBS,0,*,02/28/2020,3959.92,PFCH,CMB,2019 REBATE,SWBU,,, ABLETCL01 ACORNVA01 AMERIWC07 APEXCMA03 APEXPHU01 ATLANFH01 B2BINHA01 BCINDLY01 BELSOGB01 BENCHGA01 BLACKBP01 BOZZUCH01 CALIBRO01 CLARKAL01 COGENSA02 CONTIAD03 CONTISF01 CROWNCA03 EMASAPA01 FASTPJA01 FFDISNL01 HUGHELE01 IPSPACH01 KENTHMO05 LAKELPE01 MAINEPO01 MAYERSD02 MCLEOAG01 MEMCOFS02 MOUNTPO01 NATIOCA04 NEWAYPH03 NEWHASL02 NICHOBG01 NORTHBH01 PACKALA08 PAKSOLA02 PANGORI01 PAPERPO05 PIEDMCH07 PLASTWC04 PREFEMO01 PREMICE01 PREMIIN01 PREMITH01 PROFEBR05 QSPACSF01 RJPPAPA01 RONICRI01 RUSCONL02 SIGMAHS02 SOUTHCP01 SOUTHTU11 SOUTHWI26 STARPCO04 STRETCL03 STRETGR01 SUNPAPB01 SUPPLAT05 TAPEPWO02 TEAMEYO01 TEAMJOM01 VALLEEB01,2676.48,F01F,RS,FASTEWI0A
AM00208,R1,UF80190,A1,W8UA049,APEX CONVERTING & PACKAGING***AMTOPP***,02/26/2020,29119.55,N,SW,"2019 REBATE - 2%, SHIPMENT 1719787 LBS",0,*,02/28/2020,29119.55,PFCH,EV,2019 REBATE,SWDL,,, ABLETCL01 ACORNVA01 AMERIWC07 APEXCMA03 APEXPHU01 ATLANFH01 B2BINHA01 BCINDLY01 BELSOGB01 BENCHGA01 BLACKBP01 BOZZUCH01 CALIBRO01 CLARKAL01 COGENSA02 CONTIAD03 CONTISF01 CROWNCA03 EMASAPA01 FASTPJA01 FFDISNL01 HUGHELE01 IPSPACH01 KENTHMO05 LAKELPE01 MAINEPO01 MAYERSD02 MCLEOAG01 MEMCOFS02 MOUNTPO01 NATIOCA04 NEWAYPH03 NEWHASL02 NICHOBG01 NORTHBH01 PACKALA08 PAKSOLA02 PANGORI01 PAPERPO05 PIEDMCH07 PLASTWC04 PREFEMO01 PREMICE01 PREMIIN01 PREMITH01 PROFEBR05 QSPACSF01 RJPPAPA01 RONICRI01 RUSCONL02 SIGMAHS02 SOUTHCP01 SOUTHTU11 SOUTHWI26 STARPCO04 STRETCL03 STRETGR01 SUNPAPB01 SUPPLAT05 TAPEPWO02 TEAMEYO01 TEAMJOM01 VALLEEB01,2357.6,D03C,RS,DOALLOA01
AM00208,R1,UF90495,A1,W9UA417,PAK SOLUTIONS LLC,02/26/2020,4468.88,N,SW,2019 REBATE - 2.5% SHIPMENT 204123 LBS,0,*,02/28/2020,4468.88,PFCH,SMT,2019 REBATE,SWJH,,, ABLETCL01 ACORNVA01 AMERIWC07 APEXCMA03 APEXPHU01 ATLANFH01 B2BINHA01 BCINDLY01 BELSOGB01 BENCHGA01 BLACKBP01 BOZZUCH01 CALIBRO01 CLARKAL01 COGENSA02 CONTIAD03 CONTISF01 CROWNCA03 EMASAPA01 FASTPJA01 FFDISNL01 HUGHELE01 IPSPACH01 KENTHMO05 LAKELPE01 MAINEPO01 MAYERSD02 MCLEOAG01 MEMCOFS02 MOUNTPO01 NATIOCA04 NEWAYPH03 NEWHASL02 NICHOBG01 NORTHBH01 PACKALA08 PAKSOLA02 PANGORI01 PAPERPO05 PIEDMCH07 PLASTWC04 PREFEMO01 PREMICE01 PREMIIN01 PREMITH01 PROFEBR05 QSPACSF01 RJPPAPA01 RONICRI01 RUSCONL02 SIGMAHS02 SOUTHCP01 SOUTHTU11 SOUTHWI26 STARPCO04 STRETCL03 STRETGR01 SUNPAPB01 SUPPLAT05 TAPEPWO02 TEAMEYO01 TEAMJOM01 VALLEEB01,3562.4,W02K,RS,WESTPPC0A
AM00208,R1,UF90648,A1,W9UA391,PACKAGING PARTNERS LLC,02/26/2020,16234.98,N,SW,2019 REBATE - 3% SHIPMENT 805051 LBS,0,*,02/28/2020,16234.98,PFCH,SMT,2019 REBATE,SWJH,,, ABLETCL01 ACORNVA01 AMERIWC07 APEXCMA03 APEXPHU01 ATLANFH01 B2BINHA01 BCINDLY01 BELSOGB01 BENCHGA01 BLACKBP01 BOZZUCH01 CALIBRO01 CLARKAL01 COGENSA02 CONTIAD03 CONTISF01 CROWNCA03 EMASAPA01 FASTPJA01 FFDISNL01 HUGHELE01 IPSPACH01 KENTHMO05 LAKELPE01 MAINEPO01 MAYERSD02 MCLEOAG01 MEMCOFS02 MOUNTPO01 NATIOCA04 NEWAYPH03 NEWHASL02 NICHOBG01 NORTHBH01 PACKALA08 PAKSOLA02 PANGORI01 PAPERPO05 PIEDMCH07 PLASTWC04 PREFEMO01 PREMICE01 PREMIIN01 PREMITH01 PROFEBR05 QSPACSF01 RJPPAPA01 RONICRI01 RUSCONL02 SIGMAHS02 SOUTHCP01 SOUTHTU11 SOUTHWI26 STARPCO04 STRETCL03 STRETGR01 SUNPAPB01 SUPPLAT05 TAPEPWO02 TEAMEYO01 TEAMJOM01 VALLEEB01,3835.56,G01B,RS,GTFREHA0A
AM00208,R1,UFA0069,A1,WAUA043,APEX PACKAGING,02/26/2020,24402.94,N,SW,"2019 REBATE - 2%, SHIPMENT 1211877 LBS",0,*,02/28/2020,24402.94,PFCH,EV,2019 REBATE,SWKM,,, ABLETCL01 ACORNVA01 AMERIWC07 APEXCMA03 APEXPHU01 ATLANFH01 B2BINHA01 BCINDLY01 BELSOGB01 BENCHGA01 BLACKBP01 BOZZUCH01 CALIBRO01 CLARKAL01 COGENSA02 CONTIAD03 CONTISF01 CROWNCA03 EMASAPA01 FASTPJA01 FFDISNL01 HUGHELE01 IPSPACH01 KENTHMO05 LAKELPE01 MAINEPO01 MAYERSD02 MCLEOAG01 MEMCOFS02 MOUNTPO01 NATIOCA04 NEWAYPH03 NEWHASL02 NICHOBG01 NORTHBH01 PACKALA08 PAKSOLA02 PANGORI01 PAPERPO05 PIEDMCH07 PLASTWC04 PREFEMO01 PREMICE01 PREMIIN01 PREMITH01 PROFEBR05 QSPACSF01 RJPPAPA01 RONICRI01 RUSCONL02 SIGMAHS02 SOUTHCP01 SOUTHTU11 SOUTHWI26 STARPCO04 STRETCL03 STRETGR01 SUNPAPB01 SUPPLAT05 TAPEPWO02 TEAMEYO01 TEAMJOM01 VALLEEB01,8832,A862,RS,APEXPHU01
AM00208,R1,UFA0070,A1,WAUA059,ATLANTIC PACKAGING,02/26/2020,16959.15,N,SW,"2019 REBATE - 1%, SHIPMENT 1772130 LBS",0,*,02/28/2020,16959.15,PFCH,CS,2019 REBATE,SWKC,,, ABLETCL01 ACORNVA01 AMERIWC07 APEXCMA03 APEXPHU01 ATLANFH01 B2BINHA01 BCINDLY01 BELSOGB01 BENCHGA01 BLACKBP01 BOZZUCH01 CALIBRO01 CLARKAL01 COGENSA02 CONTIAD03 CONTISF01 CROWNCA03 EMASAPA01 FASTPJA01 FFDISNL01 HUGHELE01 IPSPACH01 KENTHMO05 LAKELPE01 MAINEPO01 MAYERSD02 MCLEOAG01 MEMCOFS02 MOUNTPO01 NATIOCA04 NEWAYPH03 NEWHASL02 NICHOBG01 NORTHBH01 PACKALA08 PAKSOLA02 PANGORI01 PAPERPO05 PIEDMCH07 PLASTWC04 PREFEMO01 PREMICE01 PREMIIN01 PREMITH01 PROFEBR05 QSPACSF01 RJPPAPA01 RONICRI01 RUSCONL02 SIGMAHS02 SOUTHCP01 SOUTHTU11 SOUTHWI26 STARPCO04 STRETCL03 STRETGR01 SUNPAPB01 SUPPLAT05 TAPEPWO02 TEAMEYO01 TEAMJOM01 VALLEEB01,5355.84,D03C,RS,DOALLOA01
AM00208,R1,UFA0105,A1,WAUA042,"FASTPAK SYSTEMS, INC.",02/26/2020,9991.38,N,SW,2019 REBATE - 1% SHIPMENT 965088 LBS,0,*,02/28/2020,9991.38,PFCH,EV,2019 REBATE,SWKM,,, ABLETCL01 ACORNVA01 AMERIWC07 APEXCMA03 APEXPHU01 ATLANFH01 B2BINHA01 BCINDLY01 BELSOGB01 BENCHGA01 BLACKBP01 BOZZUCH01 CALIBRO01 CLARKAL01 COGENSA02 CONTIAD03 CONTISF01 CROWNCA03 EMASAPA01 FASTPJA01 FFDISNL01 HUGHELE01 IPSPACH01 KENTHMO05 LAKELPE01 MAINEPO01 MAYERSD02 MCLEOAG01 MEMCOFS02 MOUNTPO01 NATIOCA04 NEWAYPH03 NEWHASL02 NICHOBG01 NORTHBH01 PACKALA08 PAKSOLA02 PANGORI01 PAPERPO05 PIEDMCH07 PLASTWC04 PREFEMO01 PREMICE01 PREMIIN01 PREMITH01 PROFEBR05 QSPACSF01 RJPPAPA01 RONICRI01 RUSCONL02 SIGMAHS02 SOUTHCP01 SOUTHTU11 SOUTHWI26 STARPCO04 STRETCL03 STRETGR01 SUNPAPB01 SUPPLAT05 TAPEPWO02 TEAMEYO01 TEAMJOM01 VALLEEB01,5065.6,F140,RS,FASTPMA02
AM00208,R1,UFA0152,A1,W9UA437,CLARK ASSOC INC/DBA CLARK FOODSERVICE,02/26/2020,17030.76,N,SW,"2019 REBATE - 3%; SHIPMENT 563287 LBS
",0,*,02/28/2020,17030.76,PFCH,CS,2019 REBATE,SWLU,,, ABLETCL01 ACORNVA01 AMERIWC07 APEXCMA03 APEXPHU01 ATLANFH01 B2BINHA01 BCINDLY01 BELSOGB01 BENCHGA01 BLACKBP01 BOZZUCH01 CALIBRO01 CLARKAL01 COGENSA02 CONTIAD03 CONTISF01 CROWNCA03 EMASAPA01 FASTPJA01 FFDISNL01 HUGHELE01 IPSPACH01 KENTHMO05 LAKELPE01 MAINEPO01 MAYERSD02 MCLEOAG01 MEMCOFS02 MOUNTPO01 NATIOCA04 NEWAYPH03 NEWHASL02 NICHOBG01 NORTHBH01 PACKALA08 PAKSOLA02 PANGORI01 PAPERPO05 PIEDMCH07 PLASTWC04 PREFEMO01 PREMICE01 PREMIIN01 PREMITH01 PROFEBR05 QSPACSF01 RJPPAPA01 RONICRI01 RUSCONL02 SIGMAHS02 SOUTHCP01 SOUTHTU11 SOUTHWI26 STARPCO04 STRETCL03 STRETGR01 SUNPAPB01 SUPPLAT05 TAPEPWO02 TEAMEYO01 TEAMJOM01 VALLEEB01,13276.08,O00F,RS,SAVEOVA01
AM00208,R1,UFA0159,A1,W9UA483,RJP PACKAGING,02/26/2020,5852.97,N,SW,2019 REBATE - 2.5% SHIMENT 252691 LBS,0,*,02/28/2020,5852.97,PFCH,CS,2019 REBATE,SWAN,,, ABLETCL01 ACORNVA01 AMERIWC07 APEXCMA03 APEXPHU01 ATLANFH01 B2BINHA01 BCINDLY01 BELSOGB01 BENCHGA01 BLACKBP01 BOZZUCH01 CALIBRO01 CLARKAL01 COGENSA02 CONTIAD03 CONTISF01 CROWNCA03 EMASAPA01 FASTPJA01 FFDISNL01 HUGHELE01 IPSPACH01 KENTHMO05 LAKELPE01 MAINEPO01 MAYERSD02 MCLEOAG01 MEMCOFS02 MOUNTPO01 NATIOCA04 NEWAYPH03 NEWHASL02 NICHOBG01 NORTHBH01 PACKALA08 PAKSOLA02 PANGORI01 PAPERPO05 PIEDMCH07 PLASTWC04 PREFEMO01 PREMICE01 PREMIIN01 PREMITH01 PROFEBR05 QSPACSF01 RJPPAPA01 RONICRI01 RUSCONL02 SIGMAHS02 SOUTHCP01 SOUTHTU11 SOUTHWI26 STARPCO04 STRETCL03 STRETGR01 SUNPAPB01 SUPPLAT05 TAPEPWO02 TEAMEYO01 TEAMJOM01 VALLEEB01,3949.76,C06C,RS,CITYOTO1F
AM00208,R1,UFA0222,A1,WAUA257,TEAM EAGLE PACKAGING SYSTEMS,02/26/2020,6153.04,N,SW,2019 REBATE - 1% SHIPMENT 609299 LBS,0,*,02/28/2020,6153.04,PFCH,CSM,2019 REBATE,SWMZ,,, ABLETCL01 ACORNVA01 AMERIWC07 APEXCMA03 APEXPHU01 ATLANFH01 B2BINHA01 BCINDLY01 BELSOGB01 BENCHGA01 BLACKBP01 BOZZUCH01 CALIBRO01 CLARKAL01 COGENSA02 CONTIAD03 CONTISF01 CROWNCA03 EMASAPA01 FASTPJA01 FFDISNL01 HUGHELE01 IPSPACH01 KENTHMO05 LAKELPE01 MAINEPO01 MAYERSD02 MCLEOAG01 MEMCOFS02 MOUNTPO01 NATIOCA04 NEWAYPH03 NEWHASL02 NICHOBG01 NORTHBH01 PACKALA08 PAKSOLA02 PANGORI01 PAPERPO05 PIEDMCH07 PLASTWC04 PREFEMO01 PREMICE01 PREMIIN01 PREMITH01 PROFEBR05 QSPACSF01 RJPPAPA01 RONICRI01 RUSCONL02 SIGMAHS02 SOUTHCP01 SOUTHTU11 SOUTHWI26 STARPCO04 STRETCL03 STRETGR01 SUNPAPB01 SUPPLAT05 TAPEPWO02 TEAMEYO01 TEAMJOM01 VALLEEB01,2846.72,A05E,RS,AQUAPFR01
AM00208,R1,UFA0238,A1,WAUA010,CARTER-MCLEOD PAPER & PACKAGING,02/26/2020,7499.15,N,SW,"2019 REBATE - 4%; SHIPMENT 194940 LBS
",0,*,02/28/2020,7499.15,PFCH,CS,2019 REBATE,SWAN,,, ABLETCL01 ACORNVA01 AMERIWC07 APEXCMA03 APEXPHU01 ATLANFH01 B2BINHA01 BCINDLY01 BELSOGB01 BENCHGA01 BLACKBP01 BOZZUCH01 CALIBRO01 CLARKAL01 COGENSA02 CONTIAD03 CONTISF01 CROWNCA03 EMASAPA01 FASTPJA01 FFDISNL01 HUGHELE01 IPSPACH01 KENTHMO05 LAKELPE01 MAINEPO01 MAYERSD02 MCLEOAG01 MEMCOFS02 MOUNTPO01 NATIOCA04 NEWAYPH03 NEWHASL02 NICHOBG01 NORTHBH01 PACKALA08 PAKSOLA02 PANGORI01 PAPERPO05 PIEDMCH07 PLASTWC04 PREFEMO01 PREMICE01 PREMIIN01 PREMITH01 PROFEBR05 QSPACSF01 RJPPAPA01 RONICRI01 RUSCONL02 SIGMAHS02 SOUTHCP01 SOUTHTU11 SOUTHWI26 STARPCO04 STRETCL03 STRETGR01 SUNPAPB01 SUPPLAT05 TAPEPWO02 TEAMEYO01 TEAMJOM01 VALLEEB01,38995.2,C711,RS,CARTEWS01
AM00208,R1,UFA0330,A1,W9UA465,"PLASTIPAK PACKAGING, INC.",02/26/2020,22098.65,N,SW,2019 REBATE - 1% SHIPMENT 1997790 LBS,0,*,02/28/2020,22098.65,PFCH,CMB,2019 REBATE,PFSS,,, ABLETCL01 ACORNVA01 AMERIWC07 APEXCMA03 APEXPHU01 ATLANFH01 B2BINHA01 BCINDLY01 BELSOGB01 BENCHGA01 BLACKBP01 BOZZUCH01 CALIBRO01 CLARKAL01 COGENSA02 CONTIAD03 CONTISF01 CROWNCA03 EMASAPA01 FASTPJA01 FFDISNL01 HUGHELE01 IPSPACH01 KENTHMO05 LAKELPE01 MAINEPO01 MAYERSD02 MCLEOAG01 MEMCOFS02 MOUNTPO01 NATIOCA04 NEWAYPH03 NEWHASL02 NICHOBG01 NORTHBH01 PACKALA08 PAKSOLA02 PANGORI01 PAPERPO05 PIEDMCH07 PLASTWC04 PREFEMO01 PREMICE01 PREMIIN01 PREMITH01 PROFEBR05 QSPACSF01 RJPPAPA01 RONICRI01 RUSCONL02 SIGMAHS02 SOUTHCP01 SOUTHTU11 SOUTHWI26 STARPCO04 STRETCL03 STRETGR01 SUNPAPB01 SUPPLAT05 TAPEPWO02 TEAMEYO01 TEAMJOM01 VALLEEB01,6668,M06B,RS,MARITMO01
AM00208,R1,UFA0454,A1,WAUA324,VALLEY DISTRIBUTORS,02/26/2020,4415.01,N,SW,2019 REBATE - 2% SHIPMENT 233607 LBS,0,*,02/28/2020,4415.01,PFCH,CS,2019 REBATE,SWLU,,, ABLETCL01 ACORNVA01 AMERIWC07 APEXCMA03 APEXPHU01 ATLANFH01 B2BINHA01 BCINDLY01 BELSOGB01 BENCHGA01 BLACKBP01 BOZZUCH01 CALIBRO01 CLARKAL01 COGENSA02 CONTIAD03 CONTISF01 CROWNCA03 EMASAPA01 FASTPJA01 FFDISNL01 HUGHELE01 IPSPACH01 KENTHMO05 LAKELPE01 MAINEPO01 MAYERSD02 MCLEOAG01 MEMCOFS02 MOUNTPO01 NATIOCA04 NEWAYPH03 NEWHASL02 NICHOBG01 NORTHBH01 PACKALA08 PAKSOLA02 PANGORI01 PAPERPO05 PIEDMCH07 PLASTWC04 PREFEMO01 PREMICE01 PREMIIN01 PREMITH01 PROFEBR05 QSPACSF01 RJPPAPA01 RONICRI01 RUSCONL02 SIGMAHS02 SOUTHCP01 SOUTHTU11 SOUTHWI26 STARPCO04 STRETCL03 STRETGR01 SUNPAPB01 SUPPLAT05 TAPEPWO02 TEAMEYO01 TEAMJOM01 VALLEEB01,9772.02,F01F,RS,FASTEWI0A
AM00208,R1,UFB0052,A1,WAUA229,BENCHMARK SUPPLY INC.,02/26/2020,0,N,SW,2019 REBATE - DID NOT MEET,0,*,02/28/2020,0,PFCH,CMB,2019 REBATE,SWBU,,, ABLETCL01 ACORNVA01 AMERIWC07 APEXCMA03 APEXPHU01 ATLANFH01 B2BINHA01 BCINDLY01 BELSOGB01 BENCHGA01 BLACKBP01 BOZZUCH01 CALIBRO01 CLARKAL01 COGENSA02 CONTIAD03 CONTISF01 CROWNCA03 EMASAPA01 FASTPJA01 FFDISNL01 HUGHELE01 IPSPACH01 KENTHMO05 LAKELPE01 MAINEPO01 MAYERSD02 MCLEOAG01 MEMCOFS02 MOUNTPO01 NATIOCA04 NEWAYPH03 NEWHASL02 NICHOBG01 NORTHBH01 PACKALA08 PAKSOLA02 PANGORI01 PAPERPO05 PIEDMCH07 PLASTWC04 PREFEMO01 PREMICE01 PREMIIN01 PREMITH01 PROFEBR05 QSPACSF01 RJPPAPA01 RONICRI01 RUSCONL02 SIGMAHS02 SOUTHCP01 SOUTHTU11 SOUTHWI26 STARPCO04 STRETCL03 STRETGR01 SUNPAPB01 SUPPLAT05 TAPEPWO02 TEAMEYO01 TEAMJOM01 VALLEEB01,4820.4,S05B,RS,SWISHPE0A
AM00208,R1,UFB0568,A1,WBUA473,AMERICAN PACKAGING DIST CORP,02/26/2020,406.44,N,SW,"2019 REBATE - 2%, SHIPMENT 19303 LBS",0,*,02/28/2020,406.44,PFCH,CS,2019 REBATE,SWLU,,, ABLETCL01 ACORNVA01 AMERIWC07 APEXCMA03 APEXPHU01 ATLANFH01 B2BINHA01 BCINDLY01 BELSOGB01 BENCHGA01 BLACKBP01 BOZZUCH01 CALIBRO01 CLARKAL01 COGENSA02 CONTIAD03 CONTISF01 CROWNCA03 EMASAPA01 FASTPJA01 FFDISNL01 HUGHELE01 IPSPACH01 KENTHMO05 LAKELPE01 MAINEPO01 MAYERSD02 MCLEOAG01 MEMCOFS02 MOUNTPO01 NATIOCA04 NEWAYPH03 NEWHASL02 NICHOBG01 NORTHBH01 PACKALA08 PAKSOLA02 PANGORI01 PAPERPO05 PIEDMCH07 PLASTWC04 PREFEMO01 PREMICE01 PREMIIN01 PREMITH01 PROFEBR05 QSPACSF01 RJPPAPA01 RONICRI01 RUSCONL02 SIGMAHS02 SOUTHCP01 SOUTHTU11 SOUTHWI26 STARPCO04 STRETCL03 STRETGR01 SUNPAPB01 SUPPLAT05 TAPEPWO02 TEAMEYO01 TEAMJOM01 VALLEEB01,6168.96,S05B,RS,SWISHPE0A
AM00208,R1,UFC0534,A1,WCUA132,PREFERRED PLASTICS AND PACKAGING,02/26/2020,15247.34,N,SW,2019 4TH QTR - $0.02/LB SHIPMENT 762367 LBS,0,*,02/28/2020,15247.34,PFCH,CS,2019 REBATE,SWKC,,, ABLETCL01 ACORNVA01 AMERIWC07 APEXCMA03 APEXPHU01 ATLANFH01 B2BINHA01 BCINDLY01 BELSOGB01 BENCHGA01 BLACKBP01 BOZZUCH01 CALIBRO01 CLARKAL01 COGENSA02 CONTIAD03 CONTISF01 CROWNCA03 EMASAPA01 FASTPJA01 FFDISNL01 HUGHELE01 IPSPACH01 KENTHMO05 LAKELPE01 MAINEPO01 MAYERSD02 MCLEOAG01 MEMCOFS02 MOUNTPO01 NATIOCA04 NEWAYPH03 NEWHASL02 NICHOBG01 NORTHBH01 PACKALA08 PAKSOLA02 PANGORI01 PAPERPO05 PIEDMCH07 PLASTWC04 PREFEMO01 PREMICE01 PREMIIN01 PREMITH01 PROFEBR05 QSPACSF01 RJPPAPA01 RONICRI01 RUSCONL02 SIGMAHS02 SOUTHCP01 SOUTHTU11 SOUTHWI26 STARPCO04 STRETCL03 STRETGR01 SUNPAPB01 SUPPLAT05 TAPEPWO02 TEAMEYO01 TEAMJOM01 VALLEEB01,7764.48,AO3C,RS,AOFSEDR0A
AM00208,R1,UW10044,A1,WTCA675,B2B INDUSTRIAL PRODUCTS,02/26/2020,27544.05,N,SW,2019 REBATE - 3%; SHIPMENT 1127406 LBS,0,*,02/28/2020,27544.05,AMAZ,EV,2019 REBATE,SWMD,,, ABLETCL01 ACORNVA01 AMERIWC07 APEXCMA03 APEXPHU01 ATLANFH01 B2BINHA01 BCINDLY01 BELSOGB01 BENCHGA01 BLACKBP01 BOZZUCH01 CALIBRO01 CLARKAL01 COGENSA02 CONTIAD03 CONTISF01 CROWNCA03 EMASAPA01 FASTPJA01 FFDISNL01 HUGHELE01 IPSPACH01 KENTHMO05 LAKELPE01 MAINEPO01 MAYERSD02 MCLEOAG01 MEMCOFS02 MOUNTPO01 NATIOCA04 NEWAYPH03 NEWHASL02 NICHOBG01 NORTHBH01 PACKALA08 PAKSOLA02 PANGORI01 PAPERPO05 PIEDMCH07 PLASTWC04 PREFEMO01 PREMICE01 PREMIIN01 PREMITH01 PROFEBR05 QSPACSF01 RJPPAPA01 RONICRI01 RUSCONL02 SIGMAHS02 SOUTHCP01 SOUTHTU11 SOUTHWI26 STARPCO04 STRETCL03 STRETGR01 SUNPAPB01 SUPPLAT05 TAPEPWO02 TEAMEYO01 TEAMJOM01 VALLEEB01,8740.8,B232,RS,B2BINHA01
AM00208,R1,UW10596,A1,WTCA648,"EMASAL DE PANAMA, S.A./URB.IND.LA",02/26/2020,6344.38,N,SW,2019 REBATE - 0.5%; SHIPMENT 1317770 LBS,0,*,02/28/2020,6344.38,AMJK,SV,2019 REBATE,EM,,, ABLETCL01 ACORNVA01 AMERIWC07 APEXCMA03 APEXPHU01 ATLANFH01 B2BINHA01 BCINDLY01 BELSOGB01 BENCHGA01 BLACKBP01 BOZZUCH01 CALIBRO01 CLARKAL01 COGENSA02 CONTIAD03 CONTISF01 CROWNCA03 EMASAPA01 FASTPJA01 FFDISNL01 HUGHELE01 IPSPACH01 KENTHMO05 LAKELPE01 MAINEPO01 MAYERSD02 MCLEOAG01 MEMCOFS02 MOUNTPO01 NATIOCA04 NEWAYPH03 NEWHASL02 NICHOBG01 NORTHBH01 PACKALA08 PAKSOLA02 PANGORI01 PAPERPO05 PIEDMCH07 PLASTWC04 PREFEMO01 PREMICE01 PREMIIN01 PREMITH01 PROFEBR05 QSPACSF01 RJPPAPA01 RONICRI01 RUSCONL02 SIGMAHS02 SOUTHCP01 SOUTHTU11 SOUTHWI26 STARPCO04 STRETCL03 STRETGR01 SUNPAPB01 SUPPLAT05 TAPEPWO02 TEAMEYO01 TEAMJOM01 VALLEEB01,27364.15,E419,ES,EMASAPA01
AM00208,R1,UW10773,A1,WTBA643,QSPAC,02/26/2020,0,N,SW,2019 REBATE - DID NOT MEET,0,*,02/28/2020,0,AMJK,JAH,2019 REBATE,SWDP,,, ABLETCL01 ACORNVA01 AMERIWC07 APEXCMA03 APEXPHU01 ATLANFH01 B2BINHA01 BCINDLY01 BELSOGB01 BENCHGA01 BLACKBP01 BOZZUCH01 CALIBRO01 CLARKAL01 COGENSA02 CONTIAD03 CONTISF01 CROWNCA03 EMASAPA01 FASTPJA01 FFDISNL01 HUGHELE01 IPSPACH01 KENTHMO05 LAKELPE01 MAINEPO01 MAYERSD02 MCLEOAG01 MEMCOFS02 MOUNTPO01 NATIOCA04 NEWAYPH03 NEWHASL02 NICHOBG01 NORTHBH01 PACKALA08 PAKSOLA02 PANGORI01 PAPERPO05 PIEDMCH07 PLASTWC04 PREFEMO01 PREMICE01 PREMIIN01 PREMITH01 PROFEBR05 QSPACSF01 RJPPAPA01 RONICRI01 RUSCONL02 SIGMAHS02 SOUTHCP01 SOUTHTU11 SOUTHWI26 STARPCO04 STRETCL03 STRETGR01 SUNPAPB01 SUPPLAT05 TAPEPWO02 TEAMEYO01 TEAMJOM01 VALLEEB01,1741.44,Q081,RS,QSPACSF01
AM00208,R1,UW11063,A1,WU1A323,SUPPLY ONE ATLANTA,02/26/2020,3544.08,N,SW,2019 REBATE - 1% SHIPMENT 348794 LBS,0,*,02/28/2020,3544.08,AMJK,EV,2019 REBATE,SWKM,,, ABLETCL01 ACORNVA01 AMERIWC07 APEXCMA03 APEXPHU01 ATLANFH01 B2BINHA01 BCINDLY01 BELSOGB01 BENCHGA01 BLACKBP01 BOZZUCH01 CALIBRO01 CLARKAL01 COGENSA02 CONTIAD03 CONTISF01 CROWNCA03 EMASAPA01 FASTPJA01 FFDISNL01 HUGHELE01 IPSPACH01 KENTHMO05 LAKELPE01 MAINEPO01 MAYERSD02 MCLEOAG01 MEMCOFS02 MOUNTPO01 NATIOCA04 NEWAYPH03 NEWHASL02 NICHOBG01 NORTHBH01 PACKALA08 PAKSOLA02 PANGORI01 PAPERPO05 PIEDMCH07 PLASTWC04 PREFEMO01 PREMICE01 PREMIIN01 PREMITH01 PROFEBR05 QSPACSF01 RJPPAPA01 RONICRI01 RUSCONL02 SIGMAHS02 SOUTHCP01 SOUTHTU11 SOUTHWI26 STARPCO04 STRETCL03 STRETGR01 SUNPAPB01 SUPPLAT05 TAPEPWO02 TEAMEYO01 TEAMJOM01 VALLEEB01,5931.2,I212,RS,SUPPLAT04
AM00208,R1,UW11086,A1,WTBA604,PREMIERE PACKAGING INDUSTRIES,02/26/2020,148071.81,N,SW,2019 REBATE - 3% SHIPMENT 5197345 LBS,0,*,02/28/2020,148071.81,AMJK,JJK,2019 REBATE,SWDP,,, ABLETCL01 ACORNVA01 AMERIWC07 APEXCMA03 APEXPHU01 ATLANFH01 B2BINHA01 BCINDLY01 BELSOGB01 BENCHGA01 BLACKBP01 BOZZUCH01 CALIBRO01 CLARKAL01 COGENSA02 CONTIAD03 CONTISF01 CROWNCA03 EMASAPA01 FASTPJA01 FFDISNL01 HUGHELE01 IPSPACH01 KENTHMO05 LAKELPE01 MAINEPO01 MAYERSD02 MCLEOAG01 MEMCOFS02 MOUNTPO01 NATIOCA04 NEWAYPH03 NEWHASL02 NICHOBG01 NORTHBH01 PACKALA08 PAKSOLA02 PANGORI01 PAPERPO05 PIEDMCH07 PLASTWC04 PREFEMO01 PREMICE01 PREMIIN01 PREMITH01 PROFEBR05 QSPACSF01 RJPPAPA01 RONICRI01 RUSCONL02 SIGMAHS02 SOUTHCP01 SOUTHTU11 SOUTHWI26 STARPCO04 STRETCL03 STRETGR01 SUNPAPB01 SUPPLAT05 TAPEPWO02 TEAMEYO01 TEAMJOM01 VALLEEB01,1420.8,P815,RS,PREMIBP01
AM00208,R1,UW20017,A1,WU1A774,LAKELAND SUPPLY INC.,02/26/2020,9190.09,N,SW,2019 REBATE - 1% SHIPMENT 1007226 LBS,0,*,02/28/2020,9190.09,AMJK,CSM,2019 REBATE,SWMZ,,, ABLETCL01 ACORNVA01 AMERIWC07 APEXCMA03 APEXPHU01 ATLANFH01 B2BINHA01 BCINDLY01 BELSOGB01 BENCHGA01 BLACKBP01 BOZZUCH01 CALIBRO01 CLARKAL01 COGENSA02 CONTIAD03 CONTISF01 CROWNCA03 EMASAPA01 FASTPJA01 FFDISNL01 HUGHELE01 IPSPACH01 KENTHMO05 LAKELPE01 MAINEPO01 MAYERSD02 MCLEOAG01 MEMCOFS02 MOUNTPO01 NATIOCA04 NEWAYPH03 NEWHASL02 NICHOBG01 NORTHBH01 PACKALA08 PAKSOLA02 PANGORI01 PAPERPO05 PIEDMCH07 PLASTWC04 PREFEMO01 PREMICE01 PREMIIN01 PREMITH01 PROFEBR05 QSPACSF01 RJPPAPA01 RONICRI01 RUSCONL02 SIGMAHS02 SOUTHCP01 SOUTHTU11 SOUTHWI26 STARPCO04 STRETCL03 STRETGR01 SUNPAPB01 SUPPLAT05 TAPEPWO02 TEAMEYO01 TEAMJOM01 VALLEEB01,17765.72,L056,RS,LAKELPE01
AM00208,R1,UW20625,A1,WU1A611,RUSCO,02/26/2020,2318.54,N,SW,2019 REBATE - 2% SHIPMENT 141767 LBS,0,*,02/28/2020,2318.54,AMJK,CSM,2019 REBATE,SWPD,,, ABLETCL01 ACORNVA01 AMERIWC07 APEXCMA03 APEXPHU01 ATLANFH01 B2BINHA01 BCINDLY01 BELSOGB01 BENCHGA01 BLACKBP01 BOZZUCH01 CALIBRO01 CLARKAL01 COGENSA02 CONTIAD03 CONTISF01 CROWNCA03 EMASAPA01 FASTPJA01 FFDISNL01 HUGHELE01 IPSPACH01 KENTHMO05 LAKELPE01 MAINEPO01 MAYERSD02 MCLEOAG01 MEMCOFS02 MOUNTPO01 NATIOCA04 NEWAYPH03 NEWHASL02 NICHOBG01 NORTHBH01 PACKALA08 PAKSOLA02 PANGORI01 PAPERPO05 PIEDMCH07 PLASTWC04 PREFEMO01 PREMICE01 PREMIIN01 PREMITH01 PROFEBR05 QSPACSF01 RJPPAPA01 RONICRI01 RUSCONL02 SIGMAHS02 SOUTHCP01 SOUTHTU11 SOUTHWI26 STARPCO04 STRETCL03 STRETGR01 SUNPAPB01 SUPPLAT05 TAPEPWO02 TEAMEYO01 TEAMJOM01 VALLEEB01,30744,R087,RS,RUSCODA01
AM00208,R1,UW20811,A1,WU2A293,NATIONAL PACKAGING  DBA NPC GLOBAL,02/26/2020,18675.04,N,SW,2019 REBATE - 2% SHIPMENT 1100356 LBS,0,*,02/28/2020,18675.04,AMJK,CS,2019 REBATE,SWLU,,, ABLETCL01 ACORNVA01 AMERIWC07 APEXCMA03 APEXPHU01 ATLANFH01 B2BINHA01 BCINDLY01 BELSOGB01 BENCHGA01 BLACKBP01 BOZZUCH01 CALIBRO01 CLARKAL01 COGENSA02 CONTIAD03 CONTISF01 CROWNCA03 EMASAPA01 FASTPJA01 FFDISNL01 HUGHELE01 IPSPACH01 KENTHMO05 LAKELPE01 MAINEPO01 MAYERSD02 MCLEOAG01 MEMCOFS02 MOUNTPO01 NATIOCA04 NEWAYPH03 NEWHASL02 NICHOBG01 NORTHBH01 PACKALA08 PAKSOLA02 PANGORI01 PAPERPO05 PIEDMCH07 PLASTWC04 PREFEMO01 PREMICE01 PREMIIN01 PREMITH01 PROFEBR05 QSPACSF01 RJPPAPA01 RONICRI01 RUSCONL02 SIGMAHS02 SOUTHCP01 SOUTHTU11 SOUTHWI26 STARPCO04 STRETCL03 STRETGR01 SUNPAPB01 SUPPLAT05 TAPEPWO02 TEAMEYO01 TEAMJOM01 VALLEEB01,24461.6,N246,RS,NATIOCA04
AM00208,R1,UW30513,A1,WU3A124,CROWN PACKAGING CORP.,02/26/2020,58636.88,N,SW,2019 REBATE - 2%; SHIPMENT 3099618 LBS,0,*,02/28/2020,58636.88,AMAZ,MN,2019 REBATE,SWPE,,, ABLETCL01 ACORNVA01 AMERIWC07 APEXCMA03 APEXPHU01 ATLANFH01 B2BINHA01 BCINDLY01 BELSOGB01 BENCHGA01 BLACKBP01 BOZZUCH01 CALIBRO01 CLARKAL01 COGENSA02 CONTIAD03 CONTISF01 CROWNCA03 EMASAPA01 FASTPJA01 FFDISNL01 HUGHELE01 IPSPACH01 KENTHMO05 LAKELPE01 MAINEPO01 MAYERSD02 MCLEOAG01 MEMCOFS02 MOUNTPO01 NATIOCA04 NEWAYPH03 NEWHASL02 NICHOBG01 NORTHBH01 PACKALA08 PAKSOLA02 PANGORI01 PAPERPO05 PIEDMCH07 PLASTWC04 PREFEMO01 PREMICE01 PREMIIN01 PREMITH01 PROFEBR05 QSPACSF01 RJPPAPA01 RONICRI01 RUSCONL02 SIGMAHS02 SOUTHCP01 SOUTHTU11 SOUTHWI26 STARPCO04 STRETCL03 STRETGR01 SUNPAPB01 SUPPLAT05 TAPEPWO02 TEAMEYO01 TEAMJOM01 VALLEEB01,3843.17,C150,RS,CROWNCH02
AM00208,R1,UW30956,A1,WU3A627,SOUTHERNCARLSON (ACCOUNTS PAYABLE ),02/26/2020,32903.51,N,SW,2019 REBATE 1% ALL WITH FREIGHT,0,*,02/28/2020,32903.51,AMJK,CY,2019 REBATE,SWPB,,, ABLETCL01 ACORNVA01 AMERIWC07 APEXCMA03 APEXPHU01 ATLANFH01 B2BINHA01 BCINDLY01 BELSOGB01 BENCHGA01 BLACKBP01 BOZZUCH01 CALIBRO01 CLARKAL01 COGENSA02 CONTIAD03 CONTISF01 CROWNCA03 EMASAPA01 FASTPJA01 FFDISNL01 HUGHELE01 IPSPACH01 KENTHMO05 LAKELPE01 MAINEPO01 MAYERSD02 MCLEOAG01 MEMCOFS02 MOUNTPO01 NATIOCA04 NEWAYPH03 NEWHASL02 NICHOBG01 NORTHBH01 PACKALA08 PAKSOLA02 PANGORI01 PAPERPO05 PIEDMCH07 PLASTWC04 PREFEMO01 PREMICE01 PREMIIN01 PREMITH01 PROFEBR05 QSPACSF01 RJPPAPA01 RONICRI01 RUSCONL02 SIGMAHS02 SOUTHCP01 SOUTHTU11 SOUTHWI26 STARPCO04 STRETCL03 STRETGR01 SUNPAPB01 SUPPLAT05 TAPEPWO02 TEAMEYO01 TEAMJOM01 VALLEEB01,27389.44,C326,RS,SOUTHWI26
AM00208,R1,UW30990,A1,WU3A503,TEQ SUPPLY,02/26/2020,0,N,SW,2019 REBATE - DID NOT MEET,0,*,02/28/2020,0,AMJK,CY,2019 REBATE,SWJD,,, ABLETCL01 ACORNVA01 AMERIWC07 APEXCMA03 APEXPHU01 ATLANFH01 B2BINHA01 BCINDLY01 BELSOGB01 BENCHGA01 BLACKBP01 BOZZUCH01 CALIBRO01 CLARKAL01 COGENSA02 CONTIAD03 CONTISF01 CROWNCA03 EMASAPA01 FASTPJA01 FFDISNL01 HUGHELE01 IPSPACH01 KENTHMO05 LAKELPE01 MAINEPO01 MAYERSD02 MCLEOAG01 MEMCOFS02 MOUNTPO01 NATIOCA04 NEWAYPH03 NEWHASL02 NICHOBG01 NORTHBH01 PACKALA08 PAKSOLA02 PANGORI01 PAPERPO05 PIEDMCH07 PLASTWC04 PREFEMO01 PREMICE01 PREMIIN01 PREMITH01 PROFEBR05 QSPACSF01 RJPPAPA01 RONICRI01 RUSCONL02 SIGMAHS02 SOUTHCP01 SOUTHTU11 SOUTHWI26 STARPCO04 STRETCL03 STRETGR01 SUNPAPB01 SUPPLAT05 TAPEPWO02 TEAMEYO01 TEAMJOM01 VALLEEB01,24815.48,T656,RS,TEQSUCB01
AM00208,R1,UW51249,A1,WU5A870,CALIBER PACKAGING AND EQUIPMENT,02/26/2020,10705.3,N,SW,2019 REBATE - 1%; SHIPMENT 1160340 LBS,0,*,02/28/2020,10705.3,AMJK,CSM,2019 REBATE,SWMZ,,, ABLETCL01 ACORNVA01 AMERIWC07 APEXCMA03 APEXPHU01 ATLANFH01 B2BINHA01 BCINDLY01 BELSOGB01 BENCHGA01 BLACKBP01 BOZZUCH01 CALIBRO01 CLARKAL01 COGENSA02 CONTIAD03 CONTISF01 CROWNCA03 EMASAPA01 FASTPJA01 FFDISNL01 HUGHELE01 IPSPACH01 KENTHMO05 LAKELPE01 MAINEPO01 MAYERSD02 MCLEOAG01 MEMCOFS02 MOUNTPO01 NATIOCA04 NEWAYPH03 NEWHASL02 NICHOBG01 NORTHBH01 PACKALA08 PAKSOLA02 PANGORI01 PAPERPO05 PIEDMCH07 PLASTWC04 PREFEMO01 PREMICE01 PREMIIN01 PREMITH01 PROFEBR05 QSPACSF01 RJPPAPA01 RONICRI01 RUSCONL02 SIGMAHS02 SOUTHCP01 SOUTHTU11 SOUTHWI26 STARPCO04 STRETCL03 STRETGR01 SUNPAPB01 SUPPLAT05 TAPEPWO02 TEAMEYO01 TEAMJOM01 VALLEEB01,2747,C863,RS,CALIBMO01
AM00208,R1,UW60417,A1,WU6A115,PREMIER PACKAGING,02/26/2020,98499.29,N,SW,2019 REBATE - 2% SHIPMENT 4648369 LBS,0,*,02/28/2020,98499.29,AMJK,SV,2019 REBATE,SWPD,,, ABLETCL01 ACORNVA01 AMERIWC07 APEXCMA03 APEXPHU01 ATLANFH01 B2BINHA01 BCINDLY01 BELSOGB01 BENCHGA01 BLACKBP01 BOZZUCH01 CALIBRO01 CLARKAL01 COGENSA02 CONTIAD03 CONTISF01 CROWNCA03 EMASAPA01 FASTPJA01 FFDISNL01 HUGHELE01 IPSPACH01 KENTHMO05 LAKELPE01 MAINEPO01 MAYERSD02 MCLEOAG01 MEMCOFS02 MOUNTPO01 NATIOCA04 NEWAYPH03 NEWHASL02 NICHOBG01 NORTHBH01 PACKALA08 PAKSOLA02 PANGORI01 PAPERPO05 PIEDMCH07 PLASTWC04 PREFEMO01 PREMICE01 PREMIIN01 PREMITH01 PROFEBR05 QSPACSF01 RJPPAPA01 RONICRI01 RUSCONL02 SIGMAHS02 SOUTHCP01 SOUTHTU11 SOUTHWI26 STARPCO04 STRETCL03 STRETGR01 SUNPAPB01 SUPPLAT05 TAPEPWO02 TEAMEYO01 TEAMJOM01 VALLEEB01,8392,PR09,RS,PREMILO02
AM00208,R1,UW70866,A1,WU7A485,CONTINENTAL WESTERN CORP LOS ANGELES,02/26/2020,22263.17,N,SW,"2019 REBATE - 1.5%; SHIPMENT 1851914 LBS
",0,*,02/28/2020,22263.17,AMAZ,SV,2019 REBATE,SWCK,,, ABLETCL01 ACORNVA01 AMERIWC07 APEXCMA03 APEXPHU01 ATLANFH01 B2BINHA01 BCINDLY01 BELSOGB01 BENCHGA01 BLACKBP01 BOZZUCH01 CALIBRO01 CLARKAL01 COGENSA02 CONTIAD03 CONTISF01 CROWNCA03 EMASAPA01 FASTPJA01 FFDISNL01 HUGHELE01 IPSPACH01 KENTHMO05 LAKELPE01 MAINEPO01 MAYERSD02 MCLEOAG01 MEMCOFS02 MOUNTPO01 NATIOCA04 NEWAYPH03 NEWHASL02 NICHOBG01 NORTHBH01 PACKALA08 PAKSOLA02 PANGORI01 PAPERPO05 PIEDMCH07 PLASTWC04 PREFEMO01 PREMICE01 PREMIIN01 PREMITH01 PROFEBR05 QSPACSF01 RJPPAPA01 RONICRI01 RUSCONL02 SIGMAHS02 SOUTHCP01 SOUTHTU11 SOUTHWI26 STARPCO04 STRETCL03 STRETGR01 SUNPAPB01 SUPPLAT05 TAPEPWO02 TEAMEYO01 TEAMJOM01 VALLEEB01,25546.75,C490,RS,CONTISF01
AM00208,R1,UW70943,A1,WU7A337,ORORA NORTH AMERICA,02/26/2020,55588.18,N,SW,2019 REBATE - 1% SHIPMENT 2844236 LBS,0,*,02/28/2020,55588.18,AMAZ,JAH,2019 REBATE,SWDP,,, ABLETCL01 ACORNVA01 AMERIWC07 APEXCMA03 APEXPHU01 ATLANFH01 B2BINHA01 BCINDLY01 BELSOGB01 BENCHGA01 BLACKBP01 BOZZUCH01 CALIBRO01 CLARKAL01 COGENSA02 CONTIAD03 CONTISF01 CROWNCA03 EMASAPA01 FASTPJA01 FFDISNL01 HUGHELE01 IPSPACH01 KENTHMO05 LAKELPE01 MAINEPO01 MAYERSD02 MCLEOAG01 MEMCOFS02 MOUNTPO01 NATIOCA04 NEWAYPH03 NEWHASL02 NICHOBG01 NORTHBH01 PACKALA08 PAKSOLA02 PANGORI01 PAPERPO05 PIEDMCH07 PLASTWC04 PREFEMO01 PREMICE01 PREMIIN01 PREMITH01 PROFEBR05 QSPACSF01 RJPPAPA01 RONICRI01 RUSCONL02 SIGMAHS02 SOUTHCP01 SOUTHTU11 SOUTHWI26 STARPCO04 STRETCL03 STRETGR01 SUNPAPB01 SUPPLAT05 TAPEPWO02 TEAMEYO01 TEAMJOM01 VALLEEB01,4312.32,K103,RS,KENTHTE04
AM00208,R1,UW71010,A1,WU7A319,SIGMA SUPPLY (RED SHEET),02/26/2020,182284.84,N,SW,2019 REBATE - 3% SHIPMENT 6571900 LBS,0,*,02/28/2020,182284.84,AMJK,CY,2019 REBATE,SWPD,,, ABLETCL01 ACORNVA01 AMERIWC07 APEXCMA03 APEXPHU01 ATLANFH01 B2BINHA01 BCINDLY01 BELSOGB01 BENCHGA01 BLACKBP01 BOZZUCH01 CALIBRO01 CLARKAL01 COGENSA02 CONTIAD03 CONTISF01 CROWNCA03 EMASAPA01 FASTPJA01 FFDISNL01 HUGHELE01 IPSPACH01 KENTHMO05 LAKELPE01 MAINEPO01 MAYERSD02 MCLEOAG01 MEMCOFS02 MOUNTPO01 NATIOCA04 NEWAYPH03 NEWHASL02 NICHOBG01 NORTHBH01 PACKALA08 PAKSOLA02 PANGORI01 PAPERPO05 PIEDMCH07 PLASTWC04 PREFEMO01 PREMICE01 PREMIIN01 PREMITH01 PROFEBR05 QSPACSF01 RJPPAPA01 RONICRI01 RUSCONL02 SIGMAHS02 SOUTHCP01 SOUTHTU11 SOUTHWI26 STARPCO04 STRETCL03 STRETGR01 SUNPAPB01 SUPPLAT05 TAPEPWO02 TEAMEYO01 TEAMJOM01 VALLEEB01,18260,S171,RS,SIGMAHS09
AM00208,R1,UW90419,A1,WU8A794,NICHOLS PAPER-MEIJER,02/26/2020,25728.71,N,SW,2019 REBATE - 3% SHIPMENT 896165 LBS,0,*,02/28/2020,25728.71,AMJK,CSM,2019 REBATE,SWMZ,,, ABLETCL01 ACORNVA01 AMERIWC07 APEXCMA03 APEXPHU01 ATLANFH01 B2BINHA01 BCINDLY01 BELSOGB01 BENCHGA01 BLACKBP01 BOZZUCH01 CALIBRO01 CLARKAL01 COGENSA02 CONTIAD03 CONTISF01 CROWNCA03 EMASAPA01 FASTPJA01 FFDISNL01 HUGHELE01 IPSPACH01 KENTHMO05 LAKELPE01 MAINEPO01 MAYERSD02 MCLEOAG01 MEMCOFS02 MOUNTPO01 NATIOCA04 NEWAYPH03 NEWHASL02 NICHOBG01 NORTHBH01 PACKALA08 PAKSOLA02 PANGORI01 PAPERPO05 PIEDMCH07 PLASTWC04 PREFEMO01 PREMICE01 PREMIIN01 PREMITH01 PROFEBR05 QSPACSF01 RJPPAPA01 RONICRI01 RUSCONL02 SIGMAHS02 SOUTHCP01 SOUTHTU11 SOUTHWI26 STARPCO04 STRETCL03 STRETGR01 SUNPAPB01 SUPPLAT05 TAPEPWO02 TEAMEYO01 TEAMJOM01 VALLEEB01,5443.2,N297,RS,NICHOBH01
AM00208,R1,UW90527,A1,WU8A846,PREFERRED PLASTICS AND PACKAGING,02/26/2020,73108.26,N,SW,2019 REBATE - 3% SHIPMENT 2794630 LBS,0,*,02/28/2020,73108.26,AMJK,CS,2019 REBATE,SWKC,,, ABLETCL01 ACORNVA01 AMERIWC07 APEXCMA03 APEXPHU01 ATLANFH01 B2BINHA01 BCINDLY01 BELSOGB01 BENCHGA01 BLACKBP01 BOZZUCH01 CALIBRO01 CLARKAL01 COGENSA02 CONTIAD03 CONTISF01 CROWNCA03 EMASAPA01 FASTPJA01 FFDISNL01 HUGHELE01 IPSPACH01 KENTHMO05 LAKELPE01 MAINEPO01 MAYERSD02 MCLEOAG01 MEMCOFS02 MOUNTPO01 NATIOCA04 NEWAYPH03 NEWHASL02 NICHOBG01 NORTHBH01 PACKALA08 PAKSOLA02 PANGORI01 PAPERPO05 PIEDMCH07 PLASTWC04 PREFEMO01 PREMICE01 PREMIIN01 PREMITH01 PROFEBR05 QSPACSF01 RJPPAPA01 RONICRI01 RUSCONL02 SIGMAHS02 SOUTHCP01 SOUTHTU11 SOUTHWI26 STARPCO04 STRETCL03 STRETGR01 SUNPAPB01 SUPPLAT05 TAPEPWO02 TEAMEYO01 TEAMJOM01 VALLEEB01,20893.6,P290,RS,PREFELY01
AM00208,R1,UW90955,A1,WU9A704,MOUNTAIN VIEW PACKAGING INC,02/26/2020,8336.32,N,SW,"2019 REBATE - 2% SHIPMENT 390830 LBS
",0,*,02/28/2020,8336.32,AMAZ,SMT,2019 REBATE,SWDP,,, ABLETCL01 ACORNVA01 AMERIWC07 APEXCMA03 APEXPHU01 ATLANFH01 B2BINHA01 BCINDLY01 BELSOGB01 BENCHGA01 BLACKBP01 BOZZUCH01 CALIBRO01 CLARKAL01 COGENSA02 CONTIAD03 CONTISF01 CROWNCA03 EMASAPA01 FASTPJA01 FFDISNL01 HUGHELE01 IPSPACH01 KENTHMO05 LAKELPE01 MAINEPO01 MAYERSD02 MCLEOAG01 MEMCOFS02 MOUNTPO01 NATIOCA04 NEWAYPH03 NEWHASL02 NICHOBG01 NORTHBH01 PACKALA08 PAKSOLA02 PANGORI01 PAPERPO05 PIEDMCH07 PLASTWC04 PREFEMO01 PREMICE01 PREMIIN01 PREMITH01 PROFEBR05 QSPACSF01 RJPPAPA01 RONICRI01 RUSCONL02 SIGMAHS02 SOUTHCP01 SOUTHTU11 SOUTHWI26 STARPCO04 STRETCL03 STRETGR01 SUNPAPB01 SUPPLAT05 TAPEPWO02 TEAMEYO01 TEAMJOM01 VALLEEB01,4807.68,M725,RS,MOUNTLV01
AM00208,R1,UW91015,A1,WU9A436,PROFESSIONAL PACKAGING SYSTEMS INC.,02/26/2020,5718.74,N,SW,2019 SEP - DEC - 2% ALL SHIPMENT 322594 LBS,0,*,02/28/2020,5718.74,AMJK,CSM,2019 REBATE,SWPB,,, ABLETCL01 ACORNVA01 AMERIWC07 APEXCMA03 APEXPHU01 ATLANFH01 B2BINHA01 BCINDLY01 BELSOGB01 BENCHGA01 BLACKBP01 BOZZUCH01 CALIBRO01 CLARKAL01 COGENSA02 CONTIAD03 CONTISF01 CROWNCA03 EMASAPA01 FASTPJA01 FFDISNL01 HUGHELE01 IPSPACH01 KENTHMO05 LAKELPE01 MAINEPO01 MAYERSD02 MCLEOAG01 MEMCOFS02 MOUNTPO01 NATIOCA04 NEWAYPH03 NEWHASL02 NICHOBG01 NORTHBH01 PACKALA08 PAKSOLA02 PANGORI01 PAPERPO05 PIEDMCH07 PLASTWC04 PREFEMO01 PREMICE01 PREMIIN01 PREMITH01 PROFEBR05 QSPACSF01 RJPPAPA01 RONICRI01 RUSCONL02 SIGMAHS02 SOUTHCP01 SOUTHTU11 SOUTHWI26 STARPCO04 STRETCL03 STRETGR01 SUNPAPB01 SUPPLAT05 TAPEPWO02 TEAMEYO01 TEAMJOM01 VALLEEB01,7485.44,P463,RS,PROFEGP01
AM00208,R1,UW91125,A1,WU9A600,NEW HAVEN MOVING EQUIPMENT,02/26/2020,57358.26,N,SW,2019 REBATE - 3% SHIPMENT 1991806 LBS,0,*,02/28/2020,57358.26,AMAZ,SV,2019 REBATE,SWMD,,, ABLETCL01 ACORNVA01 AMERIWC07 APEXCMA03 APEXPHU01 ATLANFH01 B2BINHA01 BCINDLY01 BELSOGB01 BENCHGA01 BLACKBP01 BOZZUCH01 CALIBRO01 CLARKAL01 COGENSA02 CONTIAD03 CONTISF01 CROWNCA03 EMASAPA01 FASTPJA01 FFDISNL01 HUGHELE01 IPSPACH01 KENTHMO05 LAKELPE01 MAINEPO01 MAYERSD02 MCLEOAG01 MEMCOFS02 MOUNTPO01 NATIOCA04 NEWAYPH03 NEWHASL02 NICHOBG01 NORTHBH01 PACKALA08 PAKSOLA02 PANGORI01 PAPERPO05 PIEDMCH07 PLASTWC04 PREFEMO01 PREMICE01 PREMIIN01 PREMITH01 PROFEBR05 QSPACSF01 RJPPAPA01 RONICRI01 RUSCONL02 SIGMAHS02 SOUTHCP01 SOUTHTU11 SOUTHWI26 STARPCO04 STRETCL03 STRETGR01 SUNPAPB01 SUPPLAT05 TAPEPWO02 TEAMEYO01 TEAMJOM01 VALLEEB01,5971.2,N010,RS,NEWHASL02
AM00208,R1,UW91181,A1,WU9A792,NATIONAL PAPER & PLASTICS CO.-PAUL CELLA,02/26/2020,16243.36,N,SW,2019 REBATE - 1% SHIPMENT 1501486 LBS,0,*,02/28/2020,16243.36,AMJK,EV,2019 REBATE,SWKM,,, ABLETCL01 ACORNVA01 AMERIWC07 APEXCMA03 APEXPHU01 ATLANFH01 B2BINHA01 BCINDLY01 BELSOGB01 BENCHGA01 BLACKBP01 BOZZUCH01 CALIBRO01 CLARKAL01 COGENSA02 CONTIAD03 CONTISF01 CROWNCA03 EMASAPA01 FASTPJA01 FFDISNL01 HUGHELE01 IPSPACH01 KENTHMO05 LAKELPE01 MAINEPO01 MAYERSD02 MCLEOAG01 MEMCOFS02 MOUNTPO01 NATIOCA04 NEWAYPH03 NEWHASL02 NICHOBG01 NORTHBH01 PACKALA08 PAKSOLA02 PANGORI01 PAPERPO05 PIEDMCH07 PLASTWC04 PREFEMO01 PREMICE01 PREMIIN01 PREMITH01 PROFEBR05 QSPACSF01 RJPPAPA01 RONICRI01 RUSCONL02 SIGMAHS02 SOUTHCP01 SOUTHTU11 SOUTHWI26 STARPCO04 STRETCL03 STRETGR01 SUNPAPB01 SUPPLAT05 TAPEPWO02 TEAMEYO01 TEAMJOM01 VALLEEB01,1760.64,N044,RS,SOUTHSP34
AM00208,R1,UW91262,A1,WU9A962,PANGO SALES INC,02/26/2020,11597.71,N,SW,2019 REBATE - 1% SHIPMENT 1172714 LBS,0,*,02/28/2020,11597.71,AMJK,EV,2019 REBATE,SWKM,,, ABLETCL01 ACORNVA01 AMERIWC07 APEXCMA03 APEXPHU01 ATLANFH01 B2BINHA01 BCINDLY01 BELSOGB01 BENCHGA01 BLACKBP01 BOZZUCH01 CALIBRO01 CLARKAL01 COGENSA02 CONTIAD03 CONTISF01 CROWNCA03 EMASAPA01 FASTPJA01 FFDISNL01 HUGHELE01 IPSPACH01 KENTHMO05 LAKELPE01 MAINEPO01 MAYERSD02 MCLEOAG01 MEMCOFS02 MOUNTPO01 NATIOCA04 NEWAYPH03 NEWHASL02 NICHOBG01 NORTHBH01 PACKALA08 PAKSOLA02 PANGORI01 PAPERPO05 PIEDMCH07 PLASTWC04 PREFEMO01 PREMICE01 PREMIIN01 PREMITH01 PROFEBR05 QSPACSF01 RJPPAPA01 RONICRI01 RUSCONL02 SIGMAHS02 SOUTHCP01 SOUTHTU11 SOUTHWI26 STARPCO04 STRETCL03 STRETGR01 SUNPAPB01 SUPPLAT05 TAPEPWO02 TEAMEYO01 TEAMJOM01 VALLEEB01,43424.54,P456,RS,PANGORI01
AM00208,R1,UWA0146,A1,WUAA077,PAPER CHEMICAL SUPPLY,02/26/2020,697.23,N,SW,2019 REBATE - 1% SHIPMENT 73402 LBS,0,*,02/28/2020,697.23,AMJK,EV,2019 REBATE,SWKM,,, ABLETCL01 ACORNVA01 AMERIWC07 APEXCMA03 APEXPHU01 ATLANFH01 B2BINHA01 BCINDLY01 BELSOGB01 BENCHGA01 BLACKBP01 BOZZUCH01 CALIBRO01 CLARKAL01 COGENSA02 CONTIAD03 CONTISF01 CROWNCA03 EMASAPA01 FASTPJA01 FFDISNL01 HUGHELE01 IPSPACH01 KENTHMO05 LAKELPE01 MAINEPO01 MAYERSD02 MCLEOAG01 MEMCOFS02 MOUNTPO01 NATIOCA04 NEWAYPH03 NEWHASL02 NICHOBG01 NORTHBH01 PACKALA08 PAKSOLA02 PANGORI01 PAPERPO05 PIEDMCH07 PLASTWC04 PREFEMO01 PREMICE01 PREMIIN01 PREMITH01 PROFEBR05 QSPACSF01 RJPPAPA01 RONICRI01 RUSCONL02 SIGMAHS02 SOUTHCP01 SOUTHTU11 SOUTHWI26 STARPCO04 STRETCL03 STRETGR01 SUNPAPB01 SUPPLAT05 TAPEPWO02 TEAMEYO01 TEAMJOM01 VALLEEB01,15433.44,P259,RS,PAPERPO05
AM00208,R1,UWA0326,A1,WU9A510,BLACKHAWK INDUSTRIAL,02/26/2020,5803.29,N,SW,2019 REBATE - $0.01/LB; SHIPMENT 580329 LBS,0,*,02/28/2020,5803.29,AMJK,CY,2019 REBATE,SWJD,,, ABLETCL01 ACORNVA01 AMERIWC07 APEXCMA03 APEXPHU01 ATLANFH01 B2BINHA01 BCINDLY01 BELSOGB01 BENCHGA01 BLACKBP01 BOZZUCH01 CALIBRO01 CLARKAL01 COGENSA02 CONTIAD03 CONTISF01 CROWNCA03 EMASAPA01 FASTPJA01 FFDISNL01 HUGHELE01 IPSPACH01 KENTHMO05 LAKELPE01 MAINEPO01 MAYERSD02 MCLEOAG01 MEMCOFS02 MOUNTPO01 NATIOCA04 NEWAYPH03 NEWHASL02 NICHOBG01 NORTHBH01 PACKALA08 PAKSOLA02 PANGORI01 PAPERPO05 PIEDMCH07 PLASTWC04 PREFEMO01 PREMICE01 PREMIIN01 PREMITH01 PROFEBR05 QSPACSF01 RJPPAPA01 RONICRI01 RUSCONL02 SIGMAHS02 SOUTHCP01 SOUTHTU11 SOUTHWI26 STARPCO04 STRETCL03 STRETGR01 SUNPAPB01 SUPPLAT05 TAPEPWO02 TEAMEYO01 TEAMJOM01 VALLEEB01,17172,P880,RS,BLACKBP01
AM00208,R1,UWA0437,A1,WUAA261,ABLE TAPE AND PACKAGING,02/26/2020,11857.41,N,SW,2019 REBATE - 2%,0,*,02/28/2020,11857.41,AMJK,EV,2019 REBATE,SWKM,,, ABLETCL01 ACORNVA01 AMERIWC07 APEXCMA03 APEXPHU01 ATLANFH01 B2BINHA01 BCINDLY01 BELSOGB01 BENCHGA01 BLACKBP01 BOZZUCH01 CALIBRO01 CLARKAL01 COGENSA02 CONTIAD03 CONTISF01 CROWNCA03 EMASAPA01 FASTPJA01 FFDISNL01 HUGHELE01 IPSPACH01 KENTHMO05 LAKELPE01 MAINEPO01 MAYERSD02 MCLEOAG01 MEMCOFS02 MOUNTPO01 NATIOCA04 NEWAYPH03 NEWHASL02 NICHOBG01 NORTHBH01 PACKALA08 PAKSOLA02 PANGORI01 PAPERPO05 PIEDMCH07 PLASTWC04 PREFEMO01 PREMICE01 PREMIIN01 PREMITH01 PROFEBR05 QSPACSF01 RJPPAPA01 RONICRI01 RUSCONL02 SIGMAHS02 SOUTHCP01 SOUTHTU11 SOUTHWI26 STARPCO04 STRETCL03 STRETGR01 SUNPAPB01 SUPPLAT05 TAPEPWO02 TEAMEYO01 TEAMJOM01 VALLEEB01,31566.92,A692,RS,ABLETCL01
AM00208,R1,UWA0538,A1,WUAA205,NEWAY PACKAGING CORP.,02/26/2020,7002.83,N,SW,2019 REBATE - 2% SHIPMENT 375405 LBS,0,*,02/28/2020,7002.83,AMAZ,SV,2019 REBATE,SWCK,,, ABLETCL01 ACORNVA01 AMERIWC07 APEXCMA03 APEXPHU01 ATLANFH01 B2BINHA01 BCINDLY01 BELSOGB01 BENCHGA01 BLACKBP01 BOZZUCH01 CALIBRO01 CLARKAL01 COGENSA02 CONTIAD03 CONTISF01 CROWNCA03 EMASAPA01 FASTPJA01 FFDISNL01 HUGHELE01 IPSPACH01 KENTHMO05 LAKELPE01 MAINEPO01 MAYERSD02 MCLEOAG01 MEMCOFS02 MOUNTPO01 NATIOCA04 NEWAYPH03 NEWHASL02 NICHOBG01 NORTHBH01 PACKALA08 PAKSOLA02 PANGORI01 PAPERPO05 PIEDMCH07 PLASTWC04 PREFEMO01 PREMICE01 PREMIIN01 PREMITH01 PROFEBR05 QSPACSF01 RJPPAPA01 RONICRI01 RUSCONL02 SIGMAHS02 SOUTHCP01 SOUTHTU11 SOUTHWI26 STARPCO04 STRETCL03 STRETGR01 SUNPAPB01 SUPPLAT05 TAPEPWO02 TEAMEYO01 TEAMJOM01 VALLEEB01,8278.4,N150,RS,NEWAYPH03
AM00208,R1,UWA0896,A1,WU9A681,"CORRUGADOS DE BAJA CALIFORNIA, S. DE RI",02/26/2020,0,N,SW,2019 REBATE - DID NOT MEET,0,*,02/28/2020,0,AMAZ,SV,2019 REBATE,SWPE,,, ABLETCL01 ACORNVA01 AMERIWC07 APEXCMA03 APEXPHU01 ATLANFH01 B2BINHA01 BCINDLY01 BELSOGB01 BENCHGA01 BLACKBP01 BOZZUCH01 CALIBRO01 CLARKAL01 COGENSA02 CONTIAD03 CONTISF01 CROWNCA03 EMASAPA01 FASTPJA01 FFDISNL01 HUGHELE01 IPSPACH01 KENTHMO05 LAKELPE01 MAINEPO01 MAYERSD02 MCLEOAG01 MEMCOFS02 MOUNTPO01 NATIOCA04 NEWAYPH03 NEWHASL02 NICHOBG01 NORTHBH01 PACKALA08 PAKSOLA02 PANGORI01 PAPERPO05 PIEDMCH07 PLASTWC04 PREFEMO01 PREMICE01 PREMIIN01 PREMITH01 PROFEBR05 QSPACSF01 RJPPAPA01 RONICRI01 RUSCONL02 SIGMAHS02 SOUTHCP01 SOUTHTU11 SOUTHWI26 STARPCO04 STRETCL03 STRETGR01 SUNPAPB01 SUPPLAT05 TAPEPWO02 TEAMEYO01 TEAMJOM01 VALLEEB01,15896,L228,RE,CORRUSD01
AM00208,R1,UWA0924,A1,WUAA241,NATIONAL PAPER & PLASTICS CO.-PAUL CELLA,02/26/2020,0,N,SW,2019 REBATE - DID NOT MEET,0,*,02/28/2020,0,AMJK,CY,2019 REBATE,SWJD,,, ABLETCL01 ACORNVA01 AMERIWC07 APEXCMA03 APEXPHU01 ATLANFH01 B2BINHA01 BCINDLY01 BELSOGB01 BENCHGA01 BLACKBP01 BOZZUCH01 CALIBRO01 CLARKAL01 COGENSA02 CONTIAD03 CONTISF01 CROWNCA03 EMASAPA01 FASTPJA01 FFDISNL01 HUGHELE01 IPSPACH01 KENTHMO05 LAKELPE01 MAINEPO01 MAYERSD02 MCLEOAG01 MEMCOFS02 MOUNTPO01 NATIOCA04 NEWAYPH03 NEWHASL02 NICHOBG01 NORTHBH01 PACKALA08 PAKSOLA02 PANGORI01 PAPERPO05 PIEDMCH07 PLASTWC04 PREFEMO01 PREMICE01 PREMIIN01 PREMITH01 PROFEBR05 QSPACSF01 RJPPAPA01 RONICRI01 RUSCONL02 SIGMAHS02 SOUTHCP01 SOUTHTU11 SOUTHWI26 STARPCO04 STRETCL03 STRETGR01 SUNPAPB01 SUPPLAT05 TAPEPWO02 TEAMEYO01 TEAMJOM01 VALLEEB01,21669,N044,RS,BELSOGB01
AM00208,R1,UWA0954,A1,WUAA497,NATIONAL PAPER & PLASTICS CO.-PAUL CELLA,02/26/2020,838.38,N,SW,"2019 REBATE - 1%, SHIPMENT86597 LBS",0,*,02/28/2020,838.38,AMJK,EV,2019 REBATE,SWMD,,, ABLETCL01 ACORNVA01 AMERIWC07 APEXCMA03 APEXPHU01 ATLANFH01 B2BINHA01 BCINDLY01 BELSOGB01 BENCHGA01 BLACKBP01 BOZZUCH01 CALIBRO01 CLARKAL01 COGENSA02 CONTIAD03 CONTISF01 CROWNCA03 EMASAPA01 FASTPJA01 FFDISNL01 HUGHELE01 IPSPACH01 KENTHMO05 LAKELPE01 MAINEPO01 MAYERSD02 MCLEOAG01 MEMCOFS02 MOUNTPO01 NATIOCA04 NEWAYPH03 NEWHASL02 NICHOBG01 NORTHBH01 PACKALA08 PAKSOLA02 PANGORI01 PAPERPO05 PIEDMCH07 PLASTWC04 PREFEMO01 PREMICE01 PREMIIN01 PREMITH01 PROFEBR05 QSPACSF01 RJPPAPA01 RONICRI01 RUSCONL02 SIGMAHS02 SOUTHCP01 SOUTHTU11 SOUTHWI26 STARPCO04 STRETCL03 STRETGR01 SUNPAPB01 SUPPLAT05 TAPEPWO02 TEAMEYO01 TEAMJOM01 VALLEEB01,9460.32,N044,RS,ACORNLA10
AM00208,R1,UWB0992,A1,WUBA501,NATIONAL PAPER & PLASTICS CO.-PAUL CELLA,02/26/2020,16652.93,N,SW,2019 REBATE - 3% SHIPMENT 559509 LBS,0,*,02/28/2020,16652.93,AMJK,EV,2019 REBATE,SWMD,,, ABLETCL01 ACORNVA01 AMERIWC07 APEXCMA03 APEXPHU01 ATLANFH01 B2BINHA01 BCINDLY01 BELSOGB01 BENCHGA01 BLACKBP01 BOZZUCH01 CALIBRO01 CLARKAL01 COGENSA02 CONTIAD03 CONTISF01 CROWNCA03 EMASAPA01 FASTPJA01 FFDISNL01 HUGHELE01 IPSPACH01 KENTHMO05 LAKELPE01 MAINEPO01 MAYERSD02 MCLEOAG01 MEMCOFS02 MOUNTPO01 NATIOCA04 NEWAYPH03 NEWHASL02 NICHOBG01 NORTHBH01 PACKALA08 PAKSOLA02 PANGORI01 PAPERPO05 PIEDMCH07 PLASTWC04 PREFEMO01 PREMICE01 PREMIIN01 PREMITH01 PROFEBR05 QSPACSF01 RJPPAPA01 RONICRI01 RUSCONL02 SIGMAHS02 SOUTHCP01 SOUTHTU11 SOUTHWI26 STARPCO04 STRETCL03 STRETGR01 SUNPAPB01 SUPPLAT05 TAPEPWO02 TEAMEYO01 TEAMJOM01 VALLEEB01,28559.84,N044,RS,COGENRI03
AM00208,R1,UWC0128,A1,WUBA484,MEMCO INC,02/26/2020,10281.37,N,SW,2019 REBATE - 2% SHIPMENT 515994 LBS,0,*,02/28/2020,10281.37,AMJK,EV,2019 REBATE,SWCG,,, ABLETCL01 ACORNVA01 AMERIWC07 APEXCMA03 APEXPHU01 ATLANFH01 B2BINHA01 BCINDLY01 BELSOGB01 BENCHGA01 BLACKBP01 BOZZUCH01 CALIBRO01 CLARKAL01 COGENSA02 CONTIAD03 CONTISF01 CROWNCA03 EMASAPA01 FASTPJA01 FFDISNL01 HUGHELE01 IPSPACH01 KENTHMO05 LAKELPE01 MAINEPO01 MAYERSD02 MCLEOAG01 MEMCOFS02 MOUNTPO01 NATIOCA04 NEWAYPH03 NEWHASL02 NICHOBG01 NORTHBH01 PACKALA08 PAKSOLA02 PANGORI01 PAPERPO05 PIEDMCH07 PLASTWC04 PREFEMO01 PREMICE01 PREMIIN01 PREMITH01 PROFEBR05 QSPACSF01 RJPPAPA01 RONICRI01 RUSCONL02 SIGMAHS02 SOUTHCP01 SOUTHTU11 SOUTHWI26 STARPCO04 STRETCL03 STRETGR01 SUNPAPB01 SUPPLAT05 TAPEPWO02 TEAMEYO01 TEAMJOM01 VALLEEB01,5028.48,M716,RS,MEMCOHO05
AM00208,R1,UWC0371,A1,WUCA246,TAPE PRODUCTS CO.,02/26/2020,46938.58,N,SW,2019 REBATE - 3% SHIPMENT 1723047 LBS,0,*,02/28/2020,46938.58,AMJK,CSM,2019 REBATE,SWMZ,,, ABLETCL01 ACORNVA01 AMERIWC07 APEXCMA03 APEXPHU01 ATLANFH01 B2BINHA01 BCINDLY01 BELSOGB01 BENCHGA01 BLACKBP01 BOZZUCH01 CALIBRO01 CLARKAL01 COGENSA02 CONTIAD03 CONTISF01 CROWNCA03 EMASAPA01 FASTPJA01 FFDISNL01 HUGHELE01 IPSPACH01 KENTHMO05 LAKELPE01 MAINEPO01 MAYERSD02 MCLEOAG01 MEMCOFS02 MOUNTPO01 NATIOCA04 NEWAYPH03 NEWHASL02 NICHOBG01 NORTHBH01 PACKALA08 PAKSOLA02 PANGORI01 PAPERPO05 PIEDMCH07 PLASTWC04 PREFEMO01 PREMICE01 PREMIIN01 PREMITH01 PROFEBR05 QSPACSF01 RJPPAPA01 RONICRI01 RUSCONL02 SIGMAHS02 SOUTHCP01 SOUTHTU11 SOUTHWI26 STARPCO04 STRETCL03 STRETGR01 SUNPAPB01 SUPPLAT05 TAPEPWO02 TEAMEYO01 TEAMJOM01 VALLEEB01,33529.2,T105,RS,TAPEPCI01
AM00209,M2,VW21100,A1,WV2A814,TAPE PRODUCTS CO.,02/26/2020,320,N,SW,KEY IN ERROR - PRICE,0,*,03/03/2020,320,AMJK,CSM,CREDIT PRICE DISCREPANCY,SWBU,HSB,, TAPEPCI01,33697.52,T105,RS,TAPEPCI01
AM00210,M5,VB10741,A1,BV1A085,AMERICAN PACKAGING CORP.,02/26/2020,196.67,N,BP,Discount charge for Citibank payment.,0,*,03/02/2020,196.67,AMJK,YM,discount charge citi bank,CFGF,,, AMERICH55 AMERIDM06 AMERIDM10 BADGEFR02,5307.9,A050,RS,AMERISC01
AM00210,M5,VB11027,A1,BUBA261,AMERICAN PACKAGING CORP.,02/26/2020,2613.61,N,BP,Discount charge for Citibank payment.,0,*,03/02/2020,2613.61,AMJK,YM,discount charge citi bank,CFGF,,, AMERICH55 AMERIDM06 AMERIDM10 BADGEFR02,25011.84,A050,RS,AMERISC01
AM00210,M5,VB11498,A1,BUBA565,AMERICAN PACKAGING CORP.,02/26/2020,253.78,N,BP,Discount charge for Citibank payment.,0,*,03/02/2020,253.78,AMJK,YM,discount charge citi bank,CFGF,,, AMERICH55 AMERIDM06 AMERIDM10 BADGEFR02,23461.34,A050,RS,AMERICO05
AM00210,M5,VB11550,A1,BUAA512,AMERICAN PACKAGING CORP.,02/26/2020,252.35,N,BP,Discount charge for Citibank payment.,0,*,03/02/2020,252.35,AMJK,YM,discount charge citi bank,CFGF,,, AMERICH55 AMERIDM06 AMERIDM10 BADGEFR02,22688.28,A050,RS,AMERICO05
AM00210,M5,VB11779,A1,BUCA588,AMERICAN PACKAGING CORP.,02/26/2020,767.65,N,BP,Discount charge for Citibank payment.,0,*,03/02/2020,767.65,AMJK,YM,discount charge citi bank,CFGF,,, AMERICH55 AMERIDM06 AMERIDM10 BADGEFR02,7138.84,A050,RS,AMERICO05
AM00210,M5,VB11887,A1,BUCA880,AMERICAN PACKAGING CORP.,02/26/2020,886.24,N,BP,Discount charge for Citibank payment.,0,*,03/02/2020,886.24,AMJK,YM,discount charge citi bank,CFGF,,, AMERICH55 AMERIDM06 AMERIDM10 BADGEFR02,9547.57,A050,RS,AMERISC01
AM00210,M5,VB11929,A1,BUCA588,AMERICAN PACKAGING CORP.,02/26/2020,4313.91,N,BP,Discount charge for Citibank payment.,0,*,03/02/2020,4313.91,AMJK,YM,discount charge citi bank,CFGF,,, AMERICH55 AMERIDM06 AMERIDM10 BADGEFR02,41298.3,A050,RS,AMERICO05
AM00210,M5,VB11943,A1,BV1A767,AMERICAN PACKAGING CORP.,02/26/2020,3725.27,N,BP,Discount charge for Citibank payment.,0,*,03/02/2020,3725.27,AMSC,AH,discount charge citi bank,CFGF,,, AMERICH55 AMERIDM06 AMERIDM10 BADGEFR02,28839.45,A050,RS,AMERISC01
AM00210,M5,VB20020,A1,BUAA684,AMERICAN PACKAGING CORP.,02/26/2020,300.48,N,BP,Discount charge for Citibank payment.,0,*,03/02/2020,300.48,AMJK,YM,discount charge citi bank,CFGF,,, AMERICH55 AMERIDM06 AMERIDM10 BADGEFR02,27675.68,A050,RS,AMERICO05
AM00210,M5,VB20389,A1,BV1A379,AMERICAN PACKAGING CORP.,02/26/2020,32.57,N,BP,Discount charge for Citibank payment.,0,*,03/02/2020,32.57,AMJK,YM,discount charge citi bank,CFGF,,, AMERICH55 AMERIDM06 AMERIDM10 BADGEFR02,3056.33,A050,RS,AMERICO05
AM00211,P1,VB21111,A1,BV1A852,PRINTPACK INC (METALLIZING),02/27/2020,2308.19,Y,BP,"AMSC -NWP18- water damaged returned top plant
S000093969",2617,*,03/12/2020,2308.19,AMSC,DB,NWP18 water damage- returned to plant,CFMS,NWP,, PRINTVR11,4582.87,P043,RS,PRINTVR14
AM00211,P1,VB21112,A1,BV1A854,PRINTPACK INC (METALLIZING),02/27/2020,2510.17,Y,BP,"AMSC NWP water damage - return to plant
S000094347",2846,*,03/12/2020,2510.17,AMSC,DB,NWP18 water damage- returned to plant,CFMS,NWP,, PRINTVR11,2510.17,P043,RS,PRINTVR14
AM00212,S7,UBA1310,A1,BU9A168,3M JAPAN PRODUCTS LIMITED,02/27/2020,1247.15,N,BP,Pallet: 4171181 was damaged ,0,*,03/12/2020,1247.15,AMJK,YM,pallet damage,CFDP,KT,, 3MJAPTO01,22777.12,M020,ES,3MJAPTO01
AM00213,M5,VW10075,A1,WUCA580,PACKAGING SERVICES OF MARYLAND,02/27/2020,113.28,N,SW,SAMPLE - 4 RL,119.1,*,03/03/2020,113.28,AMJK,CS,CREDIT SAMPLE,SWLU,EHB,, PACKAWI01,30974.8,P474,RS,PACKAWI01
AM00214,P1,VB20815,A1,BV1A260,TRANSCENDIA,02/27/2020,1512.09,N,BP,Tin Canning Issue - Master Roll # S000093264 ,1170,*,03/26/2020,1512.1,AMSC,PV,#024E0D tin canning,CFJM,SP,, TRANSGR03,2526.64,T025,RS,TRANSGR03
AM00215,M2,VB21204,A1,BVAAAKP,BRYCE CORPORATION,02/27/2020,102.26,N,BP,CDT25 not for Frito. Attached approved SPR and price list.,0,*,03/02/2020,102.26,AMJK,YM,price,CFYG,CDT,, BRYCEME11,4036.5,B102,RS,BRYCEME24
AM00216,M9,UW51297,A1,WU5A378,TAPE PRODUCTS CO.,02/28/2020,215.28,N,SW,HARD RELEASE - 3 RL,203.04,*,03/03/2020,215.28,AMJK,CSM,SCRAP IN FIELD 3 RL,SWMZ,CLV,, TAPEPWO02,6888.96,T105,RS,TAPEPCI01
AM00217,T2,VB20623,A1,BV1A025,SERVICES AND PACKAGING S.R.L,02/28/2020,111.22,N,BP,"Great White Fleet Shipping line charged customer extra for shipping expenses
Shipping to customer includes Cost, Insurance and Freight",0,D,10/13/2020,0,AMJK,PV,denied,AMJO,BA,, SERVISP05,31109.57,S013,ES,SERVISP06
AM00218,M0,VW21128,A1,WV2A504,STAMAR PACKAGING,02/28/2020,0,Y,SW,RE-DELIVERED TO MONTS PAPER,0,*,03/13/2020,0,AMJK,CSM,PAPERWORK FOR RE-DELIVERY ONLY - PRO# 317256648 CH ROBINSON,SWCG,EHB,, STAMAME02,15192,S781,RS,STAMAME01
AM00219,M1,VB21165,A1,BV1A396,3M COMPANY - ACCOUNTS PAYABLE,02/28/2020,46180.84,Y,BP,"3M ordered KT30T (11-0042-0878-8)  but order placed for KT30A out of confusion for running KT orders alongside 3M Japan orders.
Want to return and have film rewound and shipped back. ",38420,*,03/17/2020,46180.84,AMJK,KS,JMME-BM8JDB -wrong treatment,CFDP,KT,, 3MCOMGR01,46180.84,M281,RS,3MCOMSP03
AM00220,P1,UB91341,A1,BU8A330,3M JAPAN PRODUCTS LIMITED,03/02/2020,1259.95,N,BP,"Crushed core
Pallet# 0004165432",1037,*,03/24/2020,1259.96,AMJK,YM,Crushed core,CFDP,KT,, 3MJAPTO01,37801.08,M020,ES,3MJAPTO01
AM00221,S1,UBB0360,A1,BU6A192,PRINT PACK,03/02/2020,1689.99,Y,BP,"amsc- brt15- customer never received order 
Pallet S000082081 found in 2/8 inventory. Need sales return to credit.",1636,*,03/13/2020,1689.98,AMSC,SN,pallet not shipped,CFMS,BRT,, PRINTEL02,1689.99,P043,RS,PRINTEL02
AM00222,M4,UWC0790,A1,WUCA335,COLE PAPERS INC,03/02/2020,300,N,SW,2020 ANNUAL SALES MEETING,0,*,03/04/2020,300,AMAZ,CY,"2020 ANNUAL SALES MEETING	",SWJD,,, COLEPFA07,4502.4,C427,RS,COLEPFA07
AM00223,P1,VB20356,A1,BUCA781,FORT DEARBORN,03/03/2020,829.71,N,BP,"AMJk- YCL70 wrinkles roll #0011101567
115 rejected on-line but entire roll was pulled- 692 lbs
pictures attached.",692,*,03/12/2020,829.71,AMJK,KS,#402876 wrinkles,CFDP,,, FORTDFW01,45027.25,F255,RS,FORTDFW01
AM00224,S1,VB20060,A1,BUCA426,FORT DEARBORN COMPANY,03/03/2020,19.66,N,BP,"Did not receieve Roll#912110177 wt 736 lbs but recieved 9121101814 Wt 718 lbs instead
Edited packing list to revise error.",18,*,03/11/2020,19.66,AMJK,KS,difference in weight for roll received,CFDP,YCL,, FORTDLE02,44742.52,F255,RS,FORTDLE01
AM00225,S1,VB21053,A1,BV2A002,FORT DEARBORN COMPANY,03/03/2020,33.86,N,BP,"Did not recieve rolls 0021100804 and 0021100806
Received 002100799 and 0021100797 instead 
Revised packning list",31,*,03/11/2020,33.86,AMJK,KS,difference in weight for rolls received,CFDP,YCL,, FORTDLE02,44474.98,F255,RS,FORTDLE01
AM00226,P1,VB11806,A1,BV1A398,TC TRANSCONTINENTAL US LLC.,03/03/2020,456,N,BP,AMJK - VS18 loose edges #0004202032,500,*,03/18/2020,456,AMJK,AL,SC2020-18 loose edges,CFGF,VS,, TCTRASP01,18851.04,I134,RS,TCTRASP01
AM00227,M4,UWB0011,A4,WUAA499,SUNRISE MANUFACTURING,03/03/2020,558.5,N,SW,CREDIT FREIGHT FOR SUNRISE TO PULL BACK DEFECTIVE MATERIAL FROM END USER,0,*,03/09/2020,558.5,AMAZ,EV,CREDIT,SWMD,ELB,, SUNRIRC01,21856,S642,RS,SUNRIRC01
AM00228,P1,UB80445,A2,BU6A394,FORT DEARBORN COMPANY,03/03/2020,106.15,N,BP,One roll is rejected for blocking and causing stops on press (9061301650),121.87,*,03/24/2020,106.15,AMJK,SE,#400788 blocking/wavy,CFDP,VS,, FORTDBG01,6141.42,F255,RS,FORTDBG01
AM00228,P1,UBB0030,A1,BU6A396,FORT DEARBORN COMPANY,03/03/2020,327.27,N,BP,wavy and burning going in the treater which is causing issues on press. (9074100178),177.29,*,03/24/2020,327.28,AMJK,KS,#400788 blocking/wavy,CFDP,PM,, FORTDBG01,9438.6,F255,RS,FORTDBG01
AM00229,M6,VD20656,A1,DV1A094,"ADVANCE DRAINAGE SYSTEMS, INC.",03/03/2020,2487.66,N,CT,PRICE ADJUSTMENT FOR PP PRICE DECREASE,0,*,03/11/2020,2487.66,AMJK,BO,CREDIT PRICE DISCREPANCY,KH,MP,, ADVANOL01,69654.48,E00B,RS,ENTERCO0A
AM00230,P1,UB80447,A1,BU7A132,FORT DEARBORN COMPANY,03/03/2020,409.16,N,BP,"Roll is causing web breaks on press and had to be pulled and rejected 
9071301096",415.81,*,03/24/2020,409.16,AMJK,SE,#400798 web breaks,CFDP,TL,, FORTDBG01,12105.72,F255,RS,FORTDBG01
AM00231,M5,VW20600,A1,WV2A430,BLACKHAWK INDUSTRIAL,03/03/2020,179.97,N,SW,SAMPLE - 7 RL,195.79,*,03/07/2020,179.97,AMJK,CY,CREDIT SAMPLE,SWJD,AM1,, BLACKBP01,35214.2,P880,RS,BLACKBP01
AM00232,P1,UB61091,A2,BU4A511,FORT DEARBORN COMPANY,03/03/2020,189.48,N,BP,"Stock is not treated causing print issues, Roll rejected
9041302517",215.56,*,03/24/2020,189.48,AMJK,SE,#400800 treatment,CFDP,VS,, FORTDBG01,7321.19,F255,RS,FORTDBG01
AM00234,M2,VD30003,A1,DUCA044,PREMIER SPECIALTY PRODUCTS INC.,03/04/2020,2926,N,CT,"KEY IN ERROR - PRICE, SHOULD BE $1.26/LB",0,*,03/13/2020,2926,AMJK,BO,CREDIT PRICE DISCREPANCY,KH,NL,, PSPINSF01,29260,S07B,RS,SHOPPMI0B
AM00235,R1,VB21191,A1,BV2A152,TRANSCENDIA,03/04/2020,39217.44,N,BP,"Transcendia Feb 2020 Rebate
All Films 
Total lbs: 653,624 lb. 
Rebate: $0.06/lb. 
Total rebate: $39,217.44",653624,*,03/04/2020,39217.44,AMJK,PV,Feb 2020 rebate,CFJM,CL,, TRANSFP02,24608.61,T025,RS,TRANSFP02
AM00236,R1,VB21646,A1,BV1A263,PRINTPACK VR2(CONSGT-AMSC)GMI,03/04/2020,16449.61,N,BP,"PPK VR2 Consignment Storage Allowance - Feb 2020
CWS, VA and MTF
Total lbs: 1,644,961.15 lb. 
Credit: $0.01/lb. 
Total credit: $16,449.61",1644961.15,*,03/11/2020,16449.61,AMSC,SN,Consignment storage allowance Feb 2020,CFMS,CWS,, PRINTVR25,9807,P043,RS,PRINTVR24
AM00237,T1,VB30130,A1,BV1A439,BAMA FOODS LIMITED PARTNERSHIP,03/04/2020,40298.13,Y,BP,"amjk- rejecting load due to water on top of pallets
Pictures included of load when it left Lolita. 
Drake returning film back to Lolita. ",26425,*,03/17/2020,40298.12,AMJK,SN,f048608 - water on pallets returned,CFDH,CL,, BAMAFTU03,40298.13,BB15,RS,BAMAFTU02
AM00238,M4,VB30104,A1,BVAAAMA,BRYCE CORPORATION,03/04/2020,20609.55,Y,BP,Consignment KM/KWM return to Lolita due to low dyne issues and material not being usable. Pallets that were returned were incorrectly invoiced.,12253,*,03/11/2020,20609.54,AMJK,YM,Consignment KM/KWM return,CFYG,KM,, BRYCEME11,20609.55,B102,RS,BRYCEME04
AM00238,M4,VB30105,A1,BVAAAMB,BRYCE CORPORATION,03/04/2020,2274.06,Y,BP,Consignment KM/KWM return to Lolita due to low dyne issues and material not being usable. Pallets that were returned were incorrectly invoiced.,1352,*,03/11/2020,2274.06,AMJK,YM,Consignment KM/KWM return,CFYG,KM,, BRYCEME11,2274.06,B102,RS,BRYCEME04
AM00238,M4,VB30106,A1,BVAAAMC,BRYCE CORPORATION,03/04/2020,7108.13,Y,BP,Consignment KM/KWM return to Lolita due to low dyne issues and material not being usable. Pallets that were returned were incorrectly invoiced.,4226,*,03/11/2020,7108.13,AMJK,YM,Consignment KM/KWM return,CFYG,KM,, BRYCEME11,7108.13,B102,RS,BRYCEME04
AM00238,M4,VB30107,A1,BVAAAMD,BRYCE CORPORATION,03/04/2020,2591.96,Y,BP,Consignment KM/KWM return to Lolita due to low dyne issues and material not being usable. Pallets that were returned were incorrectly invoiced.,1541,*,03/11/2020,2591.96,AMJK,YM,Consignment KM/KWM return,CFYG,KM,, BRYCEME11,2591.96,B102,RS,BRYCEME04
AM00238,M4,VB30108,A1,BVAAAME,BRYCE CORPORATION,03/04/2020,14878.33,Y,BP,Consignment KM/KWM return to Lolita due to low dyne issues and material not being usable. Pallets that were returned were incorrectly invoiced.,6946,*,03/11/2020,14878.33,AMJK,YM,Consignment KM/KWM return,CFYG,KWM,, BRYCEME11,14878.33,B102,RS,BRYCEME04
AM00239,T1,VW21341,A1,WV2B017,DAHL WHOLESALE,03/04/2020,1134.8,Y,SW,DAMAGED IN TRANSIT - 40 RL,1261,*,03/23/2020,1134.8,AMJK,EV,"SAIA, RTN 40 RL SCRAPPED ",SWTM,EHB,, DAHLWDR01,2269.6,D281,DS,DAHLWDR01
AM00240,R1,UW40617,A2,WU4A352,VERITIV S.A. DE C.V.   **AMTOPP ONLY**,03/04/2020,508.8,N,SW,2019 3RD QTR - ,0,*,03/26/2020,508.8,AMJK,SV,2019 3rd and 4th Quarter - $0.02/lb,SWPE,,, BESPOMC02,13036.8,X002,RS,VERITCJ01
AM00240,R1,UW40617,A3,WU4A352,VERITIV S.A. DE C.V.   **AMTOPP ONLY**,03/04/2020,380.8,N,SW,2019 4TH QTR,0,*,03/26/2020,380.8,AMJK,SV,2019 3rd and 4th Quarter - $0.02/lb,SWPE,,, BESPOMC02,13036.8,X002,RS,VERITCJ01
AM00241,P1,UBB0665,A1,BUAA857,TRANSCENDIA,03/05/2020,13147,N,BP,"Master rolls are under gauge and out of tolerance. (Amtopp batch numbers: 
9104200099, 9104200100, 9091301030 and 9104200098 - P.O.# 9938538) - Amtopp batch numbers: 
9114100075 and 9111400094 - P.O.# 9939584
Other Costs: explain:   	 $ 922.45
Packing Material Cost: 	 $ 900.00 ",7844,D,05/14/2020,0,AMJK,PV,canceled,CFJM,TT,, TRANSSC05,7919.18,T030,RS,TRANSSC05
AM00242,M3,VB11560,A2,BUBA155,PRINTPACK,03/05/2020,56.13,N,BP,amjk- tl18b- price should be .972,1369,*,03/07/2020,56.13,AMJK,SN,price,CFMS,TL,, PRINTRH04,1386.8,P043,RS,PRINTRH04
AM00242,M3,VB21079,A1,BUBA155,PRINTPACK,03/05/2020,53.55,N,BP,amjk- tl18b- price should be $.972,1306,*,03/07/2020,53.55,AMJK,SN,price,CFMS,TL,, PRINTRH04,1322.98,P043,RS,PRINTRH04
AM00243,M4,UWC0454,A1,WUCA246,TAPE PRODUCTS CO.,03/05/2020,1218.52,N,SW,RTN GENERIC MATERIAL - 41 RL,1417.06,*,03/31/2020,0,AMJK,CSM,"COMPLIANT CANCELLED, MATERIAL SOLD",SWMZ,HCB,, TAPEPWO02,14762.32,T105,RS,TAPEPCI01
AM00244,M4,VB11289,A1,BVAAAFM,BRYCE CORPORATION,03/05/2020,1122,N,BP,"AMJK- Slitting charges due to no material on time and to meet customer have ready. Please see attached email and description.
Claim 003 $597
Claim 004 $525",0,*,03/11/2020,1122,AMJK,YM,"003, 004 slitting charges",CFYG,CSS,, BRYCEME11,27165.11,B102,RS,BRYCEME04
AM00245,M3,VB21602,A1,BUAA793,C-P FLEXIBLE PACKAGING,03/06/2020,61.95,N,BP,Order was invoiced at $.933 when it should have invoiced at $.892 since it shipped out in February. ,1511,*,03/11/2020,61.95,AMJK,MR,price,CFLD,VA,, CPFLEYO02,1387.1,C047,RS,CPFLEYO01
AM00246,S1,VD20182,A1,DV1A065,LADDAWN INC.,03/06/2020,802.5,Y,CT,SHIPPING LOADING ERROR -  N26434A INSTEAD OF N26366A. ,1500,*,03/27/2020,802.5,AMJK,BO,RTN 1500 LB BACK TO FG,JA,NL,, LADDAAT01,19479.55,B01K,RS,BUYLOSU0B
AM00247,M3,VB21727,A1,BUCA763,C-P FLEXIBLE PACKAGING,03/06/2020,80.52,N,BP,Order invoiced at $1.173 when it should have invoiced at $1.112 since it shipped out in February. ,1320,*,03/11/2020,80.52,AMJK,MR,price,CFLD,VS,, CPFLEBR01,1528.56,C047,RS,CPFLEYO01
AM00248,M5,VB20684,A1,BUCA588,AMERICAN PACKAGING CORP.,03/06/2020,1969.08,N,BP,Discount Charge for Citibank Payment.,0,*,03/11/2020,1969.08,AMJK,YM,discount charge for citibank payment,CFGF,,, AMERIDM06 BADGEFR02,23286.81,A050,RS,AMERICO05
AM00248,M5,VB20830,A1,BV1A094,AMERICAN PACKAGING CORP.,03/06/2020,1984.88,N,BP,Discount Charge for Citibank Payment.,0,*,03/11/2020,1984.88,AMJK,YM,discount charge for citibank payment,CFGF,,, AMERIDM06 BADGEFR02,15029.28,A050,RS,AMERISC01
AM00248,M5,VB21000,A1,BUCA588,AMERICAN PACKAGING CORP.,03/06/2020,193.52,N,BP,Discount Charge for Citibank Payment.,0,*,03/11/2020,193.52,AMJK,YM,discount charge for citibank payment,CFGF,,, AMERIDM06 BADGEFR02,17903.4,A050,RS,AMERICO05
AM00248,M5,VB21148,A1,BUCA588,AMERICAN PACKAGING CORP.,03/06/2020,192.24,N,BP,Discount Charge for Citibank Payment.,0,*,03/11/2020,192.24,AMJK,YM,discount charge for citibank payment,CFGF,,, AMERIDM06 BADGEFR02,17887.64,A050,RS,AMERICO05
AM00249,R1,UWA0924,A2,WUAA241,NATIONAL PAPER & PLASTICS CO.-PAUL CELLA,03/06/2020,8485.18,N,SW,2019 REBATE - $0.01/LBS; 848518 LBS,0,*,03/07/2020,8485.18,AMJK,CY,"2019 REBATE - $0.01/LBS; 848518 LBS	",SWJD,,, BELSOGB01,21669,N044,RS,BELSOGB01
AM00250,M3,UB20783,A2,BU1A178,MENASHA,03/06/2020,1043.83,N,BP,"TU40. AMJK. Menasha short paid invoice UB20783 by $1,033.40 because of the pricing.
In the system, the price was $2.013/lb. when it was supposed to be $1.92.",11224,*,03/11/2020,1043.83,AMJK,MR,price,CFRH,TU,, MENASNE05,22593.91,M077,RS,MENASNE01
AM00251,P1,VB30139,A1,BV1A564,TRANSCENDIA,03/09/2020,8025.76,N,BP,"Master rolls are under gauge and out of tolerance. (Amtopp batch numbers: 
0011401674, 0011401684, 0011401669, 0011401679 and 0011401689)   
Other Costs: explain:[   $ 10% Processing Fee ]   	 $ 729.62 ",6651,D,05/14/2020,0,AMJK,PV,035B26 ,CFJM,TT,, TRANSSC05,7296.15,T030,RS,TRANSSC05
AM00252,P1,UBB0979,A1,BUAA281,TRANSCENDIA,03/09/2020,766.99,N,BP,"Production found roll to be loose and telescoped, put in MRB as unusable. 777 lbs
Vendor# 0004175518",777,*,03/24/2020,766.9,AMJK,PV,#038381 telescoped,CFJM,BA,, TRANSRC02,17192.56,T025,RS,TRANSRC02
AM00253,M1,VB30330,A1,BUCA905,"POLY PRINT,INC.",03/09/2020,34065.72,Y,BP,pallets shipped on 8 roll/pallet instead of 4 roll/ pallet. all new orders for Polyprint have been confirmed to be 4 roll/pallet ,0,*,03/18/2020,34065.72,AMJK,SN,RETURNED TO PLANT FOR REPACK,CFDH,BA,, POLYPTU05,34065.72,P038,RS,POLYPTU05
AM00254,P1,VB10297,A1,BUBA909,TRANSCENDIA,03/09/2020,2302.55,N,BP,"Production found wrinkles in PL40C material.
005466          2002071674      16618   0.00152 PL           10.00000  75.2 lbs 
005466          2002071675      16618   0.00152 PL           10.00000  75.2 lbs 
005466          2002071676      16618   0.00152 PL           10.00000  75.2 lbs 
 TOTAL POUNDS  10""  - 225.6 LBS / 3 ROLLS 
005466MR        2001851999      16247   0.00152 PL           68.75000  477 LBS   ROLL # 0004194154 
005466MR        2001852000      19960   0.00152 PL           68.75000  586 LBS   ROLL # 0004194138 
005466MR        2001852001      21357   0.00152 PL           68.75000  627 LBS  ROLL #  0004194181 
ORIGINAL PO 9940668  COST 1.202 LB   PL40C    Total pounds 1690 lbs 

",1915.6,*,03/26/2020,2302.55,AMJK,PV,#0332A6 wrinkles,CFJM,PL,, TRANSRC02,6776.88,T025,RS,TRANSRC02
AM00255,P1,VB30418,A1,BUBA288,C-P FLEXIBLE PACKAGING,03/10/2020,513.92,N,BP,AMJK- wrinkles VA18T roll #9121400209 586 lbs,586,*,03/24/2020,513.92,AMJK,MR,#021-20 wrinkles,CFLD,VA,, CPFLEYO02,1126.07,C047,RS,CPFLEYO01
AM00256,P1,UBC0851,A1,BUBA250,FORT DEARBORN COMPANY,03/10/2020,173.7,N,BP,"Rolls are causing webbreaks at press
Reel#9111302165",199,*,03/24/2020,173.53,AMJK,KS,#400796 web breaks,CFDP,VS,, FORTDBG01,25236.97,F255,RS,FORTDBG01
AM00256,P1,UBC1209,A1,BUBA250,FORT DEARBORN COMPANY,03/10/2020,377.73,N,BP,"Rolls are causing webbreaks
Reel#: 9111302186
9111302182",433,*,03/24/2020,377.58,AMJK,KS,#400796 web breaks,CFDP,VS,, FORTDBG01,15621.92,F255,RS,FORTDBG01
AM00257,P1,UDA0240,A1,DU5A058,AMTOPP CORPORATION,03/10/2020,2332.8,N,CT,Gel and White Specks - 1800 lbs.,1800,*,05/04/2020,0,AMJK,BO,"Compliant closed, reopen complaint when BOPP request to return",8MB,NC,6911 - 6902, BOPPLO01,4665.6,K00K,RS,KROGENA21
AM00258,R1,UF90581,A1,W9UA476,NATIONAL PAPER & PLASTICS CO.-PAUL CELLA,03/10/2020,16380.61,N,SW,2019 GIP,0,*,03/11/2020,16380.61,PFCH,EV,2019 GIP,SWDL,,, ACORNVA01 BELSOGB01 HILLMAM02 INDUSSL01 LEWISHA06 SCHILLC06 SHIPPKA11 SOUTHBS06 WESTEGJ01,14399.02,W02F,RS,WOODWVI0A
AM00258,R1,UF90627,A1,W9UA533,NATIONAL PAPER & PLASTICS CO.-PAUL CELLA,03/10/2020,7229.67,N,SW,2019 GIP,0,*,03/11/2020,7229.67,PFCH,CMB,2019 GIP,SWMZ,,, ACORNVA01 BELSOGB01 HILLMAM02 INDUSSL01 LEWISHA06 SCHILLC06 SHIPPKA11 SOUTHBS06 WESTEGJ01,13233.28,LB57,RS,LOBLABR0H
AM00258,R1,UFA0106,A1,WAUA045,NATIONAL PAPER & PLASTICS CO.-PAUL CELLA,03/10/2020,4987.16,N,SW,2019 GIP,0,*,03/11/2020,4987.16,PFCH,CS,2019 GIP,SWLU,,, ACORNVA01 BELSOGB01 HILLMAM02 INDUSSL01 LEWISHA06 SCHILLC06 SHIPPKA11 SOUTHBS06 WESTEGJ01,36325.8,N044,RS,LEWISHA06
AM00258,R1,UFA0464,A1,WAUA397,NATIONAL PAPER & PLASTICS CO.-PAUL CELLA,03/10/2020,838.12,N,SW,2019 GIP,0,*,03/11/2020,838.12,PFCH,CS,2019 GIP,SWMN,,, ACORNVA01 BELSOGB01 HILLMAM02 INDUSSL01 LEWISHA06 SCHILLC06 SHIPPKA11 SOUTHBS06 WESTEGJ01,7563.52,U01H,RS,VERITSL0A
AM00258,R1,UFA0481,A1,WAUA347,NATIONAL PAPER & PLASTICS CO.-PAUL CELLA,03/10/2020,1191.39,N,SW,"2019 GIP
",0,*,03/11/2020,1191.39,PFCH,CS,2019 GIP,SWAN,,, ACORNVA01 BELSOGB01 HILLMAM02 INDUSSL01 LEWISHA06 SCHILLC06 SHIPPKA11 SOUTHBS06 WESTEGJ01,6533.2,P03J,RS,PRATTWI0A
AM00258,R1,UW20092,A1,WU1A714,NATIONAL PAPER & PLASTICS CO.-PAUL CELLA,03/10/2020,2455.09,N,SW,2019 GIP,0,*,03/11/2020,2455.09,AMJK,CY,2019 GIP,SWJD,,, ACORNVA01 BELSOGB01 HILLMAM02 INDUSSL01 LEWISHA06 SCHILLC06 SHIPPKA11 SOUTHBS06 WESTEGJ01,11071.2,N044,RS,SCHILLC02
AM00258,R1,UW80246,A1,WU8A125,NATIONAL PAPER & PLASTICS CO.-PAUL CELLA,03/10/2020,1248.39,N,SW,2019 GIP,0,*,03/11/2020,1248.39,AMAZ,SV,2019 GIP,SWCK,,, ACORNVA01 BELSOGB01 HILLMAM02 INDUSSL01 LEWISHA06 SCHILLC06 SHIPPKA11 SOUTHBS06 WESTEGJ01,8210.4,N044,RS,WESTEDE03
AM00258,R1,UWA0924,A3,WUAA241,NATIONAL PAPER & PLASTICS CO.-PAUL CELLA,03/10/2020,7958.02,N,SW,2019 GIP,0,*,03/11/2020,7958.02,AMJK,CY,2019 GIP,SWJD,,, ACORNVA01 BELSOGB01 HILLMAM02 INDUSSL01 LEWISHA06 SCHILLC06 SHIPPKA11 SOUTHBS06 WESTEGJ01,21669,N044,RS,BELSOGB01
AM00258,R1,UWA0954,A2,WUAA497,NATIONAL PAPER & PLASTICS CO.-PAUL CELLA,03/10/2020,838.37,N,SW,2019 GIP,0,*,03/11/2020,838.37,AMJK,EV,2019 GIP,SWMD,,, ACORNVA01 BELSOGB01 HILLMAM02 INDUSSL01 LEWISHA06 SCHILLC06 SHIPPKA11 SOUTHBS06 WESTEGJ01,9460.32,N044,RS,ACORNLA10
AM00259,S2,VB30384,A1,BV2A512,WESTERN RESERVE SLEEVE INC./A-ROO,03/10/2020,5862.63,Y,BP,2 pallets left off truck - 0004210653 and d0004210671,5354,*,03/12/2020,5862.63,AMJK,GO,2 pallets not shipped. ,CFRO,TP,, WESTEST01,17662.35,W053,RS,WESTEST01
AM00260,P1,VB21248,A1,BV1A820,PRINTPACK,03/11/2020,2166.27,Y,BP,"amsc- brt15- roll is suppose to be 65.875 but is really 65.25""- down time $775",2168,*,03/26/2020,2150.65,AMSC,SN,#17-2030 wrong width/downtime,CFMS,BRT,, PRINTRH04,8681.98,P043,RS,PRINTRH04
AM00260,P1,VB21248,A2,BV1A820,PRINTPACK,03/11/2020,775,N,BP,AMSC - labeled wrong width- downtime $775 for having to wash drum,0,*,03/26/2020,775,AMSC,SN,#17-2030 wrong width/downtime,CFMS,BRT,, PRINTRH04,8681.98,P043,RS,PRINTRH04
AM00261,P1,VB21511,A1,BV2A064,PC PACK AND DESIGN,03/11/2020,361.04,N,BP,Roll # 0021300633 is rejected due to crease,339,*,03/24/2020,361.04,AMJK,LA,creases - scrap roll,HQLA,BA,, PCPACAN02,3315.35,P889,RS,PCPACAN02
AM00262,P1,VB10838,A1,BV1A159,PROLAMINA MAIN FACILITY,03/11/2020,1253.32,N,BP,crushed core,1421,*,04/20/2020,1253.32,AMJK,DB,MRD 0032391 crushed core scrap roll,CFBL,TT,, PROLANE01,12122.26,C293,RS,PROLAWE01
AM00263,P1,UB80149,A1,BU5A164,CAPRI PACKAGING. TC TRANSCONTINENTAL,03/11/2020,271.87,N,BP,FILM WAS TOO NARROW,288.61,*,03/24/2020,271.87,AMJK,DB,#16671 too narrow,CFGF,CL,, CAPRICL03,3122.73,T685,RS,CAPRICL05
AM00264,P1,VB12284,A1,BUCA731,EMBALLAGE STARFLEX INC,03/11/2020,1537.29,N,BP,Gauge bands.,1178,*,04/07/2020,1537.29,AMJK,GO,RNC 20-029  gauge bands,CFRO,CL,, STARFMO01,17580.98,EA62,RS,EMBALMO02
AM00265,T1,VB21026,A1,BV1A781,3M COMPANY - ACCOUNTS PAYABLE,03/12/2020,1093,Y,BP,"Pallet#0004203829 Reel#0021300112
Material was received damaged in transit, Large gouges out of material, damaged support. Packaging was not sufficient enough to protect material.",1105,*,04/07/2020,1093.95,AMJK,KS,KPAK-BM6LNK damaged roll,CFDP,TP,, 3MCOMHC01,8740.71,M281,RS,3MCOMSP03
AM00266,P1,VB20317,A1,BV2A077,PLASTICOS BANDREX. S.A. DE C.V.,03/12/2020,1957.41,N,BP,Material used for tests,0,*,04/09/2020,1957.41,AMJK,PV,BV2A077 material used for tests,AMCP,PP,, BANDRLA02,1957.41,D029,ES,PLASTZA01
AM00267,M0,VW20883,A1,WV2A408,SYSCO NORTHEAST REDISTRIBUTION - 117,03/12/2020,0,Y,SW,"SYSCO CHANGED TO 38GA - DIVERT ORDER TO BEN-E-KEITH TO FULFILL AN OPEN ORDER PO#4505363445 
",0,*,03/31/2020,0,AMJK,JZU,PAPERWORK FOR DIVERT ONLY - REF TO NEW SO# WV3A783,SWSP,PSB,, SYSCOFR07,20835.75,SW93,RS,SYSCOFR07
AM00268,P1,VB20278,A1,BUBA347,AMERICAN PACKAGING CORP.,03/12/2020,1132.86,N,BP,AMJK- VA30- Pallet 0004184620 rejected due to baggy causing wrinkles.,1185,*,04/20/2020,1132.86,AMJK,YM,#7321 baggy scrap,CFGF,VA,, AMERIDM06,20291.1,A050,RS,AMERISC01
AM00270,DE,UB91019,A1,BU8A968,TRANSCONTINENTAL MULTIFILM INC.,03/12/2020,3946.55,N,BP,"Multifilm agreed to pay the price difference for Lallypak to buy the idle HD30 inventory. 
5¢ on 38,443 lbs = $1,922.15
10¢ on 20,244 lbs = $2,024.40
$3,946.55",0,*,03/17/2020,3946.55,AMJK,MR,Debit for idle HD30 inventory,CFGF,,, MULTIEL01,25847.74,M206,RS,TRANSEL08
AM00271,R1,UWA0069,A1,WU9A401,ATLANTIC TAPE & PKG,03/13/2020,24402.94,N,SW,2019 REBATE 2% SHIPMENT 1211877 LBS,0,*,03/16/2020,24402.94,AMAZ,EV,"2019 REBATE 2% SHIPMENT 1211877 LBS	",SWDP,,, ATLANON01,9626.6,A390,RS,ATLANPC01
AM00272,P1,UBA0036,A1,BU8A722,TRANSCENDIA,03/16/2020,2350.28,N,BP,"Clear splices were used on the Master Rolls
Inteplast Ref Numbers:  S000083458,S000083469,S000083473,S000085194
Transcendia Parent Lot Numbers:  1909918696, 1910194834, 1910194828, 1910972924
Other Costs: explain:[   $ Process & Handling ]   	 $ 392.00 ",1708.8,*,03/26/2020,2350.28,AMSC,PV,#03ACDF clear splices,CFJM,SP,, TRANSGR03,21301.56,T025,RS,TRANSGR03
AM00273,S1,VW30434,A1,WV1A812,NATIONAL PAPER & PLASTICS CO.-PAUL CELLA,04/01/2020,2534.4,N,SW,"SHIPPING LOADING ERROR - CUSTOMER ORDERED EPB1502003000AM-40 AND RECEIVED EHB0631975000, ETA 3/26",2880,*,04/02/2020,2534.4,AMJK,CS,RTN 60RL EHB0630 BACK TO FG,SWLU,EPB,, LEWISHA06,2534.4,N044,RS,LEWISHA06
AM00274,DE,VW30431,A1,WV2A776,ATLANTIC TAPE & PKG,03/16/2020,275,N,SW,RECONSIGNMENT FEE - $275 TO ANOTHER CUSTOMER LOCATION,0,*,03/18/2020,275,AMJK,EV,DEBIT,SWPBS,AM1,, TEXASST01,20424,A390,RS,ATLANPC01
AM00275,T3,VW30379,A1,WV2A787,ATLANTIC TAPE & PKG,03/16/2020,1248,Y,SW,SWAP MATERIAL FROM ADARGH GLASS TO ATLANTIC TAPE,1418,*,03/31/2020,0,AMJK,EV,PAPERWORK FOR RE-DELIVERY ONLY,SWKM,EHB,, HYDRODE01,21474.8,A390,RS,ATLANPC01
AM00276,M5,VB21845,A1,BV1A459,AMERICAN PACKAGING CORP.,03/17/2020,1997.62,N,BP,Discount charge for Citibank payment.,0,*,03/17/2020,1997.62,AMJK,YM,discount Citibank payment,CFGF,,, AMERIDM06 BADGEFR02,4978.18,A050,RS,AMERISC01
AM00276,M5,VB30260,A1,BUCA888,AMERICAN PACKAGING CORP.,03/17/2020,191.2,N,BP,Discount charge for Citibank payment.,0,*,03/17/2020,191.2,AMJK,YM,discount Citibank payment,CFGF,,, AMERIDM06 BADGEFR02,23329.59,A050,RS,AMERICO05
AM00276,M5,VB30350,A1,BV1A012,AMERICAN PACKAGING CORP.,03/17/2020,429.21,N,BP,Discount charge for Citibank payment.,0,*,03/17/2020,429.21,AMJK,YM,discount Citibank payment,CFGF,,, AMERIDM06 BADGEFR02,32295.83,A050,RS,AMERICO05
AM00277,P1,VB11780,A1,BUCA623,"GOLDEN DYNAMIC,INC",03/17/2020,450.45,N,BP,Roll # 0011800015 was rejected due to crease.  Customer is requesting credit.,390,*,04/27/2020,450.45,AMSC,LA,#3180 creases scrap,HQLA,SP,, MULTIWH01,42851.66,D230,RS,GOLDEGA02
AM00278,R1,UW50411,A1,WU5A191,PROFESSIONAL PACKAGING SYSTEMS INC.,03/17/2020,38208.28,N,SW,2019 JAN-AUG 2% REBATE; SHIPMENT 2056666 LBS,0,*,03/18/2020,38208.28,AMJK,CSM,2019 JAN-AUG 2% REBATE; SHIPMENT 2056666 LBS,SWPB,,, PROFEBR05,29187.6,P463,RS,PROFEGP01
AM00279,P1,UW81212,A1,WU8A840,INTEPLAST GROUP CORPORATION (AMTOPP),03/17/2020,0,Y,SW,"BREAKING - 240 ROLLS
",0,*,04/24/2020,0,AMJK,JAH,"COMPLANT CLOSED, NO RETURN ",8SW,EHB,, AMTOPLO07,9963.52,A005,RS,AMTOPLO04
AM00280,P1,VB11055,A1,BV1A313,PROAMPAC,03/18/2020,482.45,N,BP,AMJK- TT18 - film dishing- picture attached - 547 lbs,547,*,03/24/2020,482.45,AMJK,DB,V-020-20 film dishing,CFBL,TT,, PROLANE04,19823.84,P958,RS,PROAMWR01
AM00281,P1,VB10951,A1,BUCA851,PRINTPACK INC (METALLIZING),03/18/2020,901.8,N,BP,"AMSC - corrugations in roll - 600 lbs NWP metalized
pallet S000091863",600,*,05/04/2020,901.8,AMSC,DB,33-50911 - corrugations,CFMS,NWP,, PRINTVR11,19442.81,P043,RS,PRINTVR14
AM00282,M0,VD30334,A1,DV2A059,ANS PLASTICS,03/18/2020,101.84,N,CT,CUSTOMER OVER PAID - CIA ACC.,0,*,03/23/2020,101.84,AMJK,BO,CREDIT ,JA,,, ANSPLNB01,12983.66,F00H,RS,FEDERSA0B
AM00283,M4,TWC0286,A1,WTCA091,ERNEST PACKAGING SOLUTIONS,03/18/2020,0,Y,SW,DIVERT ORDER FROM ERNEST TO JET SALES,0,*,03/31/2020,0,AMJK,JAH,PAPERWORK FOR DIVERT ONLY - REF TO NEW SO# WV3A784 and WV3A785,SWDP,HLP,, ERNESCO03,18331.84,E386,RS,ERNESCO01
AM00283,M4,UW11122,A1,WU1A576,ERNEST PACKAGING SOLUTIONS,03/18/2020,0,Y,SW,DIVERT ORDER FROM ERNEST TO JET SALES,0,*,03/31/2020,0,AMJK,JAH,PAPERWORK FOR DIVERT ONLY - REF TO NEW SO# WV3A784 and WV3A785,SWDP,HLP,, ERNESCO03,3350.4,E386,RS,ERNESCO01
AM00284,P1,UWC0710,A1,WUBA568,NOVAPAK SISTEMAS SA DE CV,03/18/2020,112.64,N,SW,TEARING - 4 ROLLS ,128,*,04/07/2020,112.64,AMJK,SV,SCRAP IN FIELD 4 RL,SWPE,EPB,6232, SPORTLA03,22379.44,N190,RE,NOVAPTO02
AM00285,P1,VB12190,A1,BUCA201,PRINT PACK,03/19/2020,101.72,N,BP,amjk-va30- baggy film ,72,*,03/26/2020,101.72,AMJK,SN,#13-5113 baggu,CFMS,VA,, PRINTEL02,4289.31,P043,RS,PRINTEL02
AM00286,P1,VB30916,A1,BV1B127,PRINTPACK,03/19/2020,1062.96,N,BP,"amjk- wrinkles
sample sent to Mike Lynch",1029,*,04/20/2020,1062.96,AMJK,SN, 20-3952  wrinkles scrap,CFMS,BA,, PRINTPV01,7133.47,P043,RS,PRINTPV02
AM00287,M0,VW30380,A1,WV3A055,CONTINENTAL PAPER & PLASTICS CORP.,03/20/2020,1234.4,Y,SW,SWAP MATERIAL FROM HYDRO FRESH (ATLANTIC TAPE) TO ARDAGH CLASS,40,*,03/31/2020,0,AMJK,SV,PAPERWORK FOR RE-DELIVERY ONLY,SWSP,EHB,, ARDAGDU01,12344,C815,RS,CONTIOP03
AM00288,P1,VB20249,A2,BV1A229,PRINT PACK,03/20/2020,1351.95,Y,BP,amsc- brt15- poor roll- down time 425,1452,*,04/07/2020,1351.95,AMSC,SN,#13-5122 and 13-5123,CFMS,BRT,, PRINTEL02,15778.75,P043,RS,PRINTEL02
AM00288,P1,VB21460,A1,BV1B047,PRINT PACK,03/20/2020,2643.68,Y,BP,amsc- brt15- poor roll- down time 425,2665,*,04/07/2020,2643.68,AMSC,SN,#13-5122 and 13-5123,CFMS,BRT,, PRINTEL02,20747.68,P043,RS,PRINTEL02
AM00288,P1,VB21460,A2,BV1B047,PRINT PACK,03/20/2020,513.43,N,BP,downtime $425 - poor roll formation,0,*,04/07/2020,513.43,AMSC,SN,#13-5122 and 13-5123,CFMS,BRT,, PRINTEL02,20747.68,P043,RS,PRINTEL02
AM00288,P1,VB21460,A4,BV1B047,PRINT PACK,03/24/2020,425,N,BP,poor profile - downtime,0,*,04/07/2020,425,AMSC,SN,#13-5122 and 13-5123,CFMS,,, PRINTEL02,20747.68,P043,RS,PRINTEL02
AM00289,M0,VW30335,A1,WV3A030,PAK WEST PAPER & PACKAGING,03/20/2020,0,Y,SW,PREVIOUS STOP UNLOADED 6 EXTRA PLTS - REDELIVER FROM PET'S MART TO PAK WEST,0,*,04/02/2020,0,AMJK,JZU,PAPERWORK FOR RE-DELIVERY ONLY,SWMD,PSB,, PAKWEBE01,12024.68,P742,RS,PAKWESA01
AM00290,P1,UB91501,A1,BU3A647,WALLE CORPORATION,03/20/2020,647.19,N,BP,"Baggy Edges causing creases
Pallet# 4117798",459,*,04/07/2020,647.19,AMJK,YM,AM2019-12001  baggy edges,CFDP,PL,, WALLEWI01,15956.97,W024,RS,WALLEWI01
AM00290,P1,UBA0625,A1,BU8A161,WALLE CORPORATION,03/20/2020,669.79,N,BP,"Baggy edge
Pallet#4169694",532,*,04/07/2020,669.79,AMJK,YM,AM2019-12001  baggy edges,CFDP,VS,, WALLEWI01,19452.81,W024,RS,WALLEWI01
AM00290,P1,UBA0627,A1,BU9A572,WALLE CORPORATION,03/20/2020,1277.38,N,BP,"Baggy in middle of roll, Not touching glue applicator 
Pallet #4170820",1005,*,04/07/2020,1277.38,AMJK,YM,AM2019-12001  baggy edges,CFDP,VS,, WALLEWI01,15015.28,W024,RS,WALLEWI01
AM00290,P1,UBA1715,A1,BUAA766,FORT DEARBORN COMPANY,03/20/2020,1121.58,N,BP,Baggy edge causing curl on both ends ,930,*,04/07/2020,1121.58,AMJK,YM,AM2019-12001  baggy edges,CFDP,VS,, WALLEWI01,24854.45,F255,RS,FORTDEG01
AM00290,P1,UBA1742,A1,BUAA766,FORT DEARBORN COMPANY,03/20/2020,1115.55,N,BP,"Baggy edge, causing down curl.
Pallet# 4176595",925,*,04/07/2020,1115.55,AMJK,YM,AM2019-12001  baggy edges,CFDP,VS,, WALLEWI01,24663.91,F255,RS,FORTDEG01
AM00291,P1,VB21806,A1,BV1A263,PRINTPACK VR2(CONSGT-AMSC)GMI,03/20/2020,325.5,N,BP,amsc- blocking 217 lbs,217,*,05/04/2020,325.5,AMSC,SN,22-207766  - blocking,CFMS,CWS,, PRINTVR25,39168,P043,RS,PRINTVR24
AM00292,P1,VB21073,A1,BUCA506,PRINTPACK VR2(CONSGT-AMSC)GMI,03/20/2020,922,N,BP,amsc- cws15- web break,198,*,05/04/2020,922,AMSC,SN,22-207747  web breaks,CFMS,CWS,, PRINTVR25,14262,P043,RS,PRINTVR24
AM00293,P1,VB20330,A1,BUCA530,KENDALL PACKAGING CORP,03/20/2020,986.55,N,BP,Gauge bands- 690 lbs + 1 hour downtime $300,690,*,04/07/2020,986.55,AMJK,MR,202000093  gauge bands,CFBL,AA,, KENDAJE01,4107.36,K005,RS,KENDAME01
AM00294,P1,UB81467,A1,BU8A224,SIGMA S.A. DE C.V.,03/20/2020,0,N,BP,"Structure delamination - $8417
The translation of the email below essentially states that they found an issue with the inks as the most probable cause and not the SP25. They will cancel the claim and will still require the orders on the books for SP25",0,*,05/14/2020,0,AMJK,PV,: RTX-015-2020 ,AMJO,SP,, SIGMASO01,40123.18,P342,ES,SIGMASO01
AM00295,P1,UB71386,A1,BU6A801,SIGMA S.A. DE C.V.,03/20/2020,124.67,N,BP,Wrinckles and a floppy edge ,0,*,04/20/2020,124.68,AMJK,PV,RTX-016-2020  wrinkles scrap,AMJO,TT,, SIGMASO01,10409.69,P342,ES,SIGMASO01
AM00296,P1,VB21036,A1,BV1A897,"GOLDEN DYNAMIC,INC",03/23/2020,611.04,N,BP,Roll # 21700030 & 21700028 were rejected.  Customer is seeking credit and dispositionrejected rolls,536,*,04/27/2020,611.04,AMSC,LA,#3221/ 3219 rejected rolls scrap,HQLA,SP,, MULTIBO04,43892.28,D230,RS,GOLDEGA02
AM00296,P1,VB21496,A1,BV1A907,"GOLDEN DYNAMIC,INC",03/23/2020,678.3,N,BP,Roll # 21700014 & 11700906 were rejected. Customer is asking credit & disposition rejected rolls.,595,*,04/27/2020,678.3,AMSC,LA,#3221/ 3219 rejected rolls scrap,HQLA,SP,, MULTIBO04,43367.88,D230,RS,GOLDEGA02
AM00297,M1,VW21156,A1,WV2A831,TMV PACKAGING,03/23/2020,0,Y,SW,KEY IN ERROR - WRONG FOOTAGE,0,D,03/27/2020,0,AMAZ,MN,COMPLAINT CANCELLED ,SWDP,ELB,, TMVPAWA01,31947.88,T375,RS,TMVPAWA01
AM00298,P1,UBA1319,A1,BU9A784,"CENTRAL DE EMPAQUES,SOCIEDAD ANONIMA",03/23/2020,1230.85,N,BP,material with uneven surface,1503.76,*,05/01/2020,1230.85,AMJK,PV,3101-16-3481 uneven surface,AMJO,BB,, CENTRGU01,38702.49,C031,ES,CENTRGU01
AM00299,P1,UBA1319,A2,BU9A784,"CENTRAL DE EMPAQUES,SOCIEDAD ANONIMA",03/23/2020,2150.64,N,BP,Material with uneven surface,2410,*,05/01/2020,2150.64,AMJK,PV,3101-16-2810  uneven surface,AMJO,BB,, CENTRGU01,38702.49,C031,ES,CENTRGU01
AM00300,P1,VB11930,A1,BUCA673,3M COMPANY - ACCOUNTS PAYABLE,03/24/2020,1127.06,Y,BP,Film with poor corona treatment in section of roll causing matte coating delamination when converting material. Found issue on 3 of the 6 Cut # 2's from January's make date. 5 of the 6 rolls have already been coated and converted and one film roll is still in inventory (on hold and requesting to return). ,1034,*,05/29/2020,1127.06,AMJK,KS,JLET-BMUSD3  treatment,CFDP,TJ,, 3MCOMHU01,7897.05,M281,RS,3MCOMSP03
AM00300,P1,VB11930,A2,BUCA673,3M COMPANY - ACCOUNTS PAYABLE,04/15/2020,3469.94,N,BP,matte coating delamination - return 1 roll,0,*,05/29/2020,3469.94,AMJK,KS,JLET-BMUSD3  treatment,CFDP,TJ,, 3MCOMHU01,7897.05,M281,RS,3MCOMSP03
AM00302,P1,VB31305,A1,BV2A855,PRINTPACK INC (METALLIZING),03/24/2020,4743.36,Y,BP,"Pallet labels switched. Need to return S000095746 and bill for S00095744
Need to bill pallet S000095744 and show shipped to Printpack.",2987,*,04/01/2020,4743.35,AMSC,DB,labels switched,CFMS,NWP,, PRINTVR21,24210.65,P043,RS,PRINTVR21
AM00303,P1,UB61358,A2,BU4A415,"GOLDEN DYNAMIC,INC",03/24/2020,285.44,N,BP,Roll # 9040011678 was rejected due to ink adhesion,223,*,04/01/2020,285.44,AMJK,LA,#3093 blocking/wrinkles,HQLA,PL,, MULTIBO04 MULTIPC05,44376.32,D230,RS,GOLDEGA02
AM00303,P1,UBB0716,A2,BUAA186,"GOLDEN DYNAMIC,INC",03/24/2020,72.59,N,BP,Roll # 9101700514 was rejected due to canning wrinkles,61,*,04/01/2020,72.59,AMSC,LA,#3093 blocking/wrinkles,HQLA,SP,, MULTIBO04 MULTIPC05,45406.83,D230,RS,GOLDEGA02
AM00303,P1,UBB0778,A2,BUAA187,"GOLDEN DYNAMIC,INC",03/24/2020,69.02,N,BP,Roll # 9101800456 was rejected due to blocking,58,*,04/01/2020,69.02,AMSC,LA,#3093 blocking/wrinkles,HQLA,SP,, MULTIBO04 MULTIPC05,45418.73,D230,RS,GOLDEGA02
AM00303,P1,UBC0849,A1,BUBA222,"GOLDEN DYNAMIC,INC",03/24/2020,95.18,N,BP,Roll # 9111700447 was rejected due to canning wrinkles,81,*,04/01/2020,95.18,AMSC,LA,#3093 blocking/wrinkles,HQLA,SP,, MULTIBO04 MULTIPC05,45521.85,D230,RS,GOLDEGA02
AM00303,P1,VB21037,A1,BV1A898,"GOLDEN DYNAMIC,INC",03/24/2020,128.82,N,BP,Roll # 2170002 was rejected due to blocking.,113,*,04/01/2020,128.82,AMSC,LA,#3093 blocking/wrinkles,HQLA,SP,, MULTIBO04 MULTIPC05,44048.46,D230,RS,GOLDEGA02
AM00303,P1,VB21496,A2,BV1A907,"GOLDEN DYNAMIC,INC",03/24/2020,79.8,N,BP,Roll # 11700896 was rejected due to blocking,70,*,04/01/2020,79.8,AMSC,LA,#3093 blocking/wrinkles,HQLA,SP,, MULTIBO04 MULTIPC05,43367.88,D230,RS,GOLDEGA02
AM00304,P1,UB61167,A1,BU3A647,WALLE CORPORATION,03/25/2020,387.16,N,BP,"Creasing, Baggy edges
Pallet#  000417733",274,*,04/07/2020,387.16,AMJK,YM,AM2020-03002 ,CFDP,PL,, FORTDWI01 WALLEWI01,9423.3,W024,RS,WALLEWI01
AM00304,P1,UB91501,A2,BU3A647,WALLE CORPORATION,03/25/2020,535.8,N,BP,"Creasing, Baggy edges
Pallet#0004117804",380,*,04/07/2020,535.8,AMJK,YM,AM2020-03002 ,CFDP,PL,, FORTDWI01 WALLEWI01,15956.97,W024,RS,WALLEWI01
AM00304,P1,VB12210,A1,BUCA552,FORT DEARBORN COMPANY,03/25/2020,1602.39,N,BP,"Creasing
Pallet# 0004193906
Baggy edge and curl
Pallet#  0004193009",1441,*,04/07/2020,1602.39,AMJK,KS,AM2020-03002 ,CFDP,PL,, FORTDWI01 WALLEWI01,17996.61,F255,RS,FORTDWI01
AM00304,P1,VB20810,A1,BV1A171,FORT DEARBORN COMPANY,03/25/2020,2115.72,N,BP,"Full of low spots and creases
Pallet# 0004197644
Low spots across roll causing baggy edge and curl
Pallet # 0004197666
Creases in center
Pallet # 0004197645",2546,*,04/07/2020,2115.72,AMJK,KS,AM2020-03002 ,CFDP,VS,, FORTDWI01 WALLEWI01,6416.15,F255,RS,FORTDWI01
AM00304,P1,VB21863,A1,BV1B019,FORT DEARBORN COMPANY,03/25/2020,581.7,N,BP,"Baggy Edge
Pallet#  0004204898",700,*,04/07/2020,581.7,AMJK,KS,AM2020-03002 ,CFDP,VS,, FORTDWI01 WALLEWI01,917.42,F255,RS,FORTDWI01
AM00304,P1,VB30238,A1,BV1A080,FORT DEARBORN COMPANY,03/25/2020,1141.7,N,BP,"Baggy edge causing creases
Pallet # 0004195207",980,*,04/07/2020,1141.7,AMJK,KS,AM2020-03002 ,CFDP,VS,, FORTDWI01 WALLEWI01,7325.52,F255,RS,FORTDWI01
AM00305,P1,VB21459,A1,BV1A648,PRINT PACK,03/25/2020,4447.98,N,BP,"poor profile causing wood grain appearance rolls S000093846/94085
pictures attached. rolls being returned on 13-5122/5123 SQC's",3442,*,04/07/2020,4447.98,AMSC,SN,#13-5124 wood grain appearance,CFMS,BRT,, PRINTEL02,12637.09,P043,RS,PRINTEL02
AM00306,M4,VW30727,A1,WV2A890,FLEJES Y ACCESORIOS DE QUERETARO,03/25/2020,3121.2,N,SW,DISCOUNT FOR MEXICO ORDERS,0,*,03/31/2020,3121.2,AMJK,SV,CREDIT ,SWPE,ELB,, WASHILA02,34226.4,F340,RE,FLEJEQU01
AM00307,M4,VW30087,A1,WV2A589,LARSEN PACKAGING,03/27/2020,107.1,N,SW,OVER-SHIPPED 5 PLT - $107.10 DISCOUNT TO KEEP MATERIAL,0,*,04/14/2020,107.1,AMJK,CSM,CREDIT,SWMZ,PSB,, HOMEWLB02,9017.82,L095,RS,LARSESC01
AM00309,P1,UBA2021,A2,BU9A353,"GOLDEN DYNAMIC,INC",03/27/2020,896.07,N,BP,Roll# 9091800842 was rejected due to crease.,753,*,04/27/2020,896.07,AMSC,LA,#3064 creases scrap,HQLA,SP,, MULTIPC05,46070.85,D230,RS,GOLDEGA02
AM00310,T1,VW30957,A1,WV3A399,WEST TEXAS WHSE EQUIPMENT & SUPPLY,03/27/2020,1387.2,Y,SW,DAMAGED IN TRANSIT - 96 CS DEADHEAD RTN,1156,*,04/07/2020,1387.2,AMJK,CSM,"SAIA, RTN 96 CS SCRAPPED",SWPBS,PSB,, WESTTLA05,1387.2,W134,RS,WESTTLA05
AM00312,M0,VW30872,A1,WV3A500,PREMIERE PACKAGING INDUSTRIES,03/27/2020,3686.4,N,SW,"MISSING - 140 RL | 
FILMS FOUND AT SYSCO - 3 PLTS WERE USED, 4 PLTS TO RTN",8064,*,05/20/2020,2764.8,AMJK,JJK,CREDIT FOR 60 ROLLS USED BY OTHER CUSTOMER,SWDP,EPB,, RSILILI01,12971.52,P815,RS,PREMIBP01
AM00313,P1,VB31178,A1,BV1B127,PRINTPACK,03/27/2020,201.38,N,BP,amjk- wrinkles,203,*,04/20/2020,201.38,AMJK,SN,20-3953  wrinkles scrap,CFMS,BA,, PRINTPV01,3552.35,P043,RS,PRINTPV02
AM00314,P1,UB91743,A1,BU8A690,TRANSCENDIA,03/27/2020,3124.8,N,BP,"BA30 not sealing .
Sample sent: FedEx Express Saver TRCK: 1259 4627 9734 ",3150,D,04/13/2020,0,AMJK,PV,claim canceled,CFJM,BA,, TRANSFP02,15935.12,T025,RS,TRANSFP02
AM00315,M1,VB30374,A1,BV1B094,"SHURTAPE TECHNOLOGIES, LLC",03/30/2020,15301.15,Y,BP,"This material was sent treated ""in"" and it is supposed to be treated ""out""",11351,*,05/01/2020,15301.14,AMJK,KS,20LC03300952  wrong treatment returned,CFTG,KT,, SHURTHU03,15301.15,S321,RS,SHURTHI07
AM00316,DE,VW31106,A1,WV3A721,"HUGO'S INDUSTRIAL SUPPLY,INC",03/30/2020,175,N,SW,LAYOVER FEE - $175 DEBIT TO HUGO,0,*,04/02/2020,175,AMJK,CSM,DEBIT FOR LAYOVER FEE,SWPB,PSB,, AMAZODA01,20815.2,H263,RS,HUGOSIN07
AM00317,T1,VW31038,A1,WV2A838,MID VALLEY PACKAGING & SUPPLY CO.,03/30/2020,26242.56,Y,SW,"DAMAGED IN TRANSIT - 51 PLT, REJECTED T/L",27613.44,*,04/21/2020,26242.56,AMAZ,CSM,"QUATERBACK, RTN 15-S, 4881-G",SWMD,HLB,, MIDVAFO01,26242.56,M676,RS,MIDVAFO03
AM00318,T1,VW31006,A1,WV3A536,ASSOCIATED PACKAGING,03/30/2020,1072.4,Y,SW,DAMAGED IN TRANSIT - 1 PLT REFUSED,1191.45,*,04/16/2020,1072.4,AMJK,EV,"XPO, RTN 4-S, 36-G",SWCG,AM1,, ASSOCGA02,6271.44,A384,RS,ASSOCGA01
AM00319,M7,VW21160,A1,WV2A853,SUNRISE MANUFACTURING,03/31/2020,15233.13,Y,SW,SPLITTING - 297 RL ,16559.23,*,06/12/2020,15233.13,AMAZ,EV,"RTN 260-G, 37-S | CREDIT 2 SAMPLE RL, AND FREIGHT $203.88",SWMD,ELB,, SUNRIRC01,35683.2,S642,RS,SUNRIRC01
AM00319,M7,VW21160,A2,WV2A853,SUNRISE MANUFACTURING,06/10/2020,306.44,N,SW,"SPLITTING - 2 SAMPLE RLS, AND SAMPLE FREIGHT $203.88 ",76,*,06/12/2020,306.44,AMAZ,EV,"RTN 260-G, 37-S | CREDIT 2 SAMPLE RL, AND FREIGHT $203.88",SWMD,ELB,, SUNRIRC01,35683.2,S642,RS,SUNRIRC01
AM00320,DE,VW30578,A1,WV3A308,WAL-MART DISTRIBUTION CENTER #7016,03/31/2020,150,N,SW,DEBIT LAYOVER FEE $150 TO HUGO,0,*,04/02/2020,150,AMJK,SV,DEBIT FOR LAYOVER FEE,SWSP,PSB,, WALMAGO01,4422.6,W060,RS,WALMAGO01
AM00321,M7,VW20325,A1,WV2A140,TRM MANUFACTURING,03/31/2020,1175.76,N,SW,TEARING - 30% DISCOUNT,1070,*,04/02/2020,1175.76,AMAZ,JZU,CREDIT ,8SW,PSB,, TRMMACO03,7642.08,T053,RS,TRMMACO01
AM00322,M6,VW30755,A1,WV3A244,NICHOLS PAPER-MEIJER,03/31/2020,126.3,N,SW,LATE SPR - $1.16/LB,0,*,04/02/2020,126.3,AMJK,CSM,CREDIT ,SWMZ,PSB,, NICHOBG01,2570.4,N297,RS,NICHOBH01
AM00324,M0,UWB1086,A1,WUBA730,LEGACY PAPER AND PACKAGING,04/07/2020,5443.2,Y,SW,CUSTOMER RETURN - CHARGE 10% RESTOCKING FEE $604..80,5814.96,*,04/16/2020,5443.2,AMJK,CSM,"RTN 864-G, CHARGE 10% RESTOCKING FEE, AND RETURN FREIGHT $459.55",SWPBS,PSB,, LEGACHO01,12096,L291,RS,LEGACHO01
AM00324,M0,UWC0643,A1,WUCA374,LEGACY PAPER AND PACKAGING,04/01/2020,5698.41,Y,SW,"CUSTOMER RETURN - CHARGE 10% RESTOCKING FEE $660.82, AND RETURN FREIGHT $459.55",6299.54,*,04/16/2020,5698.41,AMJK,CSM,"RTN 864-G, CHARGE 10% RESTOCKING FEE, AND RETURN FREIGHT $459.55",SWPBS,PSB,, LEGACHO01,12199.68,L291,RS,LEGACHO01
AM00324,M0,UWC0644,A1,WUCA422,LEGACY PAPER AND PACKAGING,04/01/2020,1829.95,Y,SW,CUSTOMER RETURN - CHARGE 10% RESTOCKING FEE $203.33,1938.32,*,04/16/2020,1829.95,AMJK,CSM,"RTN 864-G, CHARGE 10% RESTOCKING FEE, AND RETURN FREIGHT $459.55",SWPBS,PSB,, LEGACHO01,3049.92,L291,RS,LEGACHO01
AM00325,P1,UBA0494,A1,BU7A743,IMAGENES Y SOLUCIONES S.A. DE C.V.,04/01/2020,3326.61,N,BP,"Customer is claiming monetary loss of printed film due to curling of our PP38.
Please direct to Juan Rosales and Todd O'reilly. (BUSINESS DECISION)
",0,*,04/09/2020,3326.61,AMJK,PV,CASE-ONE curling,AMCP,PP,, IDMCOLA02,27390.7,I155,ES,IMAGEZA01
AM00326,P1,VB10962,A1,BU7A743,IMAGENES Y SOLUCIONES S.A. DE C.V.,04/01/2020,3049.81,N,BP,"Customer is claiming monetary loss of printed film due to curling of our PP38.
Please direct to Juan Rosales and Todd O'reilly. (BUSINESS DECISION)
",0,*,04/09/2020,3049.82,AMJK,PV,CASE-2 curling,AMCP,PP,, IDMCOLA02,12078.48,I155,ES,IMAGEZA01
AM00327,T1,VB30831,A1,BV2A235,C-P FLEXIBLE PACKAGING,04/02/2020,2634.08,Y,BP,"4 pallets damaged in transit.
Claim already filed with PDI on BXA2087. Was originally consignment so no credit due, but then pallets got billed to customer on 3/16 by mistake",2953,*,04/07/2020,2589.78,AMJK,AM,damaged in transit,CFLD,VA,, CPFLEYO02,2589.79,C047,RS,CPFLEYO01
AM00328,P1,UBB0398,A2,BUAA977,PRINT PACK,04/02/2020,1096.45,N,BP,amsc- wrinkles- down time $425,650,*,04/08/2020,1096.45,AMSC,SN,#13-5125 wrinkles,CFMS,BRT,, PRINTEL02,7282.65,P043,RS,PRINTEL02
AM00329,P1,VB30114,A1,BUCA367,CADILLAC PRODUCTS PACKAGING COMPANY,04/03/2020,1968.5,N,BP,"AMJK  lines on edge roll #0021300157
samples and photos requested on 4/3",1270,*,05/01/2020,1968.5,AMJK,SN,LINES ON EDGE OF ROLL - SCRAP,CFCS,TT,, CADILDA10,16017.7,CB65,RS,CADILDA10
AM00330,P1,VB10138,A1,BUBA321,3M MANAUS IND PROD QUIM LTDA,04/03/2020,496.83,N,BP,"The web has broken in the splice. Causing the machine to stop, material losses and low productivity",396.83,*,04/20/2020,496.83,AMJK,KS,DNAM-BMJQDZ splice break,CFDP,KT,, 3MMANMA01,24043.41,M208,ES,3MMANMA01
AM00331,T1,VB31229,A1,BV3A093,INTERTAPE POLYMER CORP,04/03/2020,2322.37,Y,BP,Roll #0031301396 & 0031301397 were damaged during transit. Customer is rejecting two damaged pallets for credit.,2815,*,05/01/2020,2322.37,AMJK,LA,returned 2 rolls 0031301396/397,HQLA,TT,, IPGCOHE01,5805.53,I121,RS,INTERCA07
AM00332,M1,VW30983,A1,WV3A594,TEAM EAGLE PACKAGING SYSTEMS,04/13/2020,5126.4,Y,SW,KEY-IN ERROR - OVER SHIPPED 4 PLTS ,5760,*,04/16/2020,5126.4,AMJK,CSM,RTN 160 RL BACK TO FG,SWMZ,EPB,, TEAMEYO01,6408,T619,RS,TEAMEYO01
AM00333,P1,VB10595,A1,BUCA242,SIGNATURE FLEXIBLE PKG,04/06/2020,1250,N,BP,"baggu edges - video attached
Additional claim with BA25 may be coming",0,*,04/20/2020,1250,AMJK,SN,Baggy edges ,CFDH,BA,, SIGNACA01,24388.88,S014,RS,SIGNACO02
AM00334,M5,VW20666,A1,WV1A956,"NAMAR INDUSTRIAL PACKAGING, LLC",04/06/2020,27.52,N,SW,SAMPLE - 1 RL,32,*,04/07/2020,27.52,AMAZ,SV,CREDIT SAMPLE ,SWCK,EPB,, NAMARMU01,13733.76,N136,RS,NAMARMU01
AM00335,T1,VW31039,A1,WV3A506,"MJB PLASTICS, INC.",04/07/2020,4441.6,Y,SW,Return along with refused T/lL order at Stop 1 ,4272,*,05/06/2020,4441.6,AMAZ,JZU,"QUATERBACK, RTN 256-G",SWDP,HLP,, AGRIPSA01,4441.6,M727,RS,MJBPLLB01
AM00336,P1,VB10317,A1,BUCA421,TRANSCENDIA,04/07/2020,430.1,N,BP,"Production reported shoot out/ scoping on the master roll. 
roll # 0004192477   ",460,*,04/20/2020,430.1,AMJK,PV,0453CC  telescoping scrap roll,CFJM,BA,, TRANSRC02,28347.34,T025,RS,TRANSRC02
AM00337,M1,UBC1752,A1,BUBA901,INTERSTATE PACKAGING,04/08/2020,2000,N,BP,material o be packed on 36 roll/pallet 3 layers of 12 rolls but came in stacked 4 high/ 65 rolls/pallet. Had to spend time re-palletizing at $25/hour.,0,*,04/09/2020,2000,AMJK,MR,S-620-20 repack pallets,CFJM,CL,, INTERWB02,30591.88,I014,RS,INTERWB01
AM00338,M4,UWC0538,A1,WUCA342,ALLIED PACKAGING CORPORATION,04/08/2020,1402.5,Y,SW,CUSTOMER RETURN -  33 ROLLS ,1593.9,*,05/22/2020,1402.5,AMAZ,SV,"RTN 13-S, 20-G",SWCK,EPB,, ALLIEPH11,1700,A372,RS,ALLIEPH02
AM00339,P1,VB32133,A1,BV3A685,GARLOCK PRINTING & CONVERTING CORP,04/08/2020,224.05,N,BP,"dead edge causing wrinkles in the print 233 lbs
roll # 0031401920",233,*,04/20/2020,224.05,AMJK,AM,202000178  wrinkles in print scrap,CFDH,,, GARLOGA02,15233.27,G002,RS,GARLOGA01
AM00340,R1,VB30379,A1,BV2A024,TRANSCENDIA,04/08/2020,68041.8,N,BP,"Transcendia March 2020 Rebate
All Films 
Total lbs: 1,134,030 lb. 
Rebate: $0.06/lb. 
Total rebate: $68,041.80",1134030,*,04/16/2020,68041.8,AMJK,MA,March 2020 Rebate,CFJM,BA,, TRANSCA08,32523.89,T025,RS,TRANSCA08
AM00341,R1,VB30876,A1,BV1B038,PRINTPACK VR2(CONSGT-AMSC)GMI,04/08/2020,15357.76,N,BP,"PPK VR2 Consignment Storage Allowance - March 2020
CWS, VA and MTF
Total lbs: 1,535,776.38 lb. 
Credit: $0.01/lb. 
Total credit: $15,357.76",1535776.38,*,04/16/2020,15357.76,AMSC,SN,March Consignment Storage Allowance 2020,CFMS,CWS,, PRINTVR25,33238.5,P043,RS,PRINTVR24
AM00342,M4,VW10471,A1,WV1A264,ERNEST PACKAGING SOLUTIONS,04/08/2020,11021.25,Y,SW,"CUSTOMER RETURN - CHARGE 10% RESTOCKING FEE $1411.20 AND FREIGHT $1,679.55",17209.92,*,05/06/2020,11021.25,AMAZ,JZU,"RTN 480-G; DEDUCTED 10% RESTOCKING FEE $1411.20, AND FREIGHT $1,679.55",SWTM,EHB,, ERNESPO06,29364,E386,RS,ERNESPO06
AM00343,P1,VB12291,A1,BUCA683,TRANSCENDIA,04/09/2020,3377.35,N,BP,"Bad Gauge Variations on Master Rolls received  - Inteplast Lot Ref Numbers:  0004197291, 0004197311, 0004197287  (Pictures attached)
Transcendia Lot Numbers:2002073348 - 3350  
",3612,*,04/20/2020,3377.35,AMJK,PV,04B30A bad gauge varaiation,CFJM,BA,, TRANSGR03,15639.75,T025,RS,TRANSGR03
AM00344,M4,VW30920,A1,WV3A194,KENT H LANDSBERG BUSINESS CENTER,04/09/2020,3103,Y,SW,"CUSTOMER RETURN - 150 RL, CHARGE 10% RESTOCKING FEE $381.75, AND FREIGHT $332.75
",3780,*,05/08/2020,3103,AMJK,JZU,"RTN 150-G; DEDUCTED 10% RESTOCKING FEE $381.75, AND FREIGHT $332.75",SWLU,EHK,, SYNCRCA01,6362.5,K103,RS,KENTHMO03
AM00346,P1,UBA1283,A1,BU8A829,FORPLAX/CFC LLC,04/09/2020,2297.24,Y,BP,Roll # 9091302347 & 9091302324 were both rejected due to imperfect circles and floppy edges,2024,*,05/29/2020,2297.24,AMJK,LA,returned film,HQLA,TT,, FORPLDG06,43336.57,F001,RS,FORPLDG06
AM00346,P1,UBC0167,A1,BU8A830,FORPLAX/CFC LLC,04/09/2020,1717.26,Y,BP,Roll # 9101201424 was rejected due to imperfect circles and floppy edges,1513,*,05/29/2020,1717.25,AMJK,LA,returned film,HQLA,TT,, FORPLDG06,42718,F001,RS,FORPLDG06
AM00346,P1,VB10125,A1,BUAA910,FORPLAX/CFC LLC,04/09/2020,1609.43,Y,BP,Roll # 9121300573 was rejected due to imperfect circles and floppy edges,1418,*,05/29/2020,1609.43,AMJK,LA,returned film,HQLA,TT,, FORPLDG06,42246.97,F001,RS,FORPLDG06
AM00346,P1,VB11108,A1,BUAA912,FORPLAX/CFC LLC,04/09/2020,1710.45,Y,BP,Roll # 0011300928 was rejected due to imperfect circles and floppy edges,1507,*,05/29/2020,1710.44,AMJK,LA,returned film,HQLA,TT,, FORPLDG06,42775.88,F001,RS,FORPLDG06
AM00346,P1,VB20021,A1,BUAA911,FORPLAX/CFC LLC,04/09/2020,999.94,Y,BP,"Roll # 0004199459 was rejected due to imperfect circles and floppy edges
7 rolls being returned to plant",881,*,05/29/2020,999.93,AMJK,LA,returned film,HQLA,TT,, FORPLDG06,43014.23,F001,RS,FORPLDG06
AM00346,P1,VB30150,A1,BV2A086,FORPLAX/CFC LLC,04/09/2020,1647.03,Y,BP,Roll # 0021302508 was rejected due to imperfect circles and floppy edges,1518,*,05/29/2020,1647.03,AMJK,LA,returned film,HQLA,TT,, FORPLDG06,41131.27,F001,RS,FORPLDG06
AM00347,P1,VB40042,A1,BV2A576,TRANSCENDIA,04/13/2020,422.98,N,BP,"Excessive gauge variation (Pictures Attached).  Inteplast Ref # 0004216330
Transcendia Lot # 2004687901
Process and Handling: $ 70
",370,*,05/01/2020,422.98,AMJK,PV,#04FC93 GAUGE VARIATION,CFJM,SP,, TRANSGR03,3608.98,T025,RS,TRANSGR03
AM00348,M4,VW40253,A1,WV3A915,GWC PACKAGING,04/13/2020,6051.84,Y,SW,BUSINESS CLOSED - RTN 256 CS TO PLANT ,7203.84,*,05/04/2020,6051.84,AMJK,JZU,RTN 256 CS BACK TO FG ,SWDP,HCB,, NORSTAT01,6051.84,G890,RS,GWCPARC01
AM00349,S1,VW30996,A1,WUCA259,WESTERN PLASTICS- CANADA,04/13/2020,1231.68,Y,SW,SHIPPING LOADING ERROR - BILLED BUT DIDN'T SHIP SO#WUCA259-3,1520.64,*,04/24/2020,1231.68,AMJK,JJK,"RTN 48 CS BACK TO FG, AND RE-BILLED SHIPPED PLT  ON SO# WV3B150",SWKC,HCB,, NATIORI03,14867.54,W120,RS,WESTEMI01
AM00349,S1,VW30999,A1,WV3A150,WESTERN PLASTICS- CANADA,04/13/2020,0,Y,SW,SHIPPING LOADING ERROR - SHIPPED BUT DIDN'T BILL SO#WV3A150-1,0,*,04/24/2020,0,AMJK,MN,"RTN 48 CS BACK TO FG, AND RE-BILLED SHIPPED PLT  ON SO# WV3B150",SWKC,HCB,, NATIORI03,11689.68,W120,RS,WESTEMI01
AM00351,M0,UWC0352,A1,WUCA136,SYSCO LOS ANGELES,04/13/2020,2620.47,N,SW,UNPAID TAX $2620.47,0,D,04/16/2020,0,AMAZ,JAH,"DENY, PLEASE COLLECT UNPAID TAX $2620.47",SWSP,,, SYSCOWA11,30204.39,SW34,RS,SYSCOWA11
AM00352,M0,UWC0627,A1,WUCA475,SYSCO ARKANSAS - 029,04/13/2020,263.01,N,SW,UNPAID TAX $263.01,0,D,04/16/2020,0,AMJK,JAH,"DENY, PLEASE COLLECT UNPAID TAX $263.01",SWSP,,, SYSCOLR06,3185.37,SW84,RS,SYSCOLR06
AM00353,M0,UWC0819,A1,WUCA632,SYSCO NORTH TEXAS - 006,04/13/2020,1718.92,N,SW,UNPAID TAX $1718.92,0,D,04/16/2020,0,AMJK,JZU,"DENY, PLEASE COLLECT UNPAID TAX $1718.92",SWSP,,, SYSCOLE08,22554.28,SX06,RS,SYSCOLE08
AM00354,M0,VW10165,A1,WV1A041,"SYSCO SOUTHEAST FLORIDA, LLC 032",04/13/2020,1385.09,N,SW,UNPAID TAX $1385.09,0,D,04/16/2020,0,AMJK,JZU,"DENY, PLEASE COLLECT UNPAID TAX $1385.09",SWSP,,, SYSCORB08,21172.13,SW61,RS,SYSCORB08
AM00355,P1,UBA0001,A2,BU5A409,FORT DEARBORN,04/13/2020,875.44,N,BP,"Roll was shipped out of alignment.
Roll did not have a good jog for press to run consistently 
Pallet #0004136681",706,*,05/01/2020,875.44,AMJK,SE,#400269 out of alignment,CFDP,YCL,, FORTDFW01,37266.96,F255,RS,FORTDFW01
AM00356,M4,VB21253,A2,BV2A016,HOOD PACKAGING CORPORATION - TIFTON,04/13/2020,150,N,BP,Pallets damaged in transit and returned and credited. Need to issue credit for the $150 surcharge that was on this invoice as well. ,0,*,04/16/2020,150,AMJK,AM,surcharge,CFGF,VS,, HOODPTI01,1120.84,H323,RS,HOODPTI01
AM00357,P1,VB21459,A2,BV1A648,PRINT PACK,04/13/2020,1770.72,Y,BP,amsc- brt15- poor profile / wood grain appearance. 3442 lbs ./ down time 850,1785,*,05/01/2020,1147.39,AMSC,SN,13-5124 poor profile,CFMS,BRT,, PRINTEL02,12637.09,P043,RS,PRINTEL02
AM00357,P1,VB21459,A3,BV1A648,PRINT PACK,04/17/2020,1033.52,N,BP,poor profile/wood grain appearance - downtime,0,*,05/01/2020,1656.85,AMSC,SN,13-5124 poor profile,CFMS,BRT,, PRINTEL02,12637.09,P043,RS,PRINTEL02
AM00357,P1,VB31259,A1,BV1A648,PRINT PACK,04/30/2020,1642.74,Y,BP,Poor profile return,1657,*,05/01/2020,1643.74,AMSC,SN,13-5124 poor profile,CFMS,BRT,, PRINTEL02,36187.17,P043,RS,PRINTEL02
AM00359,P1,VB30615,A1,BV1A827,PRINTPACK,04/13/2020,2082.7,N,BP,amsc- brt15- downtime 1550- hard winds ,537,*,06/19/2020,2082.7,AMSC,SN,17-2034 hard wind,CFMS,BRT,, WESTSWA03,4169.38,P043,RS,PRINTRH04
AM00360,M0,VW10445,A1,WV1A009,SYSCO CONNECTICUT,04/13/2020,1492.76,N,SW,UNPAID TAX $1492.76,0,D,04/16/2020,0,AMJK,JZU,"DENY, PLEASE COLLECT UNPAID TAX $1492.76",SWSP,,, SYSCORH02,25000.76,SW30,RS,SYSCORH02
AM00361,M0,VW10483,A1,WV1A351,SYSCO NASHVILLE  060,04/13/2020,1695.1,N,SW,UNPAID TAX $1695.10,0,D,04/16/2020,0,AMJK,JZU,"DENY, PLEASE COLLECT UNPAID TAX $1695.10",SWSP,,, SYSCONA08,20020.54,SW46,RS,SYSCONA08
AM00362,M0,VW10827,A1,WV1A653,SYSCO/DETROIT,04/13/2020,610.85,N,SW,UNPAID TAX $610.85,0,D,04/16/2020,0,AMJK,JZU,"DENY, PLEASE COLLECT UNPAID TAX $610.85",SWSP,,, SYSCOCA03,10791.65,SW51,RS,SYSCOCA03
AM00363,M0,VW10961,A1,WV1A663,SYSCO RIVERSIDE,04/13/2020,2244.41,N,SW,UNPAID TAX $2244.41,0,D,04/16/2020,0,AMAZ,JZU,"DENY, PLEASE COLLECT UNPAID TAX $2244.41",SWSP,,, SYSCORI02,31204.61,SW90,RS,SYSCORI02
AM00364,M0,VW11291,A1,WV1A894,SYSCO ARKANSAS - 029,04/13/2020,250.31,N,SW,UNPAID TAX $250.31,0,D,04/16/2020,0,AMJK,JZU,"DENY, PLEASE COLLECT UNPAID TAX $250.31",SWSP,,, SYSCOLR06,3031.55,SW84,RS,SYSCOLR06
AM00365,M0,VW11366,A1,WV1A992,"SYSCO MEMPHIS, LLC. 014",04/13/2020,1929.24,N,SW,UNPAID TAX $1929.24,0,D,04/16/2020,0,AMJK,JZU,"DENY, PLEASE COLLECT UNPAID TAX $1929.24",SWSP,,, SYSCOME06,21716.28,SW33,RS,SYSCOME06
AM00366,M0,VW20111,A1,WV1A898,"SYSCO EASTERN WISCONSIN, LLC 1175",04/13/2020,485.02,N,SW,UNPAID TAX $485.02,0,D,04/16/2020,0,AMJK,JZU,"DENY, PLEASE COLLECT UNPAID TAX $485.02",SWSP,,, SYSCOJA17,9146.02,SW38,RS,SYSCOJA17
AM00367,M0,VW20123,A1,WV1B113,SYSCO EAST TEXAS 293,04/13/2020,506.72,N,SW,UNPAID TAX $506.72,0,D,04/16/2020,0,AMJK,JZU,"DENY, PLEASE COLLECT UNPAID TAX $506.72",SWSP,,, SYSCOLO10,6648.8,SW39,RS,SYSCOLO10
AM00368,M0,VW20799,A1,WV2A554,SYSCO NORTH TEXAS - 006,04/13/2020,354.47,N,SW,UNPAID TAX $354.45,0,D,04/16/2020,0,AMJK,JZU,"DENY, PLEASE COLLECT UNPAID TAX $354.45",SWSP,,, SYSCOLE08,4651.07,SX06,RS,SYSCOLE08
AM00369,P1,UWB0179,A1,WUBA008,ERNEST PACKAGING SOLUTIONS,04/17/2020,0,Y,SW,TEARING/ BREAKING -32 RL,0,D,05/04/2020,0,AMAZ,JAH,"DENY, SAMPLE INVALID ",SWDP,EPB,, ERNESCO03,18217.2,E386,RS,ERNESCO01
AM00370,R1,UBB0055,A1,BUAA766,FORT DEARBORN COMPANY,04/14/2020,19749,N,BP,"Fort Dearborn Concession Rebate - Jan--March 2020
Payment of $6583.00 per month due to Fort Dearborn as per Concession agreement",0,*,04/20/2020,19749,AMJK,YM,Concession rebate Jan-March 2020,CFDP,VS,, WALLEWI01,5259.37,F255,RS,FORTDEG01
AM00371,P1,VB10604,A1,BUCA761,SIGNATURE FLEXIBLE PKG,04/15/2020,1293.62,Y,BP,AMJK- BA25- Baggy film - roll 0011200666/681/673,1513,*,05/11/2020,1293.61,AMJK,SN,baggy film return,CFDH,BA,, SIGNACA01,24460.72,S014,RS,SIGNACO02
AM00371,P1,VB11325,A1,BUCA413,SIGNATURE FLEXIBLE PKG,04/15/2020,3199.41,Y,BP,baggy film,3742,*,05/11/2020,3199.41,AMJK,SN,baggy film return,CFDH,BA,, SIGNACA01,32415.62,S014,RS,SIGNACO02
AM00372,M2,VW40225,A1,WV4A088,HARTLEY TAPE AND SUPPLY,04/16/2020,694.8,N,SW,KEY IN ERROR - WRONG FOOTAGE,0,*,04/24/2020,694.8,AMAZ,SV,CREDIT,SWCK,EHB,, HARTLCL01,12149.52,H273,RS,HARTLCL01
AM00373,P1,VB30761,A1,BV1A759,TRANSCENDIA,04/16/2020,1104.83,N,BP,"roll of 120ga BOPP has scratches and cannot be used  
roll # 0021400672 
requested samples be sent to the plant",1132,*,05/01/2020,1104.83,AMJK,PV,#0447A4 scratches,CFJM,SP,, TRANSFP02,12356.16,T025,RS,TRANSFP02
AM00374,M1,VD20139,A1,DV2A005,TEXTRUDE,04/17/2020,2691.25,N,CT,"KEY IN ERROR - WRONG PRODUCT, SHOULD BE B26237M",0,*,05/09/2020,2691.25,AMJK,BO,CREDIT ,BW,NL,, TEXTRCH01,14924.64,G00H,RS,GFSONMI0B
AM00375,M2,VW21156,A2,WV2A831,TMV PACKAGING,04/17/2020,1209.5,N,SW,"KEY IN ERROR - WRONG FOOTAGE. SHOULD BE 7500', BUT ENTERED 5000'",0,*,05/29/2020,1209.5,AMAZ,MN,CREDIT,SWDP,ELB,, TMVPAWA01,31947.88,T375,RS,TMVPAWA01
AM00376,P1,UBA1117,A1,BU9A856,KENDALL PACKAGING CORP,04/20/2020,601.14,N,BP,"baggy edge- 474 lbs + 15 downtime = $75
Roll #9101300663",474,*,05/06/2020,601.14,AMJK,MR,#202000117  baggy edge scrap,CFBL,TL,, KENDAJE01,8505.2,K005,RS,KENDAME01
AM00377,M1,VW30716,A1,WV2B019,CROWN PACKAGING CORP.,04/20/2020,10320,Y,SW,KEY IN ERROR - WRONG WIDTH,6501,*,05/14/2020,10320,AMAZ,MN,RTN 250 BACK TO FG,SWTM,ELB,, CROWNBL02,10320,C150,RS,CROWNCH02
AM00378,M3,UB81486,A1,BU8A280,CONSOLIDATED PKG. GROUP LLC,04/21/2020,196.63,N,BP,"price - claim price should be .94/lb. 
Price sheet shows price increase from .94 to .95 effective 8/1.
Order date 8/8 and ship date 8/26",0,D,04/27/2020,0,AMJK,DB,denied,CFGF,CL,, CONSORP07,18679.85,C827,RS,CONSORP07
AM00379,R1,UBA0843,A1,BUAA490,FORT DEARBORN COMPANY,04/21/2020,129994.78,N,BP,"Fort Dearborn 2019 Annual Rebate
Total Volume: 4,333,159.22 lbs
Rebate rage: $0.03/lb
Total rebate amount: $129,994.78",4333159.22,*,04/23/2020,129994.78,AMJK,YM,Annual Rebate 2019,CFDP,VS,, WALLEWI01,3575.2,F255,RS,FORTDEG01
AM00380,M3,UB61728,A1,BU6A589,PRINTPACK A/P - SNACKS DIV,04/21/2020,105.73,N,BP,Printpack short paid for price. claim denied. price of $.92./lb is correct,0,D,04/21/2020,0,AMJK,SN,denied price claim,CFMS,VA,, PRINTVR02,12282.92,P043,RS,PRINTVR02
AM00381,M1,VW40159,A1,WV3A863,DANHIL CONTAINERS,04/21/2020,1459.2,Y,SW,KEY IN ERROR - OVER SHIPPED 1 PALLET,1280,*,05/04/2020,1459.2,AMJK,CSM,RTN 40 RL BACK TO FG,SWPBS,EUB,, DANHIBR03,14592,D024,RS,DANHIBR01
AM00382,M4,UWB0305,A1,WUAA398,IBS COMPANY-THE INTEPLAST GROUP,04/21/2020,0,Y,SW,"REPACK MATERIAL FOR IBS, NO NEED TO CREDIT ",0,*,04/24/2020,0,AMJK,MN,PAPERWORK FOR REPACK ONLY,8SW,PSB,, IBSCOLO01,17582.4,I003,RS,IBSCOLO01
AM00383,P1,VB10354,A1,BUAA401,3M JAPAN PRODUCTS LIMITED,04/21/2020,769.28,N,BP,"Winkles
Pallet # 0004182868",640,*,05/01/2020,769.28,AMJK,YM,20-033 wrinkles,CFDP,KT,, 3MJAPTO01,22670.92,M020,ES,3MJAPTO01
AM00383,P1,VB10354,A2,BUAA401,3M JAPAN PRODUCTS LIMITED,04/21/2020,889.48,N,BP,"Wrinkes 
Pallet # 0004182870",740,*,05/01/2020,889.48,AMJK,YM,20-033 wrinkles,CFDP,KT,, 3MJAPTO01,22670.92,M020,ES,3MJAPTO01
AM00384,P1,UBA1309,A1,BU9A169,3M JAPAN PRODUCTS LIMITED,04/21/2020,888.39,N,BP,"Wrinkles
Pallet#: 0004171342",733,*,05/01/2020,888.4,AMJK,YM,#20-046 wrinkles,CFDP,KT,, 3MJAPTO01,3915.97,M020,ES,3MJAPTO01
AM00385,M0,UB91318,A2,BU8A500,FORT DEARBORN COMPANY,04/22/2020,2861.88,N,BP,Customer ordered material and then realized they ordered the wrong material. Short paid invoice from Sept 2019,2375,D,10/29/2020,0,AMJK,YM,film not returned deny,CFDP,VS,, FORTDFI01,2861.88,F255,RS,FORTDFI01
AM00386,P1,VB30032,A1,BUCA888,AMERICAN PACKAGING CORP.,04/27/2020,522.46,Y,BP,baggy,464,*,06/05/2020,522.46,AMJK,YM,#436 BRT baggy return,CFGF,BRT,, BADGEFR02,12635.97,A050,RS,AMERICO05
AM00386,P1,VB30117,A1,BUCA888,AMERICAN PACKAGING CORP.,04/27/2020,809.59,Y,BP,baggy,719,*,06/05/2020,809.59,AMJK,YM,#436 BRT baggy return,CFGF,BRT,, BADGEFR02,23417.42,A050,RS,AMERICO05
AM00386,P1,VB30260,A2,BUCA888,AMERICAN PACKAGING CORP.,04/27/2020,742.03,Y,BP,baggy,659,*,06/05/2020,735.97,AMJK,YM,#436 BRT baggy return,CFGF,BRT,, BADGEFR02,23329.59,A050,RS,AMERICO05
AM00386,P1,VB30601,A1,BUCA888,AMERICAN PACKAGING CORP.,04/27/2020,585.52,Y,BP,baggy,520,*,06/05/2020,585.52,AMJK,YM,#436 BRT baggy return,CFGF,BRT,, BADGEFR02,34095.28,A050,RS,AMERICO05
AM00386,P1,VB31258,A1,BV1A527,AMERICAN PACKAGING CORP.,04/22/2020,2799.24,Y,BP,AMJK- BRT35 - bagginess in rolls and hard edges. This is also affecting their cold seal register. List of pallets attached. 29 rolls originally claimed which they agreed to change to 11 rolls that were under 900 lbs and the rest they will try to re-run. Return 11 partial rolls to plant,2486,*,06/05/2020,2192.67,AMJK,YM,#436 BRT baggy return,CFGF,BRT,, BADGEFR02,42007.68,A050,RS,AMERICO05
AM00386,P1,VB31624,A1,BV1A527,AMERICAN PACKAGING CORP.,05/21/2020,1862.4,Y,BP,baggy return,1654,*,06/05/2020,1734.04,AMJK,YM,#436 BRT baggy return,CFGF,BRT,, BADGEFR02,23984.93,A050,RS,AMERICO05
AM00386,P1,VB40187,A1,BV1A527,AMERICAN PACKAGING CORP.,04/27/2020,718.2,Y,BP,baggy/hard edges,675,*,06/05/2020,718.2,AMJK,YM,#436 BRT baggy return,CFGF,BRT,, BADGEFR02,39839.35,A050,RS,AMERICO05
AM00386,P1,VB40508,A1,BV2A096,AMERICAN PACKAGING CORP.,04/27/2020,277.7,Y,BP,baggy/hard edges,261,*,06/05/2020,277.7,AMJK,YM,#436 BRT baggy return,CFGF,BRT,, BADGEFR02,40991.66,A050,RS,AMERICO05
AM00387,M5,VB31258,A2,BV1A527,AMERICAN PACKAGING CORP.,04/22/2020,398.3,N,BP,Discount Charge for Citibank Payment.,0,*,04/24/2020,398.3,AMJK,YM,Citibank discount,CFGF,,, AMERICH55 AMERIDM06 BADGEFR02,42007.68,A050,RS,AMERICO05
AM00387,M5,VB31859,A1,BV2A057,AMERICAN PACKAGING CORP.,04/22/2020,3364.95,N,BP,Discount Charge for Citibank Payment.,0,*,04/24/2020,3364.95,AMJK,YM,Citibank discount,CFGF,,, AMERICH55 AMERIDM06 BADGEFR02,9027.2,A050,RS,AMERISC01
AM00387,M5,VB32019,A1,BV2B010,AMERICAN PACKAGING CORP.,04/22/2020,375.78,N,BP,Discount Charge for Citibank Payment.,0,*,04/24/2020,375.78,AMJK,YM,Citibank discount,CFGF,,, AMERICH55 AMERIDM06 BADGEFR02,5468.32,A050,RS,AMERISC01
AM00387,M5,VB40325,A1,BV1A527,AMERICAN PACKAGING CORP.,04/22/2020,706.68,N,BP,Discount Charge for Citibank Payment.,0,*,04/24/2020,706.68,AMJK,YM,Citibank discount,CFGF,,, AMERICH55 AMERIDM06 BADGEFR02,37588.99,A050,RS,AMERICO05
AM00387,M5,VB40486,A1,BUCA887,AMERICAN PACKAGING CORP.,04/22/2020,704.92,N,BP,Discount Charge for Citibank Payment.,0,*,04/24/2020,704.92,AMJK,YM,Citibank discount,CFGF,,, AMERICH55 AMERIDM06 BADGEFR02,4510.07,A050,RS,AMERICO05
AM00387,M5,VB40757,A1,BV2A096,AMERICAN PACKAGING CORP.,04/22/2020,198.31,N,BP,Discount Charge for Citibank Payment.,0,*,04/24/2020,198.31,AMJK,YM,Citibank discount,CFGF,,, AMERICH55 AMERIDM06 BADGEFR02,21980.11,A050,RS,AMERICO05
AM00388,R1,VB30344,A1,BV1A540,TRANSCONTINENTAL MULTIFILM INC.,04/22/2020,40841.32,N,BP,"TC/Transcontinental Packaging Rebate: Q1 2020
Total lbs shipped: 2,042,066 lb. 
Rebate rate: $0.02
Total Rebate: $40,841.32",2042066,*,04/27/2020,40841.32,AMJK,AM,Rebate Q1 2020,CFGF,AA,, MULTIEL01,5801.66,M206,RS,TRANSEL08
AM00389,M1,VW40585,A1,WV4A062,INDUSTRIAL FAIRWAY SUPPLY COMPANY,04/22/2020,7564.8,Y,SW,"KEY IN ERROR - WRONG ITEM: SHOULD BE EHB, NOT EPB",7564,*,05/14/2020,7564.8,AMJK,CY,RTN 240 RL BACK TO FG,SWJD,EPB,, INDUSFA01,13023.56,I535,RS,INDUSFA01
AM00390,M2,VW40197,A1,WV3A956,SOUTHERNCARLSON (ACCOUNTS PAYABLE ),04/22/2020,171.2,N,SW,"KEY IN ERROR - PRICE, SHOULD BE $-0.03 FOR CPU ORDER",0,*,04/27/2020,113.6,AMAZ,CY,CREDIT ,SWCK,ELB,, CRESCSU01,5046.4,C326,RS,SOUTHPH09
AM00390,M2,VW40567,A1,WV3A956,SOUTHERNCARLSON (ACCOUNTS PAYABLE ),04/22/2020,1027.2,N,SW,"KEY IN ERROR - PRICE, SHOULD BE $-0.03 FOR CPU ORDER",0,*,04/27/2020,681.6,AMAZ,CY,CREDIT ,SWCK,ELB,, CRESCSU01,30278.4,C326,RS,SOUTHPH09
AM00391,P1,VW31225,A1,WV3A393,BENSTAR PACKAGING AND DISTRIBUTING,04/23/2020,30.08,N,SW,CRUSHED CORES - 8 RL,26.88,*,05/04/2020,30.08,AMJK,CY,SCRAP IN FIELD 8 RL,SWJD,PSB,6252, FAREWBO01,14077.44,B409,RS,BENSTSC01
AM00392,P1,VB31933,A1,BV2A540,CP FLEXIBLE PACKAGING,05/06/2020,426.53,Y,BP,"defective raw film, gash on the side
1 roll invoiced - other 3 in consignment. Will return all 4 rolls. Gash in roll was under end board and customer claimed it did not look like it was damage in transit. ",442,*,05/29/2020,419.91,AMJK,DB,Gash in roll- returne,CFGF,AA,, CPFLEBU05,19456,F020,RS,CPFLEBU01
AM00393,P1,VB40840,A1,BV1A930,PRINTPACK A/P - SNACKS DIV,04/23/2020,564.9,N,BP,amjk- va30- wrinkles - 700 lbs,700,*,04/30/2020,564.9,AMJK,SN,#11-2290 wrinkles,CFMS,VA,, PRINTVR02,4420.75,P043,RS,PRINTVR02
AM00394,P1,VB40675,A1,BV2A897,PRINTPACK,04/23/2020,2629.86,N,BP,"amjk- contamination- down time $625 + $540.96 printed (1814 lbs rejected)
samples being sent to Mike Lynch",1814,*,05/14/2020,2629.86,AMJK,SN,17-2035 contamination,CFMS,VA,, PRINTRH04,5215.64,P043,RS,PRINTRH04
AM00395,R1,VB30939,A1,BV2A102,SONOCO FPD,04/23/2020,54156.8,N,BP,"Unilever Rebate - Q1 2020
CQW25 and CL30 thru Sonoco
Total lbs: 270,784 lb. 
Rebate: $0.20/lb. for CL30
Total rebate: $54,156.80",270784,*,04/30/2020,54156.8,AMJK,CJ,Q1 2020 Unilever rebate,CFDP,CL,, SONOCMO05,42110.28,SC31,RS,SONOCHA17
AM00396,P1,VW21236,A1,WV2A664,GEN PAC,04/23/2020,0,Y,SW,BREAKING - 27 RLS ,0,*,05/22/2020,0,AMJK,EV,COMPLAINT CANCELLED ,SWCG,EHB,6206, GENPATU01,34170.2,G197,RS,GENPATU02
AM00397,M4,UBA1857,A1,BU5A030,AMCOR FLEXIBLES LLC,04/24/2020,270.79,N,BP,Credit dept used credit balance of $6K to apply to unpaid invoices from 2019 that Bemis/Amcor will not pay. That left a balance of still $270.79 to clear account. Marketing agreed to issue credit to write off,0,*,04/28/2020,270.79,AMJK,MR,write off balance,CFLD,BFP,, AMCORHA03,1097.21,A017,RS,AMCORHA01
AM00398,P1,VB21036,A2,BV1A897,"GOLDEN DYNAMIC,INC",04/24/2020,541.5,N,BP,Roll # 21700025 was rejected due to blocking.,475,*,05/04/2020,541.5,AMSC,LA,#3179/3219/3220/3221 blocking,HQLA,SP,, MULTIBO04 MULTIPC05,43892.28,D230,RS,GOLDEGA02
AM00398,P1,VB21037,A2,BV1A898,"GOLDEN DYNAMIC,INC",04/24/2020,132.24,N,BP,Roll # 11700884 was rejected due to blocking.,116,*,05/04/2020,132.24,AMSC,LA,#3179/3219/3220/3221 blocking,HQLA,SP,, MULTIBO04 MULTIPC05,44048.46,D230,RS,GOLDEGA02
AM00398,P1,VB21496,A3,BV1A907,"GOLDEN DYNAMIC,INC",04/24/2020,267.9,N,BP,Roll #21700004 & 11700886 were rejected due to blocking.,235,*,05/04/2020,267.9,AMSC,LA,#3179/3219/3220/3221 blocking,HQLA,SP,, MULTIBO04 MULTIPC05,43367.88,D230,RS,GOLDEGA02
AM00398,P1,VB30115,A1,BUCA622,"GOLDEN DYNAMIC,INC",04/24/2020,75.08,N,BP,Roll # 21701259 was rejected due to blocking.,65,*,05/04/2020,75.08,AMSC,LA,#3179/3219/3220/3221 blocking,HQLA,SP,, MULTIBO04 MULTIPC05,42154.04,D230,RS,GOLDEGA02
AM00399,T3,UW81059,A1,WU8A708,MCLEOD & DEWEY,04/27/2020,1469.28,N,SW,SHORT 1 PALLET,1649,D,05/04/2020,0,AMJK,SMT,"POD SIGNED CLEAR, DENY",SWJH,HTK,, IRONMEB01,1469.28,M530,RS,MCLEOAG01
AM00400,M4,VW30873,A1,WV3A548,SYSCO FOOD SERVICES OF COLUMBIA 025,04/27/2020,3255.6,Y,SW,"CUSTOMER RETURN - 210 CS, 
DEDUCTED THE CHARGE $2557.20 FOR EPB0803006000 - 60 ROLL * $42.62 ",5012,*,05/20/2020,3255.6,AMJK,JZU,"RTN 210-G, DEDUCTED THE CHARGE TOTAL $2557.20 FOR EPB0803006000 (60 ROLL * $42.62)",SWSP,PSB,, SYSCOCO14,26008.14,SW21,RS,SYSCOCO14
AM00401,M4,UWA0848,A1,WUAA267,BLACKHAWK INDUSTRIAL,04/27/2020,4258.08,N,SW,"DIVERT ORDER - 160 RL, DEDUCTED 10% RESTOCKING FEE $515.84, AND FREIGHT $384.48",5547.52,*,05/22/2020,4258.08,AMJK,CY,CREDIT FOR DIVERT ORDER,SWJD,EHB,, BLACKBP01,11407.2,P880,RS,BLACKBP01
AM00402,R1,UBC0835,A1,BUAA873,OVERWRAPS PACKAGING L.P.,04/28/2020,21991.5,N,BP,"Snyder's Lance Q4 2019 Rebate
VAB30 Total lbs: 219,915
Rebate: $0.10/lb. 
Total rebate: $21,991.50",219915,*,04/30/2020,21991.5,AMJK,GO,Q4 2019 rebate,CFDP,VAB,, OVERWDA02,66554.77,O006,RS,OVERWDA02
AM00403,M9,VW10092,A1,WUCA779,PROFESSIONAL PACKAGING SYSTEMS INC.,04/28/2020,110.64,N,SW,BREAKING - 4 RL,205.2,*,05/22/2020,110.64,AMJK,CSM,SCRAP IN FIELD 4 RL,SWPB,EHB,, JOFFRSD01,27658.8,P463,RS,PROFEGP02
AM00404,M2,VB40374,A1,BV2A720,PRIME PACKAGING,04/28/2020,191.95,N,BP,Price entered incorrectly.  Price list included,3490,*,04/30/2020,191.95,AMJK,CD,price,CFRH,PL,, PRIMEWD01,5200.1,P617,RS,PRIMEWD01
AM00404,M2,VB40375,A1,BV2A721,PRIME PACKAGING,04/28/2020,233.86,N,BP,Price entered incorrectly.  Price list included,4252,*,04/30/2020,233.86,AMJK,CD,price,CFRH,TL,, PRIMEWD01,4847.28,P617,RS,PRIMEWD01
AM00404,M2,VB40376,A1,BV2A722,PRIME PACKAGING,04/28/2020,181.01,N,BP,Price entered incorrectly.  Price list included,3291,*,04/30/2020,181.01,AMJK,CD,price,CFRH,PL,, PRIMEWD01,4903.59,P617,RS,PRIMEWD01
AM00404,M2,VB40377,A1,BV2A723,PRIME PACKAGING,04/28/2020,325.38,N,BP,Price entered incorrectly.  Price list included,5916,*,04/30/2020,325.38,AMJK,CD,price,CFRH,TL,, PRIMEWD01,6744.24,P617,RS,PRIMEWD01
AM00405,P1,UBA1597,A1,BU7A785,PRINTPACK A/P - SNACKS DIV,04/29/2020,1350.01,N,BP,amjk- HD18 baggy film causing wrinkles,1270,*,05/01/2020,1350.01,AMJK,SN,#11-22293 BAGGY FILM,CFMS,HD,, PRINTVR02,20025.86,P043,RS,PRINTVR02
AM00406,M6,VW40082,A1,WV3A546,ZEPAK,04/29/2020,133.6,N,SW,LATE SPR - REQUESTED AT $1.04/LB,0,*,05/04/2020,133.6,AMJK,EV,CREDIT ,SWTM,ELB,, ZEPAKWI02,15621.6,Z016,RS,ZEPAKWI02
AM00406,M6,VW40085,A1,WV4A042,ZEPAK,04/29/2020,267.2,N,SW,LATE SPR - REQUESTED AT $1.04/LB,0,*,05/04/2020,267.2,AMJK,EV,CREDIT ,SWTM,ELB,, ZEPAKWI02,11832,Z016,RS,ZEPAKWI02
AM00407,M5,VW31094,A1,WV3A225,NATIONAL PAPER & PLASTICS CO.-PAUL CELLA,04/29/2020,37.98,N,SW,SAMPLE - 1 RL,36.16,*,05/04/2020,37.98,AMJK,CY,CREDIT SAMPLE ,SWJD,ELB,, BELSOGB05,8718.16,N044,RS,BELSOGB05
AM00408,M4,VB40137,A1,BV2A920,HOOD PACKAGING CORPORATION - SPARTANBURG,04/29/2020,30000,N,BP,Attached is the SPR for Hood Spartanburg pricing.  Also an excel detail list of the invoices shipped during Q1 and Q2,0,*,05/04/2020,30000,AMJK,AM,Price,CFGF,,, HOODPSP03,32675.11,H324,RS,HOODPSP02
AM00408,M4,VB40219,A1,BV3A089,HOOD PACKAGING CORPORATION - SPARTANBURG,04/29/2020,25000,N,BP,Attached is the SPR for Hood Spartanburg pricing.  Also an excel detail list of the invoices shipped during Q1 and Q2,0,*,05/04/2020,25000,AMJK,AM,Price,CFGF,,, HOODPSP03,27413.02,H324,RS,HOODPSP02
AM00408,M4,VB41617,A1,BV3B133,HOOD PACKAGING CORPORATION - SPARTANBURG,04/29/2020,3377.96,N,BP,Attached is the SPR for Hood Spartanburg pricing.  Also an excel detail list of the invoices shipped during Q1 and Q2,0,*,05/04/2020,3377.96,AMJK,AM,Price,CFGF,,, HOODPSP03,33848.32,H324,RS,HOODPSP02
AM00409,P1,UBC0674,A2,BUBA962,FORT DEARBORN COMPANY,04/30/2020,937.4,N,BP,"Pallet Number 0004186418
Baggy edge causing creases",1075,*,05/14/2020,937.4,AMJK,KS,AM2020-03001 ,CFDP,VS,, FORTDWI01 FORTDWI02 WALLEWI01,10702.93,F255,RS,FORTDWI01
AM00409,P1,UBC1348,A1,BUAB043,FORT DEARBORN COMPANY,04/30/2020,1093.84,N,BP,"Pallet number 0004182132
Baggy edge causing creases",907,*,05/14/2020,1093.84,AMJK,KS,AM2020-03001 ,CFDP,VS,, FORTDWI01 FORTDWI02 WALLEWI01,2518.13,F255,RS,FORTDWI01
AM00409,P1,UBC1349,A1,BUAB044,FORT DEARBORN COMPANY,04/30/2020,365.41,N,BP,"Pallet number 0004181409
Baggy edge ",303,*,05/14/2020,365.41,AMJK,KS,AM2020-03001 ,CFDP,VS,, FORTDWI01 FORTDWI02 WALLEWI01,5283.49,F255,RS,FORTDWI01
AM00409,P1,VB10379,A1,BUCA883,FORT DEARBORN COMPANY,04/30/2020,970.78,N,BP,"Pallet Number 0004194292 
Baggy edge",873,*,05/14/2020,970.78,AMJK,KS,AM2020-03001 ,CFDP,PL,, FORTDWI01 FORTDWI02 WALLEWI01,18183.42,F255,RS,FORTDWI01
AM00409,P1,VB10396,A1,BUBA962,FORT DEARBORN COMPANY,04/30/2020,828.5,N,BP,"Pallet #0004186445
Extreme baggy edge from middle to end",997,*,05/14/2020,828.5,AMJK,KS,AM2020-03001 ,CFDP,VS,, FORTDWI01 FORTDWI02 WALLEWI01,5575.18,F255,RS,FORTDWI01
AM00409,P1,VB11471,A1,BV1A171,FORT DEARBORN COMPANY,04/30/2020,821.86,N,BP,baggy edges - roll #0011301055,989,*,05/14/2020,821.86,AMJK,KS,AM2020-03001 ,CFDP,VS,, FORTDWI01 FORTDWI02 WALLEWI01,8857.63,F255,RS,FORTDWI01
AM00409,P1,VB20806,A1,BUAA482,FORT DEARBORN COMPANY,04/30/2020,963.82,N,BP,tin canning in middle- roll #9041302704,1021,*,05/14/2020,963.82,AMJK,YM,AM2020-03001 ,CFDP,TL,, FORTDWI01 FORTDWI02 WALLEWI01,5271.3,F255,RS,FORTDEG01
AM00409,P1,VB20810,A2,BV1A171,FORT DEARBORN COMPANY,04/30/2020,1672.8,N,BP,"Pallet numbers 0004197665 (1,093 lbs) and 0004197634 (920 lbs)
Low stops causing up curl
Baggy edge causing upcurl ",2013,*,05/14/2020,1672.8,AMJK,KS,AM2020-03001 ,CFDP,VS,, FORTDWI01 FORTDWI02 WALLEWI01,6416.15,F255,RS,FORTDWI01
AM00409,P1,VB21864,A1,BV2A289,FORT DEARBORN COMPANY,04/30/2020,2389.42,N,BP,"Pallet numbers 0004197667 (1,004 lbs) and 0004197696 (1,047 lbs)
Baggy edge 
Baggy edge in middle causing creases and severe down curl ",2051,*,05/14/2020,2389.42,AMJK,KS,AM2020-03001 ,CFDP,VS,, FORTDWI01 FORTDWI02 WALLEWI01,6281.68,F255,RS,FORTDWI01
AM00410,M3,VW40622,A1,WV4A231,DAHL WHOLESALE,04/30/2020,332.4,N,SW,"CUSTOMER REQUESTED TL PRICING FOR GROSS WEIGHT OVER 40,000 LBS ",0,*,05/06/2020,332.4,AMJK,JZU,CREDIT ,SWTM,HCB,, DAHLWDR01,32312.32,D281,RS,DAHLWDR01
AM00411,P1,UB11806,A3,BU1A269,"GRAFO REGIA, S. DE R.L DE C.V.",04/30/2020,1592.82,N,BP,"White Specks
******Corrective Action Report Required*******",1264,D,05/22/2020,0,AMJK,AF,WHITE SPECKS DENY,AMCP,YCL,, GRAFOLA06,46012.64,G089,ES,GRAFOMO03
AM00412,P1,VB40454,A1,BV2B019,WEDLOCK PAPER CONVERTERS,04/30/2020,8396.52,Y,BP,"AMJK- CDT18 - FILM NOT RUNNING AS EXPECTED. USUALLY RECEIVE FILM FROM LANORAIE PLANT. SUSPECT COF COULD BE ISSUE
Lanroraie received samples to compare product. Material being returned to Lanoraie since customer is in Canada. ",6361,*,05/20/2020,8396.52,AMJK,GO,#1931 CDT18 returned,CFRO,CDT,, WEDLOMI04,20821.24,WA65,RS,WEDLOMI02
AM00412,P1,VB40454,A2,BV2B019,WEDLOCK PAPER CONVERTERS,04/30/2020,1656.23,N,BP,DOWNTIME TIME 8 HOURS AT $200 /HR CAD  $1600 (conversion 1.41) = $1134.75 USD + $521.48 for scrapped material,0,*,05/20/2020,1656.23,AMJK,GO,#1931 CDT18 returned,CFRO,CDT,, WEDLOMI04,20821.24,WA65,RS,WEDLOMI02
AM00413,P1,VB41132,A1,BV3A911,PRINTPACK INC (METALLIZING),04/30/2020,109.92,N,BP,"corrugations in the appearance 
65 lbs finished waste",109.92,*,06/19/2020,109.92,AMSC,DB,33-50938 corrugations,CFMS,NWP,, PRINTVR11,24865.41,P043,RS,PRINTVR14
AM00414,P1,VB41028,A1,BV3A923,PRINTPACK INC (METALLIZING),04/30/2020,336.22,N,BP,"corrugations in appearance 
389 raw waste",389,*,06/19/2020,336.22,AMSC,DB,33-50936 corrugations,CFMS,NWP,, PRINTVR11,26543.39,P043,RS,PRINTVR14
AM00415,P1,UBB0982,A1,BUAA332,"GOLDEN DYNAMIC,INC",04/30/2020,890.7,N,BP,Roll # 9111300754 was rejected due to wrinkles,923,*,05/29/2020,890.7,AMJK,LA,3104/ 3151 credits,HQLA,SP,, LEGWOPC01 MULTISW02,37191.1,D230,RS,GOLDEGA02
AM00415,P1,VB30592,A1,BUBA625,"GOLDEN DYNAMIC,INC",04/30/2020,123.2,N,BP,"Roll # 9121300214 was rejected due to discoloration
pictures attached",129,*,05/29/2020,123.2,AMJK,LA,3104/ 3151 credits,HQLA,SP,, LEGWOPC01 MULTISW02,36211.69,D230,RS,GOLDEGA02
AM00416,P1,VB41406,A1,BV3A894,PRINTPACK INC (METALLIZING),04/30/2020,875.15,N,BP,"roll profile has gauge bands/blocking
496 finished waste",496,*,05/05/2020,875.15,AMSC,DB,#33-50945 gauge bands,CFMS,NWP,, PRINTVR11,11305.92,P043,RS,PRINTVR14
AM00417,T1,VW40900,A1,WV4A331,ERNEST PACKAGING SOLUTIONS,05/01/2020,241.28,N,SW,DAMAGED IN TRANSIT - 8 RL,297.8,*,05/14/2020,241.28,AMAZ,EV,"SAIA, SCRAP IN FIELD 8 RL",SWTM,EHB,, ERNESBO01,9097.6,E386,RS,ERNESBO01
AM00418,M5,VB41357,A1,BV2A096,AMERICAN PACKAGING CORP.,05/01/2020,186.79,N,BP,Discount charge for Citibank Payment.,0,*,05/04/2020,186.79,AMJK,YM,Citibank discount,CFGF,,, BADGEFR02,22209.94,A050,RS,AMERICO05
AM00418,M5,VB41747,A1,BV3B126,AMERICAN PACKAGING CORP.,05/01/2020,79.73,N,BP,Discount charge for Citibank Payment.,0,*,05/04/2020,79.73,AMJK,YM,Citibank discount,CFGF,,, BADGEFR02,10284.93,A050,RS,AMERICO05
AM00419,P1,VB31282,A1,BV2A626,KENDALL PACKAGING CORP,05/01/2020,497.77,N,BP,Baggy edges - 409 lbs + 52 lbs waste + 20 min downtime,409,*,05/20/2020,497.77,AMJK,AM,202000126  baggy edges,CFGT,VA,, KENDAJE01,23930.23,K005,RS,KENDAME01
AM00420,P1,VB31811,A1,BV1B038,PRINTPACK VR2(CONSGT-AMSC)GMI,05/01/2020,1010.5,N,BP,amsc- cws15- blocking- down time $625,257,*,07/06/2020,1010.5,AMSC,SN,22-207800 blocking,CFMS,CWS,, PRINTVR25,44020.5,P043,RS,PRINTVR24
AM00421,P1,VB40772,A1,BV2A500,C-P FLEXIBLE PACKAGING,05/01/2020,678.97,N,BP,baggy film - 826 lbs,826,*,05/20/2020,678.97,AMJK,AM,90711 baggy,CFLD,VA,, CPFLEYO02,2716.72,C047,RS,CPFLEYO01
AM00422,P1,VB30913,A1,BV1B038,PRINTPACK VR2(CONSGT-AMSC)GMI,05/01/2020,1250,N,BP,amsc- cws15- splicing errors- downtime $1250,75,*,05/05/2020,1250,AMSC,SN,#22-207781 splicing error,CFMS,CWS,, PRINTVR25,65827.5,P043,RS,PRINTVR24
AM00423,P1,VB40511,A1,BV2A373,PRINTPACK VR2(CONSGT-AMSC)GMI,05/01/2020,508.5,N,BP,amsc- cws15- splicing error,339,*,05/05/2020,508.5,AMSC,SN,#22-207816 splicing error,CFMS,CWS,, PRINTVR25,45403.5,P043,RS,PRINTVR24
AM00424,P1,VB21006,A1,BV1A033,PRINTPACK VR2(CONSGT-AMSC)GMI,05/01/2020,1503,Y,BP,amsc- cws15- ragged slit- down time $625,1002,*,06/18/2020,1503,AMSC,SN,22-207771 ragged slit edge,CFMS,CWS,, PRINTVR25,4567.5,P043,RS,PRINTVR24
AM00424,P1,VB21006,A2,BV1A033,PRINTPACK VR2(CONSGT-AMSC)GMI,05/04/2020,655,N,BP,downtime,0,*,06/18/2020,655,AMSC,SN,22-207771 ragged slit edge,CFMS,CWS,, PRINTVR25,4567.5,P043,RS,PRINTVR24
AM00425,P1,VB20691,A1,BUCA751,PRINTPACK VR2(CONSGT-AMSC)GMI,05/01/2020,316.75,N,BP,amsc- cws15- blocking- 107 lbs downtime $156.25,107,*,07/06/2020,316.75,AMSC,SN,22-207805 blocking,CFMS,CWS,, PRINTVR25,29064,P043,RS,PRINTVR24
AM00426,P1,VB32131,A1,BV2A699,ADMIRAL PACKAGING,05/01/2020,669.7,N,BP,Baggy on one side of ifilm,636.6,*,05/20/2020,669.7,AMJK,AM,7934 baggy,CFLD,BA,, ADMIRPR01,6824.32,U003,RS,ADMIRPR01
AM00427,R1,VB20523,A1,BV1A189,PRINTPACK VR2(CONSGT-AMSC)GMI,05/01/2020,2400476.36,N,BP,"PPK qty:4,450,722 lb.
PPK total: $2,400,476.36

PepsiCo Q1 2020 Food rebate 
Pepsi usage for Q1 2020
Grand Total qty: 5,742,595 lb.
Grand Total rebate: $3,146,348.13",4450722,*,05/05/2020,2400476.36,AMSC,SN,Q1 2020 Pepico rebate,CFMS,CWS,, BRYCEME11 PRINTVR25,18631.5,P043,RS,PRINTVR24
AM00427,R1,VB20732,A1,BVAAAJ2,BRYCE CORPORATION,05/01/2020,745871.77,N,BP,"Bryce qty: 1,291,873 lb. 
Bryce total: $745,871.77
",1291873,*,05/05/2020,745871.77,AMSC,YM,Q1 2020 Pepico rebate,CFYG,CWG,, BRYCEME11 PRINTVR25,5259.8,B102,RS,BRYCEME24
AM00428,P1,VB11645,A1,BV1A003,GRANWELL PRODUCTS INC.,05/04/2020,1711.2,N,BP,Total 10 partial rolls were rejected due to wrinkles.  Customer is requesting credit,1104,*,05/29/2020,1598.05,AMJK,LA,GWB093 wrinkles,HQLA,TL,, IIMAKAM01,21077.03,G001,RS,GRANWWC01
AM00429,M1,VW40999,A1,WV4A527,SOUTHERNCARLSON (ACCOUNTS PAYABLE ),05/04/2020,1290.4,Y,SW,KEY IN ERROR - OVER PICKED 1 PALLET,1612.8,*,05/20/2020,1290.4,AMJK,CY,RTN 80 CS BACK TO FG,SWMN,HCB,, SOUTHKC03,7382.72,C326,RS,SOUTHKC03
AM00430,P5,UBA1022,A2,BUAA005,PRINTPACK INC (METALLIZING),05/04/2020,2669.31,N,BP,"Pallet does not belong to this PO and not for this size. Mislabeled at plant. Rebilled under correct PO. Printpack short paid this pallet for this October invoice. 

pallet S00085649",2892,*,06/19/2020,2669.31,AMSC,DB,Wrong pallet,CFMS,NWP,, PRINTVR11,13305.97,P043,RS,PRINTVR14
AM00431,R1,VB41275,A1,BV2A815,FORT DEARBORN COMPANY,05/04/2020,6583,N,BP,"Fort Dearborn Concession Rebate - April 2020
Payment of $6583.00 per month due to Fort Dearborn as per Concession agreement",0,*,05/06/2020,6583,AMJK,KS,Concession rebate April 2020,CFDP,PL,, FORTDBG01,14767.35,F255,RS,FORTDBG01
AM00432,M0,VW40815,A1,WV4A510,NICHOLS PAPER-MEIJER,05/04/2020,0,Y,SW,CUSTOMER UNLOADING ERROR - 50 RL,0,*,05/20/2020,0,AMJK,CSM,"PAPERWORK FOR RE-DELIVERY ONLY, NO CREDIT",SWMZ,EHB,, NICHOBG01,6512.32,N297,RS,NICHOBH01
AM00433,R1,VB41587,A1,BV2A866,PRINTPACK VR2(CONSGT-AMSC)GMI,05/05/2020,21358.79,N,BP,"PPK VR2 Consignment Storage Allowance - April 2020
CWS, VA and MTF
Total lbs: 2,135,878.60 lb. 
Credit: $0.01/lb. 
Total credit: $21,358.79",2135878.6,*,05/11/2020,21358.79,AMSC,SN,Consignment storage allowance April 2020,CFMS,CWS,, PRINTVR25,3914.4,P043,RS,PRINTVR24
AM00434,DE,VB40046,A1,BV2A822,PRINTPACK INC (METALLIZING),05/05/2020,154.72,N,BP,"Billed @ 0.827/lb 
PO @ 0.882/lb",2813,*,05/06/2020,154.72,AMSC,DB,Debit,CFMS,NWP,, PRINTVR11,2326.35,P043,RS,PRINTVR14
AM00435,M4,VW30877,A1,WV3A571,ERNEST PACKAGING SOLUTIONS,05/14/2020,486.36,Y,SW,LOST BUSINESS - 126 ROLL,446.34,*,05/29/2020,486.36,AMAZ,SV,RTN 882 BACK TO FG,SWCK,PSB,, ERNESTO01,15553.88,E386,RS,ERNESCO01
AM00435,M4,VW40237,A1,WV4A017,ERNEST PACKAGING SOLUTIONS,05/14/2020,2782.08,Y,SW,LOST BUSINESS - 756 ROLL,2678.04,*,05/29/2020,2782.08,AMAZ,SV,RTN 882 BACK TO FG,SWCK,PSB,, ERNESTO01,2782.08,E386,RS,ERNESCO01
AM00436,P1,VB40649,A1,BV4A137,UPM-RAFLATAC INC,05/06/2020,901.62,N,BP,film has spot and blocked -possibly damage in transit- ,222,*,05/20/2020,901.62,AMSC,AH,12019 - spot on roll caused blocking,CFLV,BFY,, UPMRAFL02,36448.7,UA21,RS,UPMRAPH01
AM00437,R1,VB21316,A1,BV1A136,FORT DEARBORN COMPANY,05/06/2020,23310.86,N,BP,"PepsiCo Beverage Rebate - Q1 2020
Films sold to Fort Dearborn
YCL80 = 3,318 lb. 
TA57 = 66,465 lb. 
Total lbs = 68,783 lb. 
Total rebate = $23,310.86",69783,*,05/11/2020,23310.86,AMJK,KS,PepsiCo rebate Q1 2020,CFDP,YCL,, FORTDLA01,36501.96,F255,RS,FORTDLA01
AM00438,DE,VB10269,A1,BUAB051,FORT DEARBORN COMPANY,05/06/2020,2680.94,N,BP,"YCL80 rolls = 3,318 lb. 
Owed: $0.808/lb. 
Total owed= $2,680.94

Grand Total = $38,904.37",3318,*,05/11/2020,2680.94,AMJK,KS,Debit Q1 2020,CFDP,YCL,, FORTDLA01 FORTDSP01,20437.28,F255,RS,FORTDLA01
AM00438,DE,VB12015,A1,BUAA163,FORT DEARBORN COMPANY,05/06/2020,36223.43,N,BP,"Fort Dearborn Debit - Q1 2020
Films shipped to Pepsi Co
TA57 Sheets = 66,465 lb. 
Owed: $0.545/lb 
Total owed: $36,223.43
",66465,*,05/11/2020,36223.43,AMJK,KS,Debit Q1 2020,CFDP,TA,, FORTDLA01 FORTDSP01,55510.29,F255,RS,FORTDSP01
AM00439,M5,VB30617,A1,BV1A765,AMERICAN PACKAGING CORP.,05/08/2020,1303.67,N,BP,Discount Charge for Citibank Payment.,0,*,05/14/2020,1303.67,AMJK,YM,Citibank discount,CFGF,,, AMERIDM06 BADGEFR02,14523.26,A050,RS,AMERISC01
AM00439,M5,VB30870,A1,BUCA887,AMERICAN PACKAGING CORP.,05/08/2020,50.67,N,BP,Discount Charge for Citibank Payment.,0,*,05/14/2020,50.67,AMJK,YM,Citibank discount,CFGF,,, AMERIDM06 BADGEFR02,6114.56,A050,RS,AMERICO05
AM00439,M5,VB30968,A1,BV2A144,AMERICAN PACKAGING CORP.,05/08/2020,738.32,N,BP,Discount Charge for Citibank Payment.,0,*,05/14/2020,738.32,AMJK,YM,Citibank discount,CFGF,,, AMERIDM06 BADGEFR02,19853.25,A050,RS,AMERISC01
AM00439,M5,VB31012,A1,BUCA888,AMERICAN PACKAGING CORP.,05/08/2020,180.04,N,BP,Discount Charge for Citibank Payment.,0,*,05/14/2020,180.04,AMJK,YM,Citibank discount,CFGF,,, AMERIDM06 BADGEFR02,21539.25,A050,RS,AMERICO05
AM00439,M5,VB31172,A1,BV1A913,AMERICAN PACKAGING CORP.,05/08/2020,1760.88,N,BP,Discount Charge for Citibank Payment.,0,*,05/14/2020,1760.88,AMJK,YM,Citibank discount,CFGF,,, AMERIDM06 BADGEFR02,23191.17,A050,RS,AMERISC01
AM00439,M5,VB31585,A1,BV2A144,AMERICAN PACKAGING CORP.,05/08/2020,606.66,N,BP,Discount Charge for Citibank Payment.,0,*,05/14/2020,606.66,AMJK,YM,Citibank discount,CFGF,,, AMERIDM06 BADGEFR02,9458.66,A050,RS,AMERISC01
AM00439,M5,VB40031,A1,BUCA886,AMERICAN PACKAGING CORP.,05/08/2020,181.67,N,BP,Discount Charge for Citibank Payment.,0,*,05/14/2020,181.67,AMJK,YM,Citibank discount,CFGF,,, AMERIDM06 BADGEFR02,16911.43,A050,RS,AMERICO05
AM00439,M5,VB41745,A1,BV3A065,AMERICAN PACKAGING CORP.,05/08/2020,1367.91,N,BP,Discount Charge for Citibank Payment.,0,*,05/14/2020,1367.91,AMJK,YM,Citibank discount,CFGF,,, AMERIDM06 BADGEFR02,5185.44,A050,RS,AMERISC01
AM00440,M5,VW21225,A1,WV2A920,"CENTRAL STATES WIRE PRODUCTS,INC.",05/08/2020,22.01,N,SW,SAMPLE - 1 CS,18.65,*,05/14/2020,22.01,AMJK,CY,CREDIT SAMPLE ,SWJD,HLP,, CENTRSP04,15396.8,C826,RS,CENTRSP02
AM00441,P1,VB11082,A1,BUBA809,"BEMIS COMPANY,INC",05/11/2020,5399,N,BP,CLUMP OF RESIN (EXTRA INVOICE NEEDED FOR CREDIT) SEE VB40010,0,*,06/05/2020,5399,AMJK,GO,#200491098 - clump in resin  ,CFBL,VA,, BEMISOS14,7083.37,C035,RS,BEMISNE01
AM00441,P1,VB40010,A1,BUBA927,"BEMIS COMPANY,INC",05/11/2020,3000,N,BP,"CLUMP OF HALF  MELTED RESIN EMBEDDED IN FILM CAUSED DAMAGE TO PLATES. 7.2 HOURS DOWNTIME + NEW PLATES TOTAL = $8399.00
roll #7001053137",0,*,06/05/2020,3000,AMJK,GO,#200491098 - clump in resin  ,CFGT,VA,, BEMISOS14,3288.8,C035,RS,BEMISNE01
AM00442,R1,VB41952,A1,BV4A395,TRANSCENDIA,05/11/2020,68943.01,N,BP,"Transcendia April 2020 Rebate
All Films 
Total lbs: 1,149,050.10 lb. 
Rebate: $0.06/lb. 
Total rebate: $68,941.01",1149050.1,*,05/14/2020,68943.01,AMJK,PV,April 2020 Rebate,CFJM,BA,, TRANSGR03,18888.56,T025,RS,TRANSGR03
AM00443,M1,VW40860,A1,WV3A761,CROWN PACKAGING CORP.,05/11/2020,11096.06,Y,SW,"OVER SHIPMENT - ENTERED AS CASE, BUT SHOULD BE ROLL",8671.65,*,06/04/2020,11096.06,AMAZ,MN,RTN 720 CS BACK TO FG,SWPE,PSB,, CROWNCA03,14794.75,C150,RS,CROWNCH02
AM00444,M2,VW40342,A1,WV3A319,WESTERN PLASTICS - (GA),05/11/2020,460.8,N,SW,KEY IN ERROR - PRICE SHOULD BE $54.72,0,*,05/20/2020,460.8,AMJK,MN,CREDIT PRICE DISCREPANCY,8SW,EHB,, WESTECA02,9216,W051,RS,WESTECA03
AM00444,M2,VW40509,A1,WV3A319,WESTERN PLASTICS - (GA),05/11/2020,230.4,N,SW,KEY IN ERROR - PRICE SHOULD BE $54.72,0,*,05/20/2020,230.4,AMJK,MN,CREDIT PRICE DISCREPANCY,8SW,EHB,, WESTECA02,4608,W051,RS,WESTECA03
AM00445,M4,UB31326,A1,BU3A018,PLASTICOS BANDREX. S.A. DE C.V.,05/12/2020,280.99,N,BP,see invoice UBC0789,0,*,05/14/2020,280.99,AMJK,PV,extra credit,AMCP,,, BANDRLA02,45062.69,D029,ES,PLASTZA01
AM00445,M4,UBC0789,A2,BUBB021,PLASTICOS BANDREX. S.A. DE C.V.,05/12/2020,9670.55,N,BP,"This was quality claim for Bandrex where we resold material to Polypak. Credit took check received from Polypak to apply to claim, but Bandrex wants to see their full credit memo for claim $39,638.87. We issued credit fro $22,158.87 and received check for $17,480. Divert was created to invoice Polypak $17,480 but credit only came to $7,628.46 because of unit price adjustment due to previous credit. Need additional  credit of $9851.54 to clear account. ",0,*,05/14/2020,9670.55,AMJK,PV,extra credit,AMCP,,, BANDRLA02,39638.87,D029,ES,PLASTZA01
AM00446,P1,VB40007,A1,BV1B029,"BEMIS COMPANY,INC",05/12/2020,1399.34,N,BP,"crushed core - roll #0031601022 1319 lbs, pictures attached
requested picture of outside of roll",1319,*,05/20/2020,1399.34,AMJK,GO,#200486968  - crushed core,CFGT,BRT,, BEMISLA04,32856.74,C035,RS,BEMISNE01
AM00447,M1,VB32052,A1,BV1B055,"MPI LABELS OF BALTIMORE,INC.",05/13/2020,13855.6,Y,BP,wrong BOL information. Need Sales return and rebill for customer to pay invoice,11792,*,06/03/2020,13855.6,AMJK,AM,wrong billing- needed to rebill,CFLD,VS,, MPILABA02 MPILASE01,13855.6,M687,RS,MPILABA02
AM00447,M1,VB50122,A1,BV3A422,MPI LABEL SYSTEMS,05/13/2020,8761.76,Y,BP,Orders entered with wrong BOL information. need sales return and rebill,7823,*,06/03/2020,8761.76,AMJK,AM,wrong billing- needed to rebill,CFLD,VS,, MPILABA02 MPILASE01,8761.76,M687,RS,MPILASE01
AM00447,M1,VB50123,A1,BV3A684,MPI LABEL SYSTEMS,05/13/2020,10048.61,Y,BP,wrong BOL information. Need Sales return and rebill for customer to pay invoice,7027,*,06/03/2020,10048.61,AMJK,AM,wrong billing- needed to rebill,CFLD,PL,, MPILABA02 MPILASE01,10048.61,M687,RS,MPILASE01
AM00447,M1,VB50124,A1,BV4A545,MPI LABEL SYSTEMS,05/13/2020,8765.12,Y,BP,wrong BOL information. Need Sales return and rebill for customer to pay invoice,7826,*,06/03/2020,8765.12,AMJK,AM,wrong billing- needed to rebill,CFLD,VS,, MPILABA02 MPILASE01,8765.12,M687,RS,MPILASE01
AM00447,M1,VB50125,A1,BV4A850,MPI LABEL SYSTEMS,05/13/2020,15541.12,Y,BP,wrong BOL information. Need Sales return and rebill for customer to pay invoice,13876,*,06/03/2020,15541.12,AMJK,AM,wrong billing- needed to rebill,CFLD,VS,, MPILABA02 MPILASE01,15541.12,M687,RS,MPILASE01
AM00448,P1,VW10534,A1,WV1A382,NATIONAL PAPER & PLASTICS CO.-PAUL CELLA,05/13/2020,907.2,Y,SW,HOLES/GEL - 28 RL,1008,*,07/02/2020,907.2,AMJK,CS,RTN 29 RL SCRAPPED,SWLU,EPB,, LEWISHA06,21350.4,N044,RS,LEWISHA06
AM00448,P1,VW10534,A2,WV1A382,NATIONAL PAPER & PLASTICS CO.-PAUL CELLA,06/26/2020,32.4,N,SW,HOLES/GEL - 1 RL SAMPLE,36,*,07/02/2020,32.4,AMJK,CS,RTN 29 RL SCRAPPED,SWLU,EPB,, LEWISHA06,21350.4,N044,RS,LEWISHA06
AM00449,M0,VW30872,A2,WV3A500,PREMIERE PACKAGING INDUSTRIES,05/14/2020,3686.4,Y,SW,"CUSTOMER UNLOADING ERROR - 80 RL, 
",4608,*,05/22/2020,3686.4,AMJK,JJK,RTN 80 RL BACK TO FG,SWDP,EPB,, RSILILI01,12971.52,P815,RS,PREMIBP01
AM00450,M4,VW30351,A1,WV3A046,BOX EXPRESS MFG,05/14/2020,0,Y,SW,LOST BUSINESS - DIVERT 240 CS,0,*,06/08/2020,0,AMAZ,JZU,PAPERWORK FOR DIVERT ONLY - REF TO NEW IV# VW60068,SWDP,HCB,, BOXEXPR03,19406.4,B289,RS,BOXEXPR01
AM00451,M0,VW50026,A1,WV4A669,ROLLING HILLS PLASTICS,05/14/2020,366,N,SW,WRONG PRICE ON P.O. - SHOULD BE $25.92,0,*,05/22/2020,366,AMAZ,JZU,CREDIT PRICE DISCREPANCY,SWMD,EPB,, DELMAPA02,5550,R090,RS,ROLLIRB01
AM00453,M0,VW20175,A1,WV2A047,"SYSCO BOSTON, LLC 056",05/14/2020,2054.05,N,SW,UNPAID TAX - $2054.05,0,D,05/22/2020,0,AMJK,JZU,"DENY, PLEASE COLLECT",SWSP,,, SYSCOPL05,34918.81,SW57,RS,SYSCOPL05
AM00454,M0,VW20550,A1,WV2A073,SYGMA,05/14/2020,1953.97,N,SW,UNPAID TAX - $1953.97,0,D,05/22/2020,0,AMJK,JZU,"DENY, PLEASE COLLECT",SWSP,,, SYGMAPR10,21741.01,SW16,RS,SYGMADA04
AM00456,M0,VW20954,A1,WV2A357,SYGMA,05/14/2020,2177.88,N,SW,UNPAID TAX - $2177.88,0,D,05/22/2020,0,AMJK,JZU,"DENY, PLEASE COLLECT",SWSP,,, SYGMADE06,28385.88,SW16,RS,SYGMADA04
AM00457,M0,VW20960,A1,WV2A619,SYSCO ARKANSAS - 029,05/14/2020,1186.27,N,SW,UNPAID TAX - $1186.27,0,D,05/22/2020,0,AMJK,JZU,"DENY, PLEASE COLLECT",SWSP,,, SYSCOLR06,14367.07,SW84,RS,SYSCOLR06
AM00458,M0,VW30239,A1,WV2A641,SYSCO DENVER,05/14/2020,1750.29,N,SW,UNPAID TAX - $1750.29,0,D,05/22/2020,0,AMJK,JZU,"DENY, PLEASE COLLECT",SWSP,,, SYSCODE10,22812.69,SW52,RS,SYSCODE10
AM00459,M0,VW30325,A1,WV2B000,SYSCO FOOD SERVICES OF COLUMBIA 025,05/14/2020,597.9,N,SW,UNPAID TAX - $597.90,0,D,05/27/2020,0,AMJK,JZU,DENY,SWSP,,, SYSCOCO14,8071.5,SW21,RS,SYSCOCO14
AM00459,T3,VW30325,A2,WV2B000,SYSCO FOOD SERVICES OF COLUMBIA 025,05/14/2020,304.41,N,SW,SHORTAGE IN SHIPMENT,0,D,05/27/2020,0,AMJK,JZU,DENY,SWSP,,, SYSCOCO14,8071.5,SW21,RS,SYSCOCO14
AM00460,M0,VW30360,A1,WV3A178,SYSCO NORTH TEXAS - 006,05/14/2020,156.96,N,SW,UNPAID TAX - $156.96,0,D,05/22/2020,0,AMJK,JZU,"DENY, PLEASE COLLECT",SWSP,,, SYSCOLE08,2059.56,SX06,RS,SYSCOLE08
AM00461,M0,VW30412,A1,WV3A069,SYSCO NORTH TEXAS - 006,05/14/2020,1569.65,N,SW,UNPAID TAX - $1569.65,0,D,05/22/2020,0,AMJK,JZU,"DENY, PLEASE COLLECT",SWSP,,, SYSCOLE08,20595.65,SX06,RS,SYSCOLE08
AM00462,M0,VW30801,A1,WV3A423,DOERLE FOOD SERVICE       ***AMTOPP***,05/14/2020,701.46,N,SW,UNPAID TAX - $701.46,0,D,05/22/2020,0,AMJK,JZU,"DENY, PLEASE COLLECT",SWSP,,, DOERLBR08,8538.9,SX11,RS,DOERLBR08
AM00463,M0,VW30873,A2,WV3A548,SYSCO FOOD SERVICES OF COLUMBIA 025,05/14/2020,1926.54,N,SW,UNPAID TAX - $1926.54,0,D,05/22/2020,0,AMJK,JZU,"DENY, PLEASE COLLECT",SWSP,,, SYSCOCO14,26008.14,SW21,RS,SYSCOCO14
AM00464,M0,VW40173,A1,WV4A081,SYSCO OKLAHOMA - 026,05/14/2020,1563.2,N,SW,UNPAID TAX - $1563.20,0,D,05/22/2020,0,AMJK,JZU,"DENY, PLEASE COLLECT",SWSP,,, SYSCONO07,19428.32,SW83,RS,SYSCONO07
AM00465,T2,VW11196,A1,WV1A621,KROGER NASHVILLE - RASC (RP) AM,05/15/2020,352.32,N,SW,LATE DELIVERY CHARGE $352.32,0,D,06/04/2020,0,AMAZ,JZU,DENY,SWRIT,,, PUYALPU01,11744,K024,RS,KROGENA20
AM00466,M5,VB21311,A1,BUCA831,AMERICAN PACKAGING CORP.,05/15/2020,1656.01,N,BP,"Discount Charge for Citbank Payment.
",0,*,05/20/2020,1656.01,AMJK,YM,Citibank discount,CFGF,,, AMERIDM06 BADGEFR02,23478.86,A050,RS,AMERISC01
AM00466,M5,VB21410,A1,BUBA865,AMERICAN PACKAGING CORP.,05/15/2020,40.49,N,BP,Discount Charge for Citbank Payment. ,0,*,05/20/2020,40.49,AMJK,YM,Citibank discount,CFGF,,, AMERIDM06 BADGEFR02,3844.62,A050,RS,AMERICO05
AM00466,M5,VB30261,A1,BUCA898,AMERICAN PACKAGING CORP.,05/15/2020,1728.07,N,BP,Discount Charge for Citbank Payment. ,0,*,05/20/2020,1728.07,AMJK,YM,Citibank discount,CFGF,,, AMERIDM06 BADGEFR02,4678.91,A050,RS,AMERISC01
AM00466,M5,VB42159,A1,BV3A595,AMERICAN PACKAGING CORP.,05/15/2020,979.58,N,BP,Discount Charge for Citbank Payment. ,0,*,05/20/2020,979.58,AMJK,YM,Citibank discount,CFGF,,, AMERIDM06 BADGEFR02,19980.9,A050,RS,AMERISC01
AM00466,M5,VB50347,A1,BV2A474,AMERICAN PACKAGING CORP.,05/15/2020,1191.44,N,BP,Discount Charge for Citbank Payment. ,0,*,05/20/2020,1191.44,AMJK,YM,Citibank discount,CFGF,,, AMERIDM06 BADGEFR02,6812.95,A050,RS,AMERISC01
AM00466,M5,VB50399,A1,BV2A520,AMERICAN PACKAGING CORP.,05/15/2020,30.03,N,BP,Discount Charge for Citbank Payment. ,0,*,05/20/2020,30.03,AMJK,YM,Citibank discount,CFGF,,, AMERIDM06 BADGEFR02,4067.04,A050,RS,AMERICO05
AM00467,M0,VW30547,A1,WV2B012,SYSCO IDAHO - 040,05/15/2020,1005.12,N,SW,UNPAID TAX - $1005.12,0,D,05/22/2020,0,AMJK,JZU,"DENY, PLEASE COLLECT",SWSP,,, SYSCOBO01,17757.12,SW89,RS,SYSCOBO01
AM00468,P1,UWC0777,A1,WUAA658,WESTERN PLASTICS- CANADA,05/17/2020,403.2,N,SW,GEL/WEAK SPOT - 16 RL,403.2,*,06/23/2020,403.2,AMJK,MN,SCRAP IN FIELD 16 ROLLS,SWKC,ELB,6234, WESTEMI03,17640,W120,RS,WESTEMI01
AM00469,P1,VW20392,A1,WV1A080,WESTERN PLASTICS- CANADA,05/17/2020,266.31,N,SW,GEL/WEAK SPOT - 11 RL,277,*,06/05/2020,266.31,AMJK,MN,SCRAPPED IN FIELD 11 RL,SWKC,EXB,, WESTEMI03,4842,W120,RS,WESTEMI01
AM00470,M4,UWC0790,A2,WUCA335,COLE PAPERS INC,05/18/2020,300,N,SW,REVERSE CREDIT DUE TO MEETING CANCELLED.,0,*,05/20/2020,300,AMAZ,CY,"REVERSE CREDIT DUE TO MEETING CANCELLED.	",SWJD,,, COLEPFA07,4502.4,C427,RS,COLEPFA07
AM00471,P1,VB31213,A1,BV2A782,AMPAC. A DIVISON OF PROAMPAC,05/18/2020,0,N,BP,"Debris Spot in film caused damage to printing plates. Need CCAR for customer
roll #0031100907",0,*,06/05/2020,0,AMJK,DB,debris spot,CFGT,HD,, AMPACTE02,5478.94,PB46,RS,AMPACTE02
AM00472,T3,VW40768,A1,WV3A219,SIGMA SUPPLY (RED SHEET),05/18/2020,300.64,N,SW,MISSING 1 PALLET ,281.03,*,05/22/2020,300.64,AMJK,CY,"CH ROBINSON, 84 ROLLS MISSING",SWPB,PSB,, SIGMATU04,9816.58,S171,RS,SIGMAHS09
AM00473,M4,UW80138,A2,WU7A420,SERVMUNDO INC,05/18/2020,403.69,N,SW,WRITE OFF - $403.69,0,*,05/22/2020,403.69,AMAZ,SV,WRITE OFF WITH CREDIT ,SWPE,,, ONTIMSD03,40369.2,S727,RS,SERVMCA03
AM00474,P1,UBC0238,A1,BUBA446,GRANWELL PRODUCTS INC.,05/18/2020,274.35,N,BP,Total 2 rolls were partial rejected - customer is seeking credit.,177,*,05/29/2020,274.35,AMJK,LA,GWB094  wrinkles,HQLA,TL,, IIMAKAM01,15282.03,G001,RS,GRANWWC01
AM00474,P1,VB30311,A1,BV2A628,GRANWELL PRODUCTS INC.,05/18/2020,860.25,N,BP,Wrinkles near core. Total 11 rolls - 555 lbs were partial rejected - customer is seeking credit.,555,*,05/29/2020,860.25,AMJK,LA,GWB094  wrinkles,HQLA,TL,, IIMAKAM01,22347.35,G001,RS,GRANWWC01
AM00475,M3,VB50519,A1,BUAA412,NAVIS INDUSTRIES,05/18/2020,287.24,N,BP,Aged inventory that shipped in May so should have shipped under May price of $.755.,1981,*,05/20/2020,287.24,AMJK,MR,price,CFJM,CL,, NAVISEL01,1782.9,NA54,RS,NAVISEL03
AM00475,M3,VB50520,A1,BUBA919,NAVIS INDUSTRIES,05/18/2020,253.69,N,BP,"Aged inventory that shipped out in May, so should have shipped with May pricing of $.755.",2206,*,05/20/2020,253.69,AMJK,MR,price,CFJM,CL,, NAVISEL01,1919.22,NA54,RS,NAVISEL01
AM00475,M3,VB50521,A1,BV2A156,NAVIS INDUSTRIES,05/18/2020,409.95,N,BP,Aged inventory that shipped in May so should have shipped under May price of $.755.,9110,*,05/20/2020,409.95,AMJK,AM,price,CFJM,CL,, NAVISEL01,7288,NA54,RS,NAVISEL01
AM00476,M3,VB40516,A1,BV1A618,OVERWRAPS,05/18/2020,1781.78,N,BP,SPR pending for short pay due to price discrepancy. ,12727,*,05/28/2020,1781.78,AMJK,GO,PRICE,CFDP,AA,, OVERWDA01,11008.86,O006,RS,OVERWDA01
AM00477,M3,VB40517,A1,BV2A116,OVERWRAPS,05/18/2020,1127.56,N,BP,SPR pending for short pay due to price discrepancy. ,8054,*,05/28/2020,1127.56,AMJK,GO,PRICE,CFDP,AA,, OVERWDA01,6966.71,O006,RS,OVERWDA01
AM00478,P1,UBC1628,A2,BUCA331,C-P FLEXIBLE PACKAGING,05/18/2020,946.46,N,BP,"Baggy film - 1031 lbs
roll #91215000982 and 9121501051",1031,*,05/29/2020,946.46,AMJK,MR,90716 baggy,CFLD,VA,, CPFLEYO02,28981.26,C047,RS,CPFLEYO01
AM00479,P2,VB42200,A1,BV3A628,AMERICAN PACKAGING CORP.,05/19/2020,879.7,N,BP,"AMJK- VA18- Pallet 7001071077 is incorrect width. Order for 44.75"", but pallet is 41"" wide. ",984,*,06/11/2020,879.7,AMJK,YM,7399 wrong width,CFGF,VA,, AMERIDM06,34640.71,A050,RS,AMERISC01
AM00480,P1,VB40442,A1,BV2A504,AMERICAN PACKAGING CORP.,05/19/2020,1178.29,N,BP,AMJK- BTP18B- Pallet 7001067031 has wrinkles in center of raw material causing wrinkles in print.,1318,*,05/29/2020,1178.29,AMJK,YM,#7382 wrinkles in center,CFGF,BTP,, AMERICH55,9696.32,A050,RS,AMERISC01
AM00481,P1,VB41731,A1,BV3A100,OVERWRAPS,05/19/2020,4600.37,N,BP,"Gauge out of tolerance; Averaging 136-141 across web.
R3169238, R3169239, R3169240		
Vendor ID: 0004214169, 0004214155, 0004214187		
",3725,D,05/27/2020,0,AMJK,GO,Gauge - denied,CFDP,HD,, OVERWDA01,4470.01,O006,RS,OVERWDA01
AM00482,P1,VB32033,A1,BV2A950,PRINT PACK,05/19/2020,1686.82,Y,BP,amsc- roll formation-down time $425,1272,*,06/01/2020,1261.82,AMSC,SN,#13-5131 ROLL FORMATION ,CFMS,BRT,, PRINTEL02,27932.74,P043,RS,PRINTEL02
AM00482,P1,VB32033,A2,BV2A950,PRINT PACK,06/01/2020,425,N,BP,DOWNTIME $425,0,*,06/01/2020,425,AMSC,SN,#13-5131 ROLL FORMATION ,CFMS,,, PRINTEL02,27932.74,P043,RS,PRINTEL02
AM00483,P1,VB41597,A1,BV3A555,KENDALL PACKAGING CORP,05/20/2020,602.15,N,BP,"Baggy edges- roll #0041601665 527 lbs rejected + 78 scrapped + 20 min downtime
",605,*,05/29/2020,602.15,AMJK,AM,202000148 - baggy edges,CFGT,VA,, KENDAPI01,13065.86,K005,RS,KENDAME01
AM00484,P1,UB80063,A1,BU7A021,MENASHA,05/20/2020,3289.93,N,BP,"CT40 with bagginess on one side. Roll was converted and sent to customer. 
1267 lbs roll # 7001035178",1267,*,05/29/2020,3289.93,AMJK,MR,R710 baggy,CFRH,CT,, MENASNE05,30302.37,M077,RS,MENASNE01
AM00485,P1,VB20320,A1,BVAAAJH,BRYCE CORPORATION,05/20/2020,839.24,Y,BP,AMJK- BB25- Pallet 0004202279 has wrong treatment. Entered treated in but Bryce says treated out,859,*,07/30/2020,839.24,AMJK,YM,#4404 TREATMENT WRONG,CFYG,BB,, BRYCESE02,6673.89,B102,RS,BRYCEME04
AM00486,M4,VB30594,A1,BUCA317,OVERWRAPS,05/20/2020,1269.45,N,BP,"footage was wrong, SPR in place for 25% off price.",4680,*,05/22/2020,1269.45,AMJK,GO,25% discount,CFDP,VA,, OVERWDA01,4914,O006,RS,OVERWDA01
AM00486,M4,VB30994,A1,BUCA317,OVERWRAPS,05/20/2020,4062.24,N,BP,"footage was wrong, SPR in place for 25% off price. ",14976,*,05/22/2020,4062.24,AMJK,GO,25% discount,CFDP,VA,, OVERWDA01,15724.8,O006,RS,OVERWDA01
AM00486,M4,VB31608,A1,BUCA317,OVERWRAPS,05/20/2020,2536.18,N,BP,"footage was wrong, SPR in place for 25% off price.",9350,*,05/22/2020,2536.18,AMJK,GO,25% discount,CFDP,VA,, OVERWDA01,9817.5,O006,RS,OVERWDA01
AM00486,M4,VB41087,A1,BUCA317,OVERWRAPS,05/20/2020,709.8,N,BP,"footage was wrong, SPR in place for 25% off price.",2704,*,05/22/2020,709.8,AMJK,GO,25% discount,CFDP,VA,, OVERWDA01,2034.76,O006,RS,OVERWDA01
AM00486,M4,VB41095,A1,BV2A246,OVERWRAPS,05/20/2020,2702.7,N,BP,"OD (footage) was wrong, SPR in place for 25% off price.	",10296,*,05/22/2020,2702.7,AMJK,GO,25% discount,CFDP,VA,, OVERWDA01,7747.74,O006,RS,OVERWDA01
AM00486,M4,VB41517,A1,BV2A246,OVERWRAPS,05/20/2020,5159.7,N,BP,"footage was wrong, SPR in place for 25% off price.",19656,*,05/22/2020,5159.7,AMJK,GO,25% discount,CFDP,VA,, OVERWDA01,14791.14,O006,RS,OVERWDA01
AM00486,M4,VB41573,A1,BV2A246,OVERWRAPS,05/20/2020,641.55,N,BP,"footage was wrong, SPR in place for 25% off price.",2444,*,05/22/2020,641.55,AMJK,GO,25% discount,CFDP,VA,, OVERWDA01,1839.11,O006,RS,OVERWDA01
AM00487,P1,VD20360,A1,DV2A026,AMTOPP CORPORATION,10/16/2020,5098,N,CT,"WHITE SPECKS - 2000 LBS, REOPEN 10/8",5833,*,10/21/2020,5098,AMJK,BO,CREDIT,8MB,NP,, BOPPLO01,9614,B00G,RS,BUNZLBU05
AM00487,P1,VD30140,A1,DV2A026,AMTOPP CORPORATION,05/20/2020,6992,N,CT,"WHITE SPECKS - 2000 LBS, REOPEN 10/8",8000,*,10/21/2020,6992,AMJK,BO,CREDIT,8MB,NP,, BOPPLO01,6992,B00G,RS,BUNZLBU05
AM00488,P1,VW10807,A1,WV1A270,POLYPAK CORP.,05/21/2020,0,N,SW,BREAKING - QTY??,0,*,06/29/2020,0,AMJK,EV,"COMPLAINT ON HOLD, REOPEN WHEN CUST. SEND SAMPLE - MEXICO ORDER",EVF,EPB,, POLYPLA11,28179.2,P503,RS,POLYPHO05
AM00489,P1,VW20266,A1,WV1A546,POLYPAK CORP.,05/21/2020,0,N,SW,"BREAKING - QTY??  
PHOTO UPLOADED",0,*,06/29/2020,0,AMJK,EV,"COMPLAINT ON HOLD, REOPEN WHEN CUST. SEND SAMPLE - MEXICO ORDER",EVF,EPB,, POLYPLA11,27975,P503,RS,POLYPHO05
AM00490,M5,VB51165,A1,BV4A219,PAK WEST,05/21/2020,150,N,BP,amjk- customer ordered less than 2000 lbs. but took the overage we produced. surcharge of $150 should be waived ,150,*,05/22/2020,150,AMJK,SN,Surcharge credit,CFDH,BA,, BOISEBO12,1970.45,PB78,RS,PAKWESA04
AM00491,T1,VW50298,A1,WV5A273,MULTI FAB PACKAGING,05/22/2020,348.6,N,SW,DAMAGED IN TRANSIT - 84 RL ,281,*,06/19/2020,348.6,AMAZ,EV,"SAIA, SCRAP IN FILED 84 RL",SWTM,PSB,, MULTIKE02,697.2,M753,RS,MULTISV01
AM00492,P1,VB40775,A1,BV2A569,VIBAC,05/22/2020,517.63,N,BP,Roll # 0004212879 (0031400279) was rejected due to film break in splice. Customer is requesting credit,0,*,05/29/2020,517.63,AMJK,LA,RMD3542 splice break,HQLA,VT,, VIBACMQ01,31831.52,V001,RS,VIBACMQ01
AM00493,M3,VB50163,A1,BU8A363,NAVIS INDUSTRIES,05/22/2020,332.79,N,BP,Order shipped in May so should have been May's price of $.775. ,2147,*,06/17/2020,332.79,AMJK,MR,Price,CFJM,CL,, NAVISEL01,1953.77,NA54,RS,NAVISEL01
AM00494,T2,VW11116,A1,WV1A623,KROGER NASHVILLE - RASC (RP) AM,05/26/2020,352,N,SW,LATE DELIVERY CHARGE - $352,0,*,06/05/2020,352,AMAZ,JZU,CREDIT,SWRIT,,, KINGSAU04,11744,K024,RS,KROGENA20
AM00495,M0,VW30639,A1,WV3A306,SYSCO LINCOLN 061,05/26/2020,2159.87,N,SW,UNPAID TAX - $2159.87,0,D,05/29/2020,0,AMJK,JZU,DENY,SWSP,,, SYSCOLI07,31951.07,SW37,RS,SYSCOLI07
AM00496,M0,VW30660,A1,WV3A317,"SYSCO EASTERN WISCONSIN, LLC 1175",05/26/2020,750.49,N,SW,UNPAID TAX - $750.49,0,D,05/29/2020,0,AMJK,JZU,DENY,SWSP,,, SYSCOJA17,14152.09,SW38,RS,SYSCOJA17
AM00497,S2,VA40031,A1,YV4A014,PLASTIC RECYCLING,05/26/2020,428.48,N,YA,"Weight discrepancy: 44,065LB - 42,726LB = 1,339LB.
$.32 x 1,339LB = $428.48",1339,*,06/19/2020,428.48,AMSC,AH,weight,8OC,RC,, PLASTIN05,14100.8,P935,RS,PLASTIN03
AM00498,S6,VB51582,A1,BV4A200,TOTAL TECNICA S.A.,05/26/2020,28330.7,Y,BP,pallet missing from BOL was found after keyed in. need sales return on entire BOL and will rebill with pallet included. ,35898,*,05/28/2020,28330.69,AMJK,PV,rebill invoice to add extra pallet on BOL,AMJO,BA,, TOTALSJ01,28330.7,T031,ES,TOTALSJ01
AM00499,T1,VW50091,A1,WV4A668,NATIONAL PACKAGING  DBA NPC GLOBAL,05/26/2020,1430,Y,SW,DAMAGED IN TRANSIT - 40 RL ,1486.8,*,06/12/2020,1430,AMJK,CS,CH ROBINSON / RTN 40-S,SWLU,EHB,, NATIOCA04,27512.4,N246,RS,NATIOCA04
AM00500,M4,VW30351,A2,WV3A046,BOX EXPRESS MFG,05/26/2020,0,Y,SW,LOST BUSINESS - DIVERT 240 CS,0,*,06/08/2020,0,AMAZ,JZU,PAPERWORK FOR DIVERT ONLY - REF TO NEW IV# VW60067,SWDP,HCB,, BOXEXPR03,19406.4,B289,RS,BOXEXPR01
AM00501,P1,VB51588,A1,BV2A235,C-P FLEXIBLE PACKAGING,05/27/2020,549.92,N,BP,Rough edge of film causing film to tear out on press roll #0021602009,669,*,06/05/2020,549.92,AMJK,AM,045-50 rough edge,CFLD,VA,, CPFLEYO02,549.92,C047,RS,CPFLEYO01
AM00502,M4,UWC0906,A1,WUCA623,ATLANTIC TAPE & PKG,05/27/2020,5479.13,Y,SW,CUSTOMER RETURN - 250 RL - CHARGE FOR 5% RESTOCKING FEE,6008.5,*,06/23/2020,5479.13,AMAZ,EV,"RTN 550-G, DEDUCTED  5% RESTOCKING FEE $630.85",SWTM,ELB,, BRIDGPO01,24299,A390,RS,ATLANPC01
AM00502,M4,VW30437,A1,WV2A794,ATLANTIC TAPE & PKG,05/27/2020,6506.55,Y,SW,CUSTOMER RETURN - 300 RL - CHARGE FOR 5% RESTOCKING FEE,7210.2,*,06/23/2020,6506.55,AMAZ,EV,"RTN 550-G, DEDUCTED  5% RESTOCKING FEE $630.85",SWTM,ELB,, BRIDGPO01,14421,A390,RS,ATLANPC01
AM00503,M1,VW10472,A1,WUCA442,CROWN PACKAGING CORP.,05/27/2020,397.08,N,SW,KEY IN ERROR - WRONG MATERIAL,0,*,05/29/2020,397.08,AMJK,MN,CREDIT,SWTM,,, CROWNBL02,9919.5,C150,RS,CROWNCH02
AM00504,M0,VW40817,A1,WV4A430,COLE PAPERS INC,05/27/2020,52.48,N,SW,WRONG PRICE ON PO - $25.86/ROLL,0,*,06/12/2020,52.48,AMAZ,CY,CREDIT,SWJD,HSB,, COLEPSF01,11903.52,C427,RS,COLEPFA07
AM00505,P1,UB41773,A1,BTBA511,FORT DEARBORN COMPANY,05/27/2020,866.4,N,BP,"Crushed core
#0004115332",760,*,07/08/2020,866.4,AMJK,PV,wrinkles/ crushed cores/ ,CFDP,YCL,, FORTDLE02,42919.86,F255,RS,FORTDLE01
AM00505,P1,UB51954,A2,BU3A746,FORT DEARBORN COMPANY,05/27/2020,1695.18,N,BP,"Wrinkles 
#0004120647
#0004122952
#0004122915",1487,*,07/08/2020,1695.18,AMJK,SE,wrinkles/ crushed cores/ ,CFDP,YCL,, FORTDLE02,48842.16,F255,RS,FORTDLE01
AM00505,P1,UB70276,A1,BU6A090,FORT DEARBORN COMPANY,05/27/2020,1937.19,N,BP,"paper shifted on core #0004139684
Wrinkles #0004138682
Crus core and wrinkles #0004138713",1706,*,07/08/2020,1931.19,AMJK,SE,wrinkles/ crushed cores/ ,CFDP,YCL,, FORTDLE02,47335.71,F255,RS,FORTDLE01
AM00506,M1,VB50931,A1,BV5A322,MPI LABEL SYSTEMS,05/28/2020,13750.24,Y,BP,Billed wrong pallets on rebilling- will correct pallets 0004229940/47/72 still at plant and 4229733/781/839/893 will be rebilled ,12277,*,06/03/2020,13750.24,AMJK,AM,wrong billing- credit invoices,CFLD,VS,, MPILASE01,13750.24,M687,RS,MPILASE01
AM00506,M1,VB50932,A1,BV5A323,MPI LABEL SYSTEMS,05/28/2020,11537.12,Y,BP,"billed wrong pallets on rebill - 0004229946/57 still at plant
4229732/779/836/894 will be rebilled ",10301,*,06/03/2020,11537.12,AMJK,AM,wrong billing- credit invoices,CFLD,VS,, MPILASE01,11537.12,M687,RS,MPILASE01
AM00506,M1,VB50933,A1,BV5A324,MPI LABEL SYSTEMS,05/28/2020,22494.08,Y,BP,billed wrong pallets on rebilling- pallets 0004229956/66/67/69 still at plant and pallets 0004229897/908/919/924/925/927/930 to be rebilled,20084,*,06/03/2020,22494.08,AMJK,AM,wrong billing- credit invoices,CFLD,VS,, MPILASE01,22494.08,M687,RS,MPILASE01
AM00507,M4,VB50775,A1,BV5A265,PROLAMINA MAIN FACILITY,05/28/2020,182.52,N,BP,"trim allowance, new price should be $.792",4074,*,06/03/2020,182.52,AMJK,DB,trilm allowance,CFGT,TT,, PROLANE01,3409.94,C293,RS,PROLAWE01
AM00508,M3,VB41727,A1,BV3A635,PRESSSENSE PAPERS,05/28/2020,245.95,N,BP,"BA50. AMJK. Pricing was supposed to be $1.03. Customer paid the invoices at $1.08.
",4919,*,06/09/2020,245.95,AMJK,CD,price,CFRH,BA,, PRESSLO01,5312.52,P934,RS,PRESSLO01
AM00509,M3,VB41728,A1,BV3A636,PRESSSENSE PAPERS,05/28/2020,520.6,N,BP,"BA18. AMJK. Pricing should have been $1.03, customer paid at $1.08",10412,*,06/01/2020,520.6,AMJK,CD,price,CFRH,BA,, PRESSLO01,11244.96,P934,RS,PRESSLO01
AM00510,M6,VB50719,A1,BV4A420,TRANSCONTINENTAL FLEXSTAR INC,05/28/2020,6012.02,Y,BP,Customer ordered WA25 but needed minimum of 25 micron so should have ordered WA30. Placed new order and sales rep and Tony Cella agreed we would take back film they couldn't use. ,3128,*,07/09/2020,6012.01,AMJK,DB,RETURNED BACK TO PLANT,CFGF,WA,, TRANSPA05,6012.02,FA94,RS,TRANSSL09
AM00511,S7,VB51556,A1,BV4B034,"PLASTIC SUPPLIERS, INC.",05/28/2020,0,N,BP,2 rolls had endboards break off. Possible damage. Film was accepted and no claim filed yet.,0,*,07/16/2020,0,AMJK,DB,close,CFGF,BA,, PLASTCO09,4363.04,P049,RS,PLASTCO07
AM00512,S2,VA50024,A1,YV2A014,STR PLASTIC SOLUTIONS,05/28/2020,409.63,N,YA,"Weight discrepancy: 36,131Lb - 32,980LB = 3,151LB
$.13/LB x 3,151LB = $409.63",3151,*,06/19/2020,409.63,AMSC,AH,weight,8OC,SC,, STRPLSL01,4697.03,S936,RS,STRPLSL01
AM00513,M5,VB20653,A1,BV1B081,FORT DEARBORN COMPANY,05/28/2020,35.1,N,BP,Did not put the $0.03 discount for customer pick up,1170,*,06/04/2020,35.1,AMJK,KS,3 cent discount for CPU,CFDP,,, FORTDFI01 FORTDFW01 FORTDHA01 FORTDLA01 FORTDSP01 FORTDWA01 FORTDWI01,1277.64,F255,RS,FORTDFI01
AM00513,M5,VB30568,A1,BV2A289,FORT DEARBORN COMPANY,05/28/2020,9992,N,BP,Did not put surcharge for customer pick up,333094,*,06/04/2020,9992,AMJK,KS,3 cent discount for CPU,CFDP,,, FORTDFI01 FORTDFW01 FORTDHA01 FORTDLA01 FORTDSP01 FORTDWA01 FORTDWI01,18937.08,F255,RS,FORTDWI01
AM00513,M5,VB31153,A1,BV2A780,FORT DEARBORN COMPANY,05/28/2020,2432.67,N,BP,Did not put the $0.03 discount for customer pick up,81089,*,06/04/2020,2432.67,AMJK,KS,3 cent discount for CPU,CFDP,,, FORTDFI01 FORTDFW01 FORTDHA01 FORTDLA01 FORTDSP01 FORTDWA01 FORTDWI01,30633.84,F255,RS,FORTDSP01
AM00513,M5,VB40088,A1,BUCA782,FORT DEARBORN,05/28/2020,1270.8,N,BP,Did not put the $0.03 discount for customer pick up,42360,*,06/04/2020,1270.8,AMJK,KS,3 cent discount for CPU,CFDP,,, FORTDFI01 FORTDFW01 FORTDHA01 FORTDLA01 FORTDSP01 FORTDWA01 FORTDWI01,46868.54,F255,RS,FORTDFW01
AM00513,M5,VB41841,A1,BV1A606,FORT DEARBORN COMPANY,05/28/2020,1534.47,N,BP,Did not put the $0.03 discount for customer pick up,51149,*,06/04/2020,1534.47,AMJK,KS,3 cent discount for CPU,CFDP,,, FORTDFI01 FORTDFW01 FORTDHA01 FORTDLA01 FORTDSP01 FORTDWA01 FORTDWI01,31284.22,F255,RS,FORTDWA01
AM00513,M5,VB42245,A1,BV4B153,FORT DEARBORN COMPANY,05/28/2020,52.05,N,BP,Did not put the $0.03 discount for customer pick up,1735,*,06/04/2020,52.05,AMJK,KS,3 cent discount for CPU,CFDP,,, FORTDFI01 FORTDFW01 FORTDHA01 FORTDLA01 FORTDSP01 FORTDWA01 FORTDWI01,1799.2,F255,RS,FORTDHA01
AM00513,M5,VB50304,A1,BV4A810,FORT DEARBORN COMPANY,05/28/2020,394.26,N,BP,Did not put the $0.03 discount for customer pick up,13142,*,06/04/2020,394.26,AMJK,KS,3 cent discount for CPU,CFDP,,, FORTDFI01 FORTDFW01 FORTDHA01 FORTDLA01 FORTDSP01 FORTDWA01 FORTDWI01,16953.18,F255,RS,FORTDLA01
AM00514,T1,VB50869,A1,BV4A692,LITTLE RAPIDS CORP,05/28/2020,5611,Y,BP,Water damage to all 4 pallets. New order to replace is BV5A862. ,5611,*,06/11/2020,6115.99,AMJK,AM,damaged --return to plant,CFGT,AA,, LITTLGB01,6115.99,L181,RS,LITTLGB02
AM00515,M5,VB21457,A1,BV2A203,AMERICAN PACKAGING CORP.,05/28/2020,1105.7,N,BP,Discount charges for Citibank payment. ,0,*,06/03/2020,1105.7,AMJK,YM,citiank discount,CFGF,,, AMERICH55 AMERIDM06 BADGEFR02,15729.07,A050,RS,AMERISC01
AM00515,M5,VB21714,A1,BUAA511,AMERICAN PACKAGING CORP.,05/28/2020,1018.79,N,BP,Discount charges for Citibank payment. ,0,*,06/03/2020,1018.79,AMJK,YM,citiank discount,CFGF,,, AMERICH55 AMERIDM06 BADGEFR02,53756.6,A050,RS,AMERICO05
AM00515,M5,VB30532,A1,BUCA887,AMERICAN PACKAGING CORP.,05/28/2020,195.28,N,BP,Discount charges for Citibank payment. ,0,*,06/03/2020,195.28,AMJK,YM,citiank discount,CFGF,,, AMERICH55 AMERIDM06 BADGEFR02,25393.46,A050,RS,AMERICO05
AM00515,M5,VB42036,A1,BV3A647,AMERICAN PACKAGING CORP.,05/28/2020,882.6,N,BP,Discount charges for Citibank payment. ,0,*,06/03/2020,882.6,AMJK,YM,citiank discount,CFGF,,, AMERICH55 AMERIDM06 BADGEFR02,12581.26,A050,RS,AMERISC01
AM00515,M5,VB50398,A1,BV2A097,AMERICAN PACKAGING CORP.,05/28/2020,354.35,N,BP,Discount charges for Citibank payment. ,0,*,06/03/2020,354.35,AMJK,YM,citiank discount,CFGF,,, AMERICH55 AMERIDM06 BADGEFR02,12741.4,A050,RS,AMERICO05
AM00515,M5,VB50599,A1,BV2A639,AMERICAN PACKAGING CORP.,05/28/2020,514.21,N,BP,Discount charges for Citibank payment. ,0,*,06/03/2020,514.21,AMJK,YM,citiank discount,CFGF,,, AMERICH55 AMERIDM06 BADGEFR02,37288.41,A050,RS,AMERICO05
AM00515,M5,VB50881,A1,BV2A639,AMERICAN PACKAGING CORP.,05/28/2020,1753.95,N,BP,Discount charges for Citibank payment. ,0,*,06/03/2020,1753.95,AMJK,YM,citiank discount,CFGF,,, AMERICH55 AMERIDM06 BADGEFR02,30278.26,A050,RS,AMERICO05
AM00516,P1,UBC0674,A3,BUBA962,FORT DEARBORN COMPANY,06/01/2020,869.38,N,BP,"Roll had creases and baggy on ends
9111302846",997,*,06/05/2020,869.38,AMJK,KS,AM2020-04001 baggy edges,CFDP,VS,, FORTDWI01,10702.93,F255,RS,FORTDWI01
AM00516,P1,VB32045,A1,BV3A048,FORT DEARBORN COMPANY,05/29/2020,371.63,N,BP,"Baggy edge causing creases
0031302523",319,*,06/05/2020,371.63,AMJK,KS,AM2020-04001 baggy edges,CFDP,VS,, FORTDWI01,28231.45,F255,RS,FORTDWI01
AM00516,P1,VB40141,A1,BV3A048,FORT DEARBORN COMPANY,05/29/2020,491.63,N,BP,"Baggy edge causing creases
0031302631",422,*,06/05/2020,491.63,AMJK,KS,AM2020-04001 baggy edges,CFDP,VS,, FORTDWI01,11419.33,F255,RS,FORTDWI01
AM00516,P1,VB40935,A1,BV3A048,FORT DEARBORN COMPANY,05/29/2020,2125.65,N,BP,"Baggy edge causeing creases-0031302793
Baggy edge-curl-0031302658
Creases-0031302761",1915,*,06/05/2020,2125.65,AMJK,KS,AM2020-04001 baggy edges,CFDP,VS,, FORTDWI01,16923.06,F255,RS,FORTDWI01
AM00516,P1,VB41481,A1,BV3A048,FORT DEARBORN COMPANY,05/29/2020,1087.8,N,BP,Baggy edge causing creases-0031302809,980,*,06/05/2020,1087.8,AMJK,KS,AM2020-04001 baggy edges,CFDP,VS,, FORTDWI01,6071.7,F255,RS,FORTDWI01
AM00517,M3,VB12120,A2,BUAA367,SONOCO (PLASTIC PACKAGING),05/27/2020,862.68,N,BP,Incorrect Price paid $.88,862.68,*,07/13/2020,862.68,AMJK,CJ,price,CFDP,TT,, CONSOHI01,3265.08,P231,RS,SONOCHI01
AM00518,P1,VB31284,A1,BV2A113,SPEAR DBA MULTI COLOR,05/29/2020,720.6,N,BP,"Creases in roll
no core tag",720,*,06/05/2020,720.6,AMJK,KS,#1045 creases,CFLD,TL,, SPEARFU01,37180.78,S699,RS,SPEARFU01
AM00519,M0,VW50754,A1,WV5A180,H.E.BAUMRUCKER,06/01/2020,800,N,SW,WRONG PRICE ON PO - $30.50,0,*,06/04/2020,800,AMJK,CSM,CREDIT,SWMZ,EHB,, HEBAUIT01,3320,H085,RS,HEBAUIT01
AM00520,P1,VB31624,A2,BV1A527,AMERICAN PACKAGING CORP.,06/01/2020,1314.04,N,BP,BRT35- Pallet 7001066167 could not hold register.,1167,*,06/05/2020,1314.04,AMJK,YM,#456 could not hold register,CFGF,BRT,, BADGEFR02,23984.93,A050,RS,AMERICO05
AM00520,P1,VB40187,A2,BV1A527,AMERICAN PACKAGING CORP.,06/01/2020,1367.24,N,BP,BRT35- Pallet 7001066216 could not hold register.,1285,*,06/05/2020,1367.24,AMJK,YM,#456 could not hold register,CFGF,BRT,, BADGEFR02,39839.35,A050,RS,AMERICO05
AM00521,P1,VB51652,A1,BV4B110,SONOCO FPD,06/01/2020,647.87,N,BP,AMJK-CL30 registration issue - 418 lbs and 211 lbs,629,D,07/27/2020,0,AMJK,CJ,denied,CFDP,CL,, SONOCMO05,6924.69,SC31,RS,SONOCHA17
AM00522,M5,VW50142,A1,WV4A417,ALLIED PACKAGING CORPORATION,06/02/2020,59.58,N,SW,SAMPLE - 2 ROLLS ,70.92,*,06/05/2020,59.58,AMAZ,SV,CREDIT SAMPLE,SWCK,EHB,, ALLIEPH11,5958,A372,RS,ALLIEPH02
AM00522,M5,VW50189,A1,WV4A416,ALLIED PACKAGING CORPORATION,06/02/2020,80.24,N,SW,SAMPLE - 2 ROLLS ,94.4,*,06/05/2020,80.24,AMAZ,SV,CREDIT SAMPLE,SWCK,ELB,, ALLIEPH11,20060,A372,RS,ALLIEPH02
AM00522,M5,VW50464,A1,WV5A227,ALLIED PACKAGING CORPORATION,06/02/2020,89.28,N,SW,SAMPLE - 2 ROLLS ,96,*,06/05/2020,89.28,AMJK,SV,CREDIT SAMPLE,SWCK,ETK,, ALLIEPH11,8035.2,A372,RS,ALLIEPH02
AM00522,M5,VW50682,A1,WV5A062,ALLIED PACKAGING CORPORATION,06/02/2020,32.74,N,SW,SAMPLE - 1 ROLL,37.17,*,06/05/2020,32.74,AMAZ,SV,CREDIT SAMPLE,SWCK,EUH,, ALLIEPH11,8185,A372,RS,ALLIEPH02
AM00523,M3,VW30790,A1,WV3A311,NU PACKAGING INC,06/02/2020,234.24,N,SW,PRICE DISPUTE - 234.24,0,D,06/23/2020,0,AMAZ,SV,DENY,SWCK,HLP,, RCWILRO01,2305.28,N209,RS,NUPACDR02
AM00524,P1,UBA1283,A2,BU8A829,FORPLAX/CFC LLC,06/02/2020,1948.8,N,BP,"This is continued of a closed claim # AM00346.
Customer like to claim whole rejected rolls - instead of partial returned rolls.
sent to plant FYI",1717,*,06/05/2020,1948.8,AMJK,LA,Additional to AM00346,HQLA,TT,, FORPLDG06,43336.57,F001,RS,FORPLDG06
AM00525,P1,VB11645,A2,BV1A003,GRANWELL PRODUCTS INC.,06/02/2020,113.15,N,BP,This is continued of a closed claim AM00428.  There was 73 lbs left on the claim didn't register. Customer is seeking this credit amount. Sent to plant FYI,73,*,06/05/2020,113.15,AMJK,LA,additional to claim AM00428,HQLA,TL,, IIMAKAM01,21077.03,G001,RS,GRANWWC01
AM00526,P1,VB50904,A1,BV4A057,GRANWELL PRODUCTS INC.,06/02/2020,17710.3,Y,BP,"Total 19 rolls were rejected due to dimples, dents, canning & wrinkles to return back to TX",11426,*,07/14/2020,17424.66,AMJK,LA,GWB095 dimples/dents return,HQLA,TL,, IIMAKAM01,30684.53,G001,RS,GRANWWC01
AM00527,R1,VB51371,A1,BV3A358,FORT DEARBORN COMPANY,06/02/2020,6583,N,BP,"Fort Dearborn Concession Rebate - May 2020
Payment of $6583.00 per month due to Fort Dearborn as per Concession agreement",0,*,06/05/2020,6583,AMJK,KS,Rebate May concession,CFDP,PL,, FORTDBG01,16172.1,F255,RS,FORTDBG01
AM00528,R1,VB51776,A1,BV3A830,TRANSCENDIA,06/02/2020,26485.02,N,BP,"Transcendia May 2020 Rebate
All Films 
Total lbs: 441,417 lb. 
Rebate: $0.06/lb. 
Total rebate: $26,485.02",441417,*,06/05/2020,26485.02,AMJK,PV,May rebate,CFJM,BA,, TRANSCA08,19721.09,T025,RS,TRANSCA08
AM00529,P1,VB42084,A1,BV3A908,PRINTPACK INC (METALLIZING),06/03/2020,1031.95,N,BP,"splicing error, web break

$742.50
",168,*,06/11/2020,1031.95,AMSC,DB,33-50954  web break,CFMS,NWP,, PRINTVR11,3939.83,P043,RS,PRINTVR14
AM00530,P1,VB42114,A1,BV3A908,PRINTPACK INC (METALLIZING),06/03/2020,1483.13,N,BP,"AMSC corrugation in appearance

$877.50 lost time",255,*,06/19/2020,1483.13,AMSC,DB,33-50953 corrugation,CFMS,NWP,, PRINTVR11,7922.66,P043,RS,PRINTVR14
AM00531,P1,VB41982,A1,BV2A178,PRINTPACK INC (METALLIZING),06/03/2020,258.72,N,BP,"AMSC APPEARANCE, CORRUGATIONS AT BASE",18,*,06/19/2020,258.72,AMSC,DB,33-50948 corrugations,CFMS,NWP,, PRINTVR11,8139.33,P043,RS,PRINTVR14
AM00532,P1,VB50908,A2,BV4A707,PRINTPACK METALLIZING - FRITO,06/03/2020,520.53,N,BP,AMSC hard near core- weave out and telescope pallet #S000101136,120,*,07/09/2020,520.53,AMSC,DB,33-5056 hard near core weave out,CFMS,NWF,, PRINTVR39,11191.32,P043,RS,PRINTVR39
AM00533,P1,VB50872,A1,BV4A799,PRINTPACK INC (METALLIZING),06/03/2020,1706,N,BP,"AMSC WEB BREAK MD CORRUGATIONS

$1,089 LOST TIME",205,*,06/19/2020,1706,AMSC,DB,33-50966 web break,CFMS,NWP,, PRINTVR11,18555.4,P043,RS,PRINTVR14
AM00534,P1,VB50908,A1,BV4A707,PRINTPACK METALLIZING - FRITO,06/03/2020,5598.01,Y,BP,AMSC - damaged roll/ damaged buckled - return to plant,3577,*,06/19/2020,5598,AMSC,DB,33-50967 damaged roll,CFMS,NWF,, PRINTVR39,11191.32,P043,RS,PRINTVR39
AM00535,R1,VB50829,A1,BV4A382,PRINTPACK VR2(CONSGT-AMSC)GMI,06/03/2020,17420.13,N,BP,"PPK VR2 Consignment Storage Allowance - May 2020
CWS, VA and MTF
Total lbs: 1,742,012.77 lb. 
Credit: $0.01/lb. 
Total credit: $17,420.13",1742012.77,*,06/05/2020,17420.13,AMSC,SN,May consignment rebate,CFMS,CWS,, PRINTVR25,4737,P043,RS,PRINTVR24
AM00536,M2,VW31262,A1,WV3A836,ASSOCIATED PACKAGING,06/04/2020,418.56,N,SW,"KEY IN ERROR - WRONG WIDTH, SHOULD BE 15.7"" NOT 17.7""",0,*,06/19/2020,418.56,AMAZ,EV,CREDIT,SWCK,HLP,, COMPLPH01,8797.92,A384,RS,ASSOCSF01
AM00537,T1,VW50869,A1,WV5A630,SHINE IMPEX INC,06/04/2020,153.95,N,SW,DAMAGED IN TRANSIT - 5 CS,172.8,*,06/05/2020,153.95,AMAZ,EV,"YRC, SCRAP IN FIELD",SWMD,HTK,, SHINEHA01,8228.04,SE89,RS,SHINEHA01
AM00538,M0,VW50842,A1,WV5A572,ERNEST PACKAGING SOLUTIONS,06/04/2020,0,Y,SW,ORDER EXTRA 5 PLT - DIVERT TO TRM,0,*,06/23/2020,0,AMJK,JZU,"PAPERWORK FOR DIVERT ONLY, REF TO NEW DIVERT SO# WV6A472",SWDP,ETL,, SIEMELM01,18048,E386,RS,ERNESCO01
AM00539,P1,VB50703,A1,BV4A939,PRINTPACK A/P - SNACKS DIV,06/04/2020,1257.36,N,BP,"AMJK - baggy edges #7001072688 
1539 defective + 238 lbs process wasted + $312.50 lost time",1539,*,06/11/2020,1257.36,AMJK,SN,11-2296 baggy,CFMS,VA,, PRINTVR02,1751.65,P043,RS,PRINTVR02
AM00539,P1,VB60171,A1,BV4A939,PRINTPACK A/P - SNACKS DIV,06/04/2020,825.41,N,BP,baggy - need invoice for credit,0,*,06/11/2020,825.41,AMJK,SN,11-2296 baggy,CFMS,VA,, PRINTVR02,1768.81,P043,RS,PRINTVR02
AM00540,P1,VB50988,A1,BV3B240,AMERICAN PACKAGING CORP.,06/04/2020,1402.79,N,BP,AMJK- BA18- Pallets 0004229110 and 4229078 have baggy edge resulting in print wrinkles.,1682,*,07/06/2020,1402.79,AMJK,YM,7407 baggy edge,CFGF,BA,, AMERIDM06,12561.71,A050,RS,AMERISC01
AM00541,P1,VB50059,A1,BV2A096,AMERICAN PACKAGING CORP.,06/04/2020,422.41,N,BP,AMJK- BRT35- Pallet 7001066403 rejected due to Baggy by core; cold seal register is all over.,397,*,06/11/2020,422.41,AMJK,YM,#473 baggy ,CFGF,BRT,, BADGEFR02,22190.78,A050,RS,AMERICO05
AM00542,R1,VB50113,A1,BV3B332,GARLOCK PRINTING & CONVERTING CORP,06/04/2020,48970.98,N,BP,"Garlock. - Jan-May 2020 Annual Rebate 
All Films, 1,958,839 lbs
Qualify for $0.025/lb. rebate 
Rebate amount is $48,970.98",1958839,*,06/11/2020,48970.98,AMJK,AM,Jan-May 2020 rebate,CFDH,BFP,, GARLORE01,25619.22,G002,RS,GARLOGA01
AM00543,M0,VW50885,A1,WV5A184,FLEJES Y ACCESORIOS DE QUERETARO,06/08/2020,0,N,SW,CUSTOMER ERROR - DIVERT INVOICE,0,*,06/18/2020,0,AMJK,SV,CANCEL COMPLAINT,SWPE,EPB,, WASHILA02,30494.4,F340,RE,FLEJEQU01
AM00544,M1,VB20978,A1,BUCA687,"SHURTAPE TECHNOLOGIES, LLC",06/08/2020,27023.62,Y,BP,"14 rolls are being sent back for wrong treatment. 
Should be wound out not wound in.
CI code has been made inactive.",22400,*,06/19/2020,30006.16,AMJK,KS,20lc05120850 wrong treatment,CFTG,KT,, SHURTHU03,45097.55,S321,RS,SHURTHI07
AM00545,P1,VB31213,A2,BV2A782,AMPAC. A DIVISON OF PROAMPAC,06/09/2020,2112.63,N,BP,"lump in film damaged plate. See claim AM00471. No film claimed but later put in claim for the damaged plate.  roll #0031100907
$2112.63 USD",0,*,06/11/2020,2112.63,AMJK,DB,MRD 461 lump in film damaged plates,CFGT,HD,, AMPACTE02,5478.94,PB46,RS,AMPACTE02
AM00546,M0,VW50772,A1,WV5A483,GULF PACKAGING - COLORADO,06/09/2020,928,N,SW,WRONG PRICE ON P.O. - SHOULD BE $28.93 ,0,*,06/19/2020,928,AMAZ,SV,CREDIT,SWCK,EHB,, GULFPDE02,18331.6,C838,RS,GULFPDE02
AM00546,M0,VW60177,A1,WV5A483,GULF PACKAGING - COLORADO,06/09/2020,348,N,SW,WRONG PRICE ON P.O. - SHOULD BE $28.93,0,*,06/19/2020,348,AMAZ,SV,CREDIT,SWCK,EHB,, GULFPDE02,6014,C838,RS,GULFPDE02
AM00547,P1,VB51467,A1,BV4A672,PRINTPACK A/P - SNACKS DIV,06/09/2020,1524.96,N,BP,Baggy edge on film caused wrinkles ,1577,*,07/06/2020,1524.96,AMJK,SN,11-2295 baggy film,CFMS,HD,, PRINTVR02,12475.27,P043,RS,PRINTVR02
AM00548,S2,UBA0818,A1,BU9A015,PRINTPACK,06/09/2020,1665.2,N,BP,"Per Printpack, quantity that was received was 1695 instead of 3389.
S000084063 1,694.00  lbs (please check if pallet is at plant and we need sales return)",0,*,06/18/2020,1665.2,AMSC,SN,duplicate pallet billed,CFMS,BRT,, PRINTRH04,3331.39,P043,RS,PRINTRH04
AM00549,P1,VB31632,A1,BV2A550,"GOLDEN DYNAMIC,INC",06/09/2020,320.34,N,BP,"AMSC - Roll # 21701375 & 21701350 were partial rejected due to blocking
claims 3238/3277/3302/3317",281,*,07/01/2020,320.34,AMSC,LA,3238/3277/3302/3317,HQLA,,, MULTIBO04 MULTIPC05,43229.94,D230,RS,GOLDEGA02
AM00549,P1,VB40939,A1,BV3A948,"GOLDEN DYNAMIC,INC",06/09/2020,51.98,N,BP,Roll # 41800229 is rejecting due to canning & wrinkles,46,*,07/01/2020,51.98,AMSC,LA,3238/3277/3302/3317,HQLA,,, MULTIBO04 MULTIPC05,42428.11,D230,RS,GOLDEGA02
AM00549,P1,VB50544,A1,BV4A338,"GOLDEN DYNAMIC,INC",06/09/2020,169.5,N,BP,Roll # 51700157 is rejecting due to canning & wrinkles,150,*,07/01/2020,169.5,AMSC,LA,3238/3277/3302/3317,HQLA,,, MULTIBO04 MULTIPC05,43085.77,D230,RS,GOLDEGA02
AM00549,P1,VB51535,A1,BV4A070,"GOLDEN DYNAMIC,INC",06/09/2020,56.5,N,BP,Roll#51700232 is rejected due to canning & wrinkles,50,*,07/01/2020,56.5,AMSC,LA,3238/3277/3302/3317,HQLA,,, MULTIBO04 MULTIPC05,42361.44,D230,RS,GOLDEGA02
AM00550,M4,UW90150,A1,WU8A869,CROWN PACKAGING CORP.,06/26/2020,981,Y,SW,"LOST BUSINESS - 20 RL, CHARGE 10% RESTOCKING FEE",1197.7,*,07/09/2020,981,AMJK,MN,"RTN 300-G, DEDUCTED 10% RESTOCKING FEE",SWPD,EHB,, CROWNLO02,10900,C150,RS,CROWNCH02
AM00550,M4,UW90258,A1,WU8A666,CROWN PACKAGING CORP.,06/26/2020,1962,Y,SW,"LOST BUSINESS - 40 RL, CHARGE 10% RESTOCKING FEE",2395.4,*,07/09/2020,1962,AMJK,MN,"RTN 300-G, DEDUCTED 10% RESTOCKING FEE",SWPD,EHB,, CROWNLO02,5450,C150,RS,CROWNCH02
AM00550,M4,UW90259,A1,WU8A667,CROWN PACKAGING CORP.,06/26/2020,1962,Y,SW,"LOST BUSINESS - 40 RL, CHARGE 10% RESTOCKING FEE",2395.4,*,07/09/2020,1962,AMJK,MN,"RTN 300-G, DEDUCTED 10% RESTOCKING FEE",SWPD,EHB,, CROWNLO02,10900,C150,RS,CROWNCH02
AM00550,M4,UWC0015,A1,WUAA739,CROWN PACKAGING CORP.,06/09/2020,5282.1,Y,SW,"LOST BUSINESS - 100 RL, CHARGE 10% RESTOCKING FEE",5988.5,*,07/09/2020,5282.1,AMJK,MN,"RTN 300-G, DEDUCTED 10% RESTOCKING FEE",SWPD,EHB,, CROWNLO02,11738,C150,RS,CROWNCH02
AM00550,M4,VW20204,A1,WV1A721,CROWN PACKAGING CORP.,06/09/2020,4958.48,Y,SW,"LOST BUSINESS - 100 RL, CHARGE 10% RESTOCKING FEE",5988.5,*,07/09/2020,4958.48,AMJK,MN,"RTN 300-G, DEDUCTED 10% RESTOCKING FEE",SWPD,EHB,, CROWNLO02,5509.42,C150,RS,CROWNCH02
AM00551,P1,UB90001,A1,BU4A564,C-P FLEXIBLE PACKAGING,06/10/2020,2487.38,N,BP,Baggy film - TD25 - ,2211,*,07/09/2020,2487.38,AMJK,MR,90718 baggy film,CFLD,TD,, CPFLEBR01,3577.75,C047,RS,CPFLEYO01
AM00552,P1,VB40089,A1,BUCA969,PRINT PACK,06/30/2020,2648.46,N,BP,Baggy 756 lbs finished waste plus $637.50 downtime,0,*,06/30/2020,2648.46,AMJK,SN,13-5143 baggy,CFMS,VA,, PRINTEL02,4356.99,P043,RS,PRINTEL02
AM00552,P1,VB40092,A1,BUCA969,PRINT PACK,06/12/2020,944.19,Y,BP,amjk- va30- baggy film- downtime $637.5,1170,*,06/30/2020,944.19,AMJK,SN,13-5143 baggy,CFMS,VA,, PRINTEL02,2904.39,P043,RS,PRINTEL02
AM00552,P1,VB41560,A1,BV2A928,PRINT PACK,06/25/2020,443.85,Y,BP,baggy return,550,*,06/30/2020,443.85,AMJK,SN,13-5143 baggy,CFMS,VA,, PRINTEL02,2893.9,P043,RS,PRINTEL02
AM00553,P1,VB50603,A1,BV3B067,PRINT PACK,06/12/2020,1254.05,N,BP,amjk- va30- baggy film- downtime $637.50,434,*,06/23/2020,1254.05,AMJK,SN,13-5144 baggy5/,CFMS,VA,, PRINTEL02,3509.64,P043,RS,PRINTEL02
AM00554,P1,VB50494,A1,BV3B065,PRINT PACK,06/12/2020,879.63,Y,BP,amjk- va30- baggy film- $425 downtime added ,1090,*,06/25/2020,879.63,AMJK,SN,13-5145 baggy,CFMS,VA,, PRINTEL02,6941.81,P043,RS,PRINTEL02
AM00554,P1,VB50494,A2,BV3B065,PRINT PACK,06/15/2020,632.4,N,BP,BAGGY - 257 LBS WASTE + 425 DOWNTIME,0,*,06/25/2020,632.4,AMJK,SN,13-5145 baggy,CFMS,VA,, PRINTEL02,6941.81,P043,RS,PRINTEL02
AM00555,P1,VB50601,A1,BV2A931,PRINT PACK,06/12/2020,875.31,N,BP,amjk- va30- baggy film- $425 ,290,*,06/23/2020,875.31,AMJK,SN,13-5146 baggy,CFMS,VA,, PRINTEL02,1013.59,P043,RS,PRINTEL02
AM00556,P1,VB51870,A1,BV4A517,CONVERTIDORA GMV SA DE CV,06/12/2020,1489.56,N,BP,"wrinkles rolls 0051103038/03142/02981 (1164 lbs)
pictures attached.",1164,*,07/09/2020,1489.56,AMJK,PV,3740 wrinkles,HQMA,HD,, INTERLA79,34614.31,G015,ES,CONVEZA01
AM00557,P1,VB51201,A1,BV3A157,AMERICAN PACKAGING CORP.,06/15/2020,210.17,N,BP,"AMJK- BA30- Pallet 0004216863 had wrinkles in raw material, causing print wrinkles at CI drum.
samples being sent to Donna Durio",252,*,07/14/2020,210.17,AMJK,YM,7424 wrinkles,CFGF,BA,, AMERICH55,12803.57,A050,RS,AMERISC01
AM00558,T3,VW60265,A1,WV5A590,HARDER CORP,06/15/2020,2813.6,Y,SW,"XPO LOADING ERROR - SHIPPED PSB025, BUT NICE-PAK ORDERED EHB080",3025.92,*,07/23/2020,2813.6,AMJK,CY,"XPO, RTN 80-G",SWJD,EHB,, NICEPPL01,7034,H253,RS,HARDEMO01
AM00559,P1,VB41627,A1,BV3A957,CELLO-WRAP PRINTING CO.,06/15/2020,375.84,N,BP,"1 roll of film that has been rejected due to a bag sag in the middle of the roll.  
Reel#: 0041201487
sample sent to Juan Rosales",464,*,07/06/2020,375.84,AMJK,GO,sag in middle of roll,CFDP,CL,, CELLOFA05,31388.31,C081,RS,CELLOFA02
AM00560,P1,VB60081,A1,BV4A763,PRINTPACK INC (METALLIZING),06/15/2020,946.41,N,BP,"ragged slit edge, web break
$531 total lost time",369,*,07/09/2020,946.41,AMSC,DB,#33-50983 ragged slit edge,CFMS,NWP,, PRINTVR11,4145.75,P043,RS,PRINTVR14
AM00561,M0,VW31294,A1,WV3A421,SYSCO CENTRAL TEXAS,06/15/2020,3075.65,N,SW,UNPAID TAX - $3075.65,0,D,06/23/2020,0,AMJK,JZU,DENY,SWSP,,, SYSCONB03,40356.29,SW02,RS,SYSCONB03
AM00562,M0,VW50560,A1,WV5A436,SYSCO NEW MEXICO,06/15/2020,1407.06,N,SW,UNPAID TAX - $1407.06,0,D,06/23/2020,0,AMJK,JZU,DENY,SWSP,,, SYSCOAL06,19272.18,SW82,RS,SYSCOAL06
AM00563,M0,VW40087,A1,WV3A822,SYSCO MINNESOTA,06/15/2020,351.54,N,SW,Price dispute $351.54,0,D,06/23/2020,0,AMJK,JZU,Deny,SWSP,,, SYSCOSP05,5655.22,SW17,RS,SYSCOSP05
AM00564,M5,VW30768,A1,WV3A478,INTEPLAST GROUP CORPORATION (AMTOPP),06/15/2020,1273.12,N,SW,SAMPLE - 40 RL,1296,*,06/23/2020,1273.12,AMJK,MN,CREDIT SAMPLE,8SW,EHB,, AMTOPLO07,1273.12,A005,RS,AMTOPLO04
AM00565,P1,VB50996,A1,BV3B091,UNIMAC GRAPHICS,06/16/2020,535.99,N,BP,"roll 0041300480 is 1/8"" too short",494,*,08/13/2020,535.99,AMJK,AM,short width,CFLD,VS,, UNIMAOF01,24942.26,K200,RS,UNIMACA02
AM00565,P1,VB61194,A1,BV3B091,UNIMAC GRAPHICS,07/06/2020,201.81,N,BP,"short width roll #0041300660 3/16""",186,*,08/13/2020,0,AMJK,AM,short width,CFLD,VS,, UNIMAOF01,27252.84,K200,RS,UNIMACA02
AM00566,M1,VW60365,A1,WV6A209,ATLANTIS PACKAGING,06/16/2020,0,Y,SW,"KEY IN ERROR - WRONG GAUGE, SHOULD BE 47GA, NOT 51
DIVERT TO PAK WEST SO# WV6A404",0,*,07/13/2020,0,AMJK,JZU,PAPWAORK FOR DIVERT ONLY - REF TO WV6A472,SWDP,ELB,, ATLANCH15,22061.6,A636,RS,ATLANCH15
AM00567,M1,VW11362,A2,WV1A847,BRECKENRIDGE PAPER & PACKAGING,06/16/2020,139,N,SW,DISCOUNT FOR OVER-SHIPMENT $0.03/LB,0,*,07/13/2020,139,AMJK,CSM,CREDIT ,SWMZ,EHB,, AJMEC01,5573.2,B121,RS,BRECKHU02
AM00568,M0,VW30874,A1,WV3A554,SYSCO SEATTLE 055,06/17/2020,1701.69,N,SW,UNPAID TAX - $1701.69,0,D,06/23/2020,0,AMJK,JZU,DENY,SWSP,,, SYSCOKE07,21488.73,SW45,RS,SYSCOKE07
AM00569,M2,VB30939,A2,BV2A102,SONOCO FPD,06/17/2020,2879.96,N,BP,AMJK - Incorrect pricing on 1st and 2nd Quarters for Unilever CL30.  Excel detail and price list attached. ,0,*,06/19/2020,2879.96,AMJK,CJ,price,CFDP,,, SONOCMO05,42110.28,SC31,RS,SONOCHA17
AM00569,M2,VB51646,A1,BV2A811,SONOCO FPD,06/17/2020,114.96,N,BP,"Incorrect price entered.  Mondelez price for May was $1.12
",1916,*,06/19/2020,114.96,AMJK,CJ,price,CFDP,CL,, SONOCMO05,2260.88,SC31,RS,SONOCHA15
AM00570,T3,VW60269,A1,WV5A760,SIGMA SUPPLY (RED SHEET),06/17/2020,0,Y,SW,"XPO LOADING ERROR - SHOULD BE PSB025, BUT SHIPPED EHB080 | 
DO NOT ISSUE CREDIT, PAPERWORK FOR RE-CONSIGNMENT",0,*,06/26/2020,0,AMJK,CY,"CLAIM XPO, AND PAPERWORK FOR RE-CONSIGNMENT ",SWCG,PSB,, SIGMANA03,4906.44,S171,RS,SIGMAHS09
AM00571,S1,VB60859,A1,BV5A640,OVERWRAPS,06/17/2020,326.75,Y,BP,"wrong roll put on pallet. Correct pallet label but wrong roll. Overwraps will shortpay invoice
",0,*,06/22/2020,326.75,AMJK,GO,wrong roll sent,CFDP,BA,, OVERWDA01,326.75,O006,RS,OVERWDA01
AM00573,S7,VD60546,A1,DV5A071,WOODSTREAM CORP.,06/19/2020,35283.6,Y,CT,SHIPPING DAMAGED - A BROKEN BLADE LEFT IN THE BULK TRUCK / ORDER REFUSED,43560,*,07/02/2020,35283.6,AMJK,BO,RTN 43560 LBS. BACK TO FG,KH,GP,, WOODSKN01,35283.6,U00E,RS,VERITSL0D
AM00574,P1,VB60977,A1,BV4A151,C-P FLEXIBLE PACKAGING,06/19/2020,302.2,N,BP,wrinkles #00514701385,368,*,07/06/2020,302.5,AMJK,AM,049-20 wrinkles,CFLD,VA,, CPFLEYO02,5668.51,C047,RS,CPFLEYO01
AM00575,P1,VB60964,A1,BV4A867,C-P FLEXIBLE PACKAGING,06/19/2020,1219.03,N,BP,wrinkles/ripples in material,1483,*,09/01/2020,1219.03,AMSC,AM,050-20 WRINKLES,CFLD,VA,, CPFLEYO02,12078.47,C047,RS,CPFLEYO01
AM00576,S1,VB61253,A1,BV5A123,AVERY DENNISON,06/19/2020,2782.51,Y,BP,"Shipping error, pallet S000099096 didn't ship. If at plant please do sales return ASAP
$.912 x 3,051 = $2,782.51",3051,*,07/06/2020,2782.51,AMSC,AH,pallet not shipped,CFTO,BNY,, AVERYQU02,25244.16,A455,RS,AVERYQU01
AM00577,T1,VW60410,A1,WV6A302,HARTLEY TAPE AND SUPPLY,06/19/2020,514.58,N,SW,DAMAGED IN TRANSIT - 16 RL,610.94,*,06/26/2020,514.58,AMAZ,SV,"YRC, SCRAP IN FIELD 16 ROLLS",SWCK,EPB,, HARTLCL01,12918.24,H273,RS,HARTLCL01
AM00578,P1,VB40934,A1,BV4A408,AMERICAN PACKAGING CORP.,06/19/2020,692.66,N,BP,"AMSC-BRT30- Pallet S00098728 rejected due to inability to hold cold seal register, baggy on side. ",651,*,09/01/2020,692.66,AMSC,YM,#482 BAGGY,CFGF,BRT,, AMERICO05,31468.86,A050,RS,AMERICO05
AM00579,T1,VW60698,A1,WV6A524,IBS INDUSTRIAL,06/22/2020,1191.6,Y,SW,DAMAGED IN TRANSIT - 40 RL,1418,*,07/09/2020,1191.6,AMJK,CSM,"QUATERBACK, RTN 40-G",SWPBS,EHB,, IBSINHO01,30395.2,I179,RS,IBSINHO01
AM00580,M4,VW30351,A3,WV3A046,BOX EXPRESS MFG,06/22/2020,6625.55,N,SW,CREDIT FOR DIVERT ORDER - REF TO AM00500,7362.66,*,06/24/2020,6625.55,AMAZ,JZU,CREDIT FOR DIVERT ORDER,SWDP,HCB,, BOXEXPR03,19406.4,B289,RS,BOXEXPR01
AM00581,M5,UW30995,A2,WU3A609,GEN PAC,06/22/2020,176.4,N,SW,SAMPLE - 5 ROLLS,180,*,06/26/2020,176.4,AMJK,EV,CREDIT SAMPLE,SWPD,EPB,, GENPAJA02,32607.84,G197,RS,GENPATU02
AM00582,M4,VB60781,A1,BVAAAWJ,BRYCE CORPORATION-GENERAL MILLS,06/23/2020,551.62,N,BP,"As of 6/1- GMI no longer has special pricing. Pricing is now at the converter price.
Please see attached spreadsheet.",0,*,07/13/2020,551.62,AMSC,YM,price,CFYG,,, BRYCEME11,1926.68,B102,RS,BRYCEME23
AM00583,T3,VW10624,A1,WV1A099,"NOVATECH PACKAGING SYSTEMS, INC",06/23/2020,1408.64,N,SW,MISSING 1 PALLET,1548,*,07/28/2020,1408.64,AMAZ,JZU,"REDWOOD, 1 PLT MISSING",SWDP,HSB,, NOVATFR01,16047.52,N282,RS,NOVATFR01
AM00584,M4,VW21035,A1,WV2A682,SYSCO REGINA  258,06/23/2020,250,N,SW,SHORT-PAID FOR ADMIN FEE - $250,0,*,07/28/2020,250,AMJK,JZU,CREDIT,SWSP,,, SYSCORE03,6872,SW55,RS,SYSCORE03
AM00585,M0,VW30865,A1,WV2A799,SYSCO LOS ANGELES,06/23/2020,464.18,N,SW,UNPAID TAX - $464.18,0,D,06/29/2020,0,AMJK,JZU,DENY,SWSP,,, SYSCOWA11,5350.18,SW34,RS,SYSCOWA11
AM00586,M0,VW40383,A1,WV4A016,SYSCO LOS ANGELES,06/23/2020,2247.01,N,SW,UNPAID TAX - $2247.01,0,D,06/29/2020,0,AMAZ,JZU,DENY,SWSP,,, SYSCOWA11,25899.73,SW34,RS,SYSCOWA11
AM00587,P1,VD30503,A1,DV3A052,INTEPLAST ENGINEERED FILMS ORLANDO,06/23/2020,3720,Y,CT,QUALITY ISSUE - N26112A SLIP DOESN'T WORK,4000,*,07/27/2020,3720,AMJK,JAH,RTN 4000 LBS OFF GRADE ,JAHS,NL,, INTEPOR07,9300,K00K,RS,KROGENA21
AM00588,M9,VW40709,A1,WV4A432,CONTINENTAL PAPER & PLASTICS CORP.,07/09/2020,1239.12,Y,SW,"TEARING - 36 RL, PHOTO UPLOADED",1361.66,*,07/23/2020,1239.12,AMAZ,SV,RTN 265 RL BACK TO FG,SWSP,EHB,, ARDAGMA01,13768,C815,RS,CONTIOP03
AM00588,M9,VW60421,A1,WV6A347,CONTINENTAL PAPER & PLASTICS CORP.,06/23/2020,7882.18,Y,SW,"TEARING - 229 RL, PHOTO UPLOADED",8861.68,*,07/23/2020,7882.18,AMAZ,SV,RTN 265 RL BACK TO FG,SWCK,EHB,, ARDAGMA01,13768,C815,RS,CONTIOP03
AM00589,P1,VB31555,A1,BV2A088,FORPLAX/CFC LLC,06/24/2020,600,N,BP,roll # 0031301953 & 0031301952 were rejected due to misalignment. Customer is seeking $300 per roll compensation to rework rejecting rolls.,0,*,07/23/2020,600,AMJK,LA,$300/ROLL COMPENSATION,HQLA,TT,, FORPLDG06,40340.3,F001,RS,FORPLDG06
AM00589,P1,VB51712,A1,BV4A373,FORPLAX/CFC LLC,06/24/2020,300,N,BP,roll # 0051301384 was rejected due to misaligned. Customer is seeking $300 per roll compensation to rework rejecting roll.,0,*,07/23/2020,300,AMJK,LA,$300/ROLL COMPENSATION,HQLA,TT,, FORPLDG06,40095.56,F001,RS,FORPLDG06
AM00589,P1,VB60386,A1,BV4A374,FORPLAX/CFC LLC,06/24/2020,3300,N,BP,Total 11 rolls were rejected due to misaligned - customer is seeking $300 per roll compensation to rework rejecting rolls.,0,*,07/23/2020,3300,AMJK,LA,$300/ROLL COMPENSATION,HQLA,TT,, FORPLDG06,39866.6,F001,RS,FORPLDG06
AM00590,M3,VB61588,A1,BV5A790,"DISTINCT PACKABILITIES, LLC",06/24/2020,500.08,N,BP,Order was invoiced at $0.96 but should have been invoiced at $0.89 since it is under Carolina Food's pricing. ,7144,*,07/10/2020,500.08,AMJK,AM,price,CFJM,CL,, DISTISH04,6858.24,D390,RS,DISTISH04
AM00591,P1,VW10006,A1,WUCA549,NATIONAL PAPER & PLASTICS CO.-PAUL CELLA,06/24/2020,0,Y,SW,BREAKING - QTY TBD ,0,D,07/28/2020,0,AMJK,EV,"DENY, INSUFFICIENT INFO",SWMD,HTY,, ACORNVA01,7260.72,N044,RS,ACORNLA10
AM00593,P1,VB61120,A1,BV5A391,PRINTPACK,06/25/2020,1406.78,Y,BP,"AMSC0 BRT25 roll is 60"" and should be 60 1/8""
return pallet #s000103738",1586,*,07/13/2020,1406.78,AMSC,SN,17-2050 wrong width returned,CFMS,BRT,, WESTSWA03,10192.52,P043,RS,PRINTRH04
AM00594,P1,VB61415,A1,BV4A035,C-P FLEXIBLE PACKAGING,06/25/2020,219.47,N,BP,baggy edge on film roll #0051401429,267,*,07/06/2020,219.47,AMJK,AM,90719 baggy,CFLD,VA,, CPFLEBR01,6459.28,C047,RS,CPFLEYO01
AM00595,P1,VB61434,A1,BV4B098,TRANSCENDIA,06/25/2020,1469.51,N,BP,"Master Roll is Blocking due to being Wound Extremely Tight.
Lot Ref S000104258 (Transcendia # 2006233384)  
Other Costs:    process & Handling	 $ 245.00 
****CUSTOMER REQUESTS CORRECTIVE ACTION REPORT******",1216,*,07/14/2020,1469.51,AMSC,PV,067A3E blocking,CFJM,SP,, TRANSGR03,15672.95,T025,RS,TRANSGR03
AM00596,M3,VB50478,A2,BV2A156,NAVIS INDUSTRIES,06/25/2020,1384.61,N,BP,Order invoiced at $.80 when it should have invoiced at $.755 shipping in June. ,0,*,06/29/2020,1384.62,AMJK,AM,price,CFJM,CL,, NAVISEL01,24615.2,NA54,RS,NAVISEL01
AM00597,P1,VB51673,A1,BV3A945,PRINTPACK,06/25/2020,149.4,N,BP,amjk- baggy and wrinkles,75,*,07/06/2020,149.4,AMJK,SN,20-3958 baggy,CFMS,VA,, PRINTPV01,9326.5,P043,RS,PRINTPV02
AM00598,P1,VB50902,A1,BV3A976,PRINTPACK,06/25/2020,719.02,N,BP,amjk- Tags say 37.75 inches actual 35.75 inches,839,*,07/06/2020,719.02,AMJK,SN,20-3957 wrong width,CFMS,AA,, PRINTPV01,5733.33,P043,RS,PRINTPV02
AM00600,M5,VW50063,A1,WV5A018,NU PACKAGING,06/25/2020,140.6,N,SW,"SAMPLE - ELB 4 RL, HLP 2 CS",142.11,*,07/02/2020,140.6,AMAZ,SV,CREDIT SAMPLE,SWCK,ELB,, NUPACDR01,10024.04,N209,RS,NUPACDR01
AM00601,S1,VW11245,A1,WV1A254,PREMIERE PACKAGING INDUSTRIES,07/01/2020,0,N,SW,"SHIPPING LOADING ERROR - LOADED, BUT NOT BILLED
AA00013221
AB00019614
AB00019617
",1011,*,08/13/2020,0,AMAZ,JJK,PAPERWORK FOR BILLING ONLY - REF TO IV# VW71271,SWDP,PSB,, WORLDLA07,17300,P815,RS,PREMIBP01
AM00602,S7,VW60371,A1,WV6A255,THE COCA-COLA COMPANY,06/26/2020,266.53,N,SW,DAMAGED IN TRANSIT - 11 RL,321.75,*,07/09/2020,266.53,AMJK,JAH,"DRAKE, SCRAP IN FIELD 11 RL",SWSP,EHB,, COCACWA03,17445.6,C919,RS,COCACWA03
AM00603,R1,VB31837,A1,BV2A214,OVERWRAPS PACKAGING L.P.,06/26/2020,15802.1,N,BP,"Snyder's Lance Q1 2020 Rebate
VAB30 Total lbs: 158,021
Rebate: $0.10/lb. 
Total rebate: $15,802.10",158021,*,06/30/2020,15802.1,AMJK,GO,Q1 2020 rebate Snyder Lance,CFDP,VAB,, OVERWDA02,5325.23,O006,RS,OVERWDA02
AM00604,P1,VB41483,A1,BV3A140,FORT DEARBORN COMPANY,06/29/2020,269.53,N,BP,"Baggy edge
0041101572",255,*,08/04/2020,269.53,AMJK,KS,AM2020-06001 baggy edges upcurl,CFDP,PL,, FORTDWI01 FORTDWI02,20247.89,F255,RS,FORTDWI01
AM00604,P1,VB50243,A1,BV4A493,FORT DEARBORN COMPANY,06/29/2020,805.86,N,BP,"Baggy edge causing upcurl
0051400027",726,*,08/04/2020,805.86,AMJK,KS,AM2020-06001 baggy edges upcurl,CFDP,VS,, FORTDWI01 FORTDWI02,21651.66,F255,RS,FORTDWI01
AM00604,P1,VB60051,A1,BV4A345,FORT DEARBORN COMPANY,06/29/2020,116.88,N,BP,"Baggy edge 
0041202653",884,*,08/04/2020,116.88,AMJK,KS,AM2020-06001 baggy edges upcurl,CFDP,WT,, FORTDWI01 FORTDWI02,23850.81,F255,RS,FORTDWI01
AM00604,P1,VB60542,A1,BV4A406,FORT DEARBORN COMPANY,06/29/2020,4445.74,N,BP,"Baggy edge
0051102106
0051102098
0051102090
0051102114
0051102082
0051102066
0051120141",4206,*,08/04/2020,4445.74,AMJK,KS,AM2020-06001 baggy edges upcurl,CFDP,PL,, FORTDWI01 FORTDWI02,38877.52,F255,RS,FORTDWI01
AM00604,P1,VB61138,A1,BV4A404,FORT DEARBORN COMPANY,06/29/2020,690.22,N,BP,"Baggy edge causing upcurl
0051302337",653,*,08/04/2020,690.22,AMJK,KS,AM2020-06001 baggy edges upcurl,CFDP,VS,, FORTDWI01 FORTDWI02,21470.46,F255,RS,FORTDWI01
AM00605,DE,VW50298,A2,WV5A273,MULTI FAB PACKAGING,06/29/2020,348.6,N,SW,OFFSET CREDIT - 84 ROLLS | AM00491,281,*,07/09/2020,348.6,AMAZ,EV,"OFFSET CREDIT FOR AM00491, AND CREDIT FOR REPACKING COST $50",SWTM,PSB,, MULTIKE02,697.2,M753,RS,MULTISV01
AM00605,T1,VW50298,A3,WV5A273,MULTI FAB PACKAGING,06/29/2020,50,N,SW,REPACKING CHARGE FOR DAMAGED PALLET,0,*,07/09/2020,50,AMAZ,EV,"OFFSET CREDIT FOR AM00491, AND CREDIT FOR REPACKING COST $50",SWTM,,, MULTIKE02,697.2,M753,RS,MULTISV01
AM00606,P1,VB30739,A1,BUCA506,PRINTPACK VR2(CONSGT-AMSC)GMI,06/30/2020,6363.36,N,BP,AMSC - CWS15 2965 lbs - wrinkles in base roll showing in 50 print rolls pallet #S000091375 samples sent to plant,2965,*,07/21/2020,6363.36,AMSC,SN,22-207790 wrinkles in base ,CFMS,CWS,, PRINTVR25,18781.5,P043,RS,PRINTVR24
AM00607,P1,VB21002,A1,BUCA749,PRINTPACK VR2(CONSGT-AMSC)GMI,06/30/2020,251.94,N,BP,"AMSC - CWS15 trash in roll 104 lbs pallet S000092902
samples sent to plant",104,*,07/09/2020,251.94,AMSC,SN,#22-207749 trash in roll,CFMS,CWS,, PRINTVR25,17815.5,P043,RS,PRINTVR24
AM00608,P1,VB50269,A1,BV2A112,PRINTPACK VR2(CONSGT-AMSC)GMI,06/30/2020,540,N,BP,"AMSC CWS15 web break by splice 60 lbs + $450 downtime #S000098615
samples sent to plant (business decision- sample received shows splice still intact)",60,*,07/06/2020,540,AMSC,SN,22-207881 web break near splice,CFMS,CWS,, PRINTVR25,21060,P043,RS,PRINTVR24
AM00609,P1,VB12291,A2,BUCA683,TRANSCENDIA,06/30/2020,2628.89,N,BP,"Wrinkles and Creases on multiple rolls (Transcendia Lots 2002073331, 2002073352, 2002073330, 2002073328)
Inteplast # 0004184431. 0004197250, 0004197348, 0004197355
 Process & Handling : $ 438.00 ",2811.65,*,07/30/2020,2628.89,AMJK,PV,06F949 wrinkles/creases scrap,CFJM,BA,, TRANSGR03,15639.75,T025,RS,TRANSGR03
AM00610,M3,VB61573,A1,BV2A157,NAVIS INDUSTRIES,06/30/2020,33.18,N,BP,Aged inventory that should have shipped out with June's pricing of $.765- pricing was updated in the system for June so I'm not entirely sure why this one pallet wasn't updated. ,948,*,07/23/2020,33.18,AMJK,AM,price,CFJM,CL,, NAVISEL01,758.4,NA54,RS,NAVISEL01
AM00611,P1,VB50273,A1,BV4A570,PRINTPACK VR2(CONSGT-AMSC)GMI,06/30/2020,210,N,BP,AMSC - CWS15 blocking near core 140 lbs waste #S000100236,140,*,07/09/2020,210,AMSC,SN,22-207932 blocking near core,CFMS,CWS,, PRINTVR25,5011.5,P043,RS,PRINTVR24
AM00612,P1,VB60575,A1,BV4B129,PRINTPACK VR2(CONSGT-AMJK)GMI,06/30/2020,662.78,N,BP,"AMSC VA15 web break near splice 26 lbs + $625 lost time
(samples show splice in-tact)",26,*,07/09/2020,662.78,AMSC,SN,22-207912 web break near splice,CFMS,VA,, PRINTVR23,8889.45,P043,RS,PRINTVR22
AM00613,P1,VB42112,A1,BV3A900,PRINTPACK INC (METALLIZING),06/30/2020,502.53,N,BP,AMSC - NWP18 weave out/wrinkles near core in base caused web break/ rewind telescoped causing additional waste #S000098078,165,*,07/30/2020,502.53,AMSC,DB,33-50956 weave out scrap,CFMS,NWP,, PRINTVR11,3668.57,P043,RS,PRINTVR14
AM00614,M1,VB61237,A1,BV3B122,"MULTI PACKAGING AND PRINTING, INC",06/30/2020,814.56,N,BP,"Customer gets OD 22.5"" and the order was entered with OD 31.25"" - the customer agreed to rewind the material.  Charged $780 for machine time and 32 lbs of trim loss at $34.56 = $814.56",0,*,07/01/2020,814.56,AMJK,CD,Wrong OD rewind charge,CFRH,,, MULTINE03,16277.76,M744,RS,MULTINE03
AM00615,M5,VB51639,A1,BV2A476,AMERICAN PACKAGING CORP.,07/01/2020,1174.95,N,BP,Discount Charge for Citibank payment.,0,*,07/06/2020,1174.95,AMJK,YM,citibank discount,CFGF,,, AMERICH55 AMERIDM06 BADGEFR02,4161.66,A050,RS,AMERISC01
AM00615,M5,VB51749,A1,BV1B065,AMERICAN PACKAGING CORP.,07/01/2020,2584.12,N,BP,Discount Charge for Citibank payment.,0,*,07/06/2020,2584.12,AMJK,YM,citibank discount,CFGF,,, AMERICH55 AMERIDM06 BADGEFR02,5827.57,A050,RS,AMERICO05
AM00615,M5,VB52023,A1,BV4A460,AMERICAN PACKAGING CORP.,07/01/2020,1601.88,N,BP,Discount Charge for Citibank payment.,0,*,07/06/2020,1601.88,AMJK,YM,citibank discount,CFGF,,, AMERICH55 AMERIDM06 BADGEFR02,8416.73,A050,RS,AMERISC01
AM00615,M5,VB60028,A1,BV2A861,AMERICAN PACKAGING CORP.,07/01/2020,1372.37,N,BP,Discount Charge for Citibank payment.,0,*,07/06/2020,1372.37,AMJK,YM,citibank discount,CFGF,,, AMERICH55 AMERIDM06 BADGEFR02,3212.14,A050,RS,AMERISC01
AM00615,M5,VB60806,A1,BV4A543,AMERICAN PACKAGING CORP.,07/01/2020,464,N,BP,Discount Charge for Citibank payment.,0,*,07/06/2020,464,AMJK,YM,citibank discount,CFGF,,, AMERICH55 AMERIDM06 BADGEFR02,3019.08,A050,RS,AMERISC01
AM00615,M5,VB61071,A1,BV5A308,AMERICAN PACKAGING CORP.,07/01/2020,46.88,N,BP,Discount Charge for Citibank payment.,0,*,07/06/2020,46.88,AMJK,YM,citibank discount,CFGF,,, AMERICH55 AMERIDM06 BADGEFR02,10259.64,A050,RS,AMERICO05
AM00615,M5,VB61234,A1,BV3A066,AMERICAN PACKAGING CORP.,07/01/2020,243.84,N,BP,Discount Charge for Citibank payment.,0,*,07/06/2020,243.84,AMJK,YM,citibank discount,CFGF,,, AMERICH55 AMERIDM06 BADGEFR02,6723.42,A050,RS,AMERICO05
AM00616,M7,VW40800,A1,WV2B038,ASSOCIATED PACKAGING,07/01/2020,7068,Y,SW,CLING ON THE WRONG SIDE - 160 RL,7447,*,08/18/2020,5654.4,AMAZ,EVQ,RTN 160 BACK TO FG,SWMD,ELB,, STYRODE01,35340,A696,RS,ASSOCST06
AM00617,M4,VW21160,A3,WV2A853,SUNRISE MANUFACTURING,07/01/2020,240.75,N,SW,PARTIAL FREIGHT RTN TO SUNRISE $240.75. - AM00319,0,*,07/09/2020,240.75,AMAZ,EV,CREDIT,SWMD,,, SUNRIRC01,35683.2,S642,RS,SUNRIRC01
AM00618,M4,VB60088,A1,BV4B126,PRINTPACK VR2(CONSGT-AMJK)GMI,07/01/2020,7968.32,N,BP,gmi price change credit from 1.453 to .907,14594,*,07/13/2020,7968.32,AMSC,SN,price,CFMS,VA,, PRINTVR23,19891.62,P043,RS,PRINTVR22
AM00618,M4,VB60506,A1,BV3A376,PRINTPACK VR2(CONSGT-AMJK)GMI,07/01/2020,7053.23,N,BP,gmi price change credit from 1.453 to .907,12918,*,07/13/2020,7053.23,AMSC,SN,price,CFMS,VA,, PRINTVR23,18769.85,P043,RS,PRINTVR22
AM00618,M4,VB60540,A1,BV4A388,PRINTPACK VR2(CONSGT-AMJK)GMI,07/01/2020,1604.69,N,BP,gmi price change credit from 1.453 to .907,2939,*,07/13/2020,1604.69,AMSC,SN,price,CFMS,VA,, PRINTVR23,4270.37,P043,RS,PRINTVR22
AM00618,M4,VB60541,A1,BV4B129,PRINTPACK VR2(CONSGT-AMJK)GMI,07/01/2020,3434.89,N,BP,gmi price change credit from 1.453 to .907,6291,*,07/13/2020,3434.89,AMSC,SN,price,CFMS,VA,, PRINTVR23,9140.82,P043,RS,PRINTVR22
AM00618,M4,VB60573,A1,BV4A574,PRINTPACK VR2(CONSGT-AMJK)GMI,07/01/2020,25882.58,N,BP,gmi price change credit from 1.453 to .907,47404,*,07/13/2020,25882.58,AMSC,SN,price,CFMS,VA,, PRINTVR23,68878.01,P043,RS,PRINTVR22
AM00618,M4,VB60575,A2,BV4B129,PRINTPACK VR2(CONSGT-AMJK)GMI,07/01/2020,3340.43,N,BP,gmi price change credit from 1.453 to .907,6118,*,07/13/2020,3340.43,AMSC,SN,price,CFMS,VA,, PRINTVR23,8889.45,P043,RS,PRINTVR22
AM00618,M4,VB60811,A1,BV4B129,PRINTPACK VR2(CONSGT-AMJK)GMI,07/01/2020,3488.39,N,BP,gmi price change credit from 1.453 to .907,6389,*,07/13/2020,3488.39,AMSC,SN,price,CFMS,VA,, PRINTVR23,9283.22,P043,RS,PRINTVR22
AM00618,M4,VB60914,A1,BV4B129,PRINTPACK VR2(CONSGT-AMJK)GMI,07/01/2020,22002.16,N,BP,gmi price change credit from 1.453 to .907,40297,*,07/13/2020,22002.16,AMSC,SN,price,CFMS,VA,, PRINTVR23,58551.54,P043,RS,PRINTVR22
AM00619,M4,VB60181,A1,BV4B126,PRINTPACK VR2(CONSGT-AMJK)GMI,07/01/2020,3185.36,N,BP,gmi price change from 1.363 to .817; need to issue credit,5834,*,07/13/2020,3185.36,AMSC,SN,price,CFMS,VA,, PRINTVR20 PRINTVR23,7951.74,P043,RS,PRINTVR22
AM00619,M4,VB60505,A1,BV3A138,PRINTPACK VR2(CONSGT-AMJK)GMI,07/01/2020,1650.01,N,BP,gmi price change from 1.363 to .817; need to issue credit,3022,*,07/13/2020,1650.01,AMSC,SN,price,CFMS,VA,, PRINTVR20 PRINTVR23,4118.99,P043,RS,PRINTVR22
AM00619,M4,VB60574,A1,BV4B126,PRINTPACK VR2(CONSGT-AMJK)GMI,07/01/2020,3189.19,N,BP,gmi price change from 1.363 to .817; need to issue credit,5841,*,07/13/2020,3189.19,AMSC,SN,price,CFMS,VA,, PRINTVR20 PRINTVR23,7961.28,P043,RS,PRINTVR22
AM00619,M4,VB60903,A1,BV4B068,PRINTPACK A/P - SNACKS DIV,07/01/2020,1007.37,N,BP,gmi price change from 1.363 to .817; need to issue credit,1845,*,07/13/2020,1007.37,AMJK,SN,price,CFMS,VA,, PRINTVR20 PRINTVR23,2514.74,P043,RS,PRINTVR20
AM00619,M4,VB61017,A1,BV3A138,PRINTPACK VR2(CONSGT-AMJK)GMI,07/01/2020,1633.63,N,BP,gmi price change from 1.363 to .817; need to issue credit,2992,*,07/13/2020,1633.63,AMSC,SN,price,CFMS,VA,, PRINTVR20 PRINTVR23,4078.1,P043,RS,PRINTVR22
AM00619,M4,VB61018,A1,BV4B126,PRINTPACK VR2(CONSGT-AMJK)GMI,07/01/2020,1547.36,N,BP,gmi price change from 1.363 to .817; need to issue credit,2834,*,07/13/2020,1547.36,AMSC,SN,price,CFMS,VA,, PRINTVR20 PRINTVR23,3862.74,P043,RS,PRINTVR22
AM00619,M4,VB61183,A1,BV4B068,PRINTPACK A/P - SNACKS DIV,07/01/2020,994.81,N,BP,gmi price change from 1.363 to .817; need to issue credit,1822,*,07/13/2020,994.81,AMJK,SN,price,CFMS,VA,, PRINTVR20 PRINTVR23,2483.39,P043,RS,PRINTVR20
AM00619,M4,VB61208,A1,BV4A039,PRINTPACK VR2(CONSGT-AMJK)GMI,07/01/2020,1766.31,N,BP,gmi price change from 1.363 to .817; need to issue credit,3235,*,07/13/2020,1766.31,AMSC,SN,price,CFMS,VA,, PRINTVR20 PRINTVR23,4409.31,P043,RS,PRINTVR22
AM00620,M4,VB60145,A1,BV3A717,PRINTPACK VR2(CONSGT-AMJK)GMI,07/01/2020,3586.38,N,BP,gmi price change 1.343 to .807,6691,*,07/13/2020,3586.38,AMJK,SN,price,CFMS,VA,, PRINTVR22,8986.01,P043,RS,PRINTVR22
AM00620,M4,VB60498,A1,BV3B339,PRINTPACK VR2(CONSGT-AMJK)GMI,07/01/2020,1340,N,BP,gmi price change 1.343 to .807,2500,*,07/13/2020,1340,AMJK,SN,price,CFMS,VA,, PRINTVR22,3357.5,P043,RS,PRINTVR22
AM00620,M4,VB61152,A1,BV5A566,PRINTPACK VR2(CONSGT-AMJK)GMI,07/01/2020,1211.36,N,BP,gmi price change 1.343 to .807,2260,*,07/13/2020,1211.36,AMJK,SN,price,CFMS,VA,, PRINTVR22,3035.18,P043,RS,PRINTVR22
AM00621,T1,VW60913,A1,WV6A757,NATIONAL PAPER & PLASTICS CO.-PAUL CELLA,07/01/2020,101.61,Y,SW,DAMAGED IN TRANSIT - 3 CS REFUSED ,103.68,*,07/09/2020,101.61,AMJK,CSM,"FEDEX, RTN 3 CS SCRAPPED",SWPBS,HCB,, MATERSA14,8128.8,N044,RS,FERGUSA03
AM00622,M0,VW61061,A1,WV6A566,CONTINENTAL PAPER & PLASTICS CORP.,07/01/2020,326.4,N,SW,WRONG PRICE ON P.O. - SHOULD BE $33.34,0,*,07/13/2020,326.4,AMJK,SV,CREDIT PRICE DISCREPANCY ,SWSP,EHB,, ARDAGSI01,10995.2,C815,RS,CONTIOP03
AM00623,M4,VW10670,A1,WV1A449,ATLANTIC TAPE & PKG,07/01/2020,0,Y,SW,LOST  BUSINESS - DIVERTING 1 PALLET TO WESTERN PLASTICS. PO # 47429. ,0,*,07/27/2020,0,AMJK,EV,PAPERWORK FOR DIVERT ONLY - REF TO NEW SO# WV7A444/445/446/447,SWKM,EHR,, ATLANPC05,12895.96,A390,RS,ATLANPC01
AM00623,M4,VW10788,A1,WV1A472,ATLANTIC TAPE & PKG,07/01/2020,0,Y,SW,LOST  BUSINESS - DIVERTING 1 PALLET TO WESTERN PLASTICS. PO # 47429,0,*,07/27/2020,0,AMJK,EV,PAPERWORK FOR DIVERT ONLY - REF TO NEW SO# WV7A444/445/446/447,SWKM,EHR,, ATLANPC05,12428.3,A390,RS,ATLANPC01
AM00623,M4,VW21298,A1,WV2A010,ATLANTIC TAPE & PKG,07/01/2020,0,Y,SW,LOST  BUSINESS - DIVERTING 1 PALLET TO WESTERN PLASTICS. PO # 47429,0,*,07/27/2020,0,AMJK,EV,PAPERWORK FOR DIVERT ONLY - REF TO NEW SO# WV7A444/445/446/447,SWKM,EHR,, ATLANPC05,1272.5,A390,RS,ATLANPC01
AM00623,M4,VW21299,A1,WV2A151,ATLANTIC TAPE & PKG,07/01/2020,0,Y,SW,LOST  BUSINESS - DIVERTING 1 PALLET TO WESTERN PLASTICS. PO # 47429,0,*,07/27/2020,0,AMJK,EV,PAPERWORK FOR DIVERT ONLY - REF TO NEW SO# WV7A444/445/446/447,SWKM,EHR,, ATLANPC05,1272.5,A390,RS,ATLANPC01
AM00624,P1,UBA0974,A2,BU8A922,PRINT PACK,07/06/2020,902.28,N,BP,"AMSC- wood grain appearance- pictures attached. 
claim sent in October but CSR missed registering",876,*,07/14/2020,902.28,AMSC,SN,13-5081 wood grain appearance,CFMS,BRT,, PRINTEL02,39717.82,P043,RS,PRINTEL02
AM00625,M0,VW10539,A1,WV1A411,NATIONAL PAPER & PLASTICS CO.-PAUL CELLA,07/06/2020,11204.11,Y,SW,"LOST BUSINESS - CHARGE 10% RESTOCKING FEE $1511.568, FREIGHT $2400",16794,*,07/23/2020,11204.11,AMJK,CSM,"RTN 432-G, DEDUCTED 10% RESTOCKING FEE $1511.568, FREIGHT $2400",SWMZ,HCB,, SHIPPKA11,16795.2,N044,RS,HPPROIN02
AM00626,P1,UB81196,A1,BU7A271,3M MANAUS IND PROD QUIM LTDA,07/07/2020,11841,N,BP,KT25 ovalized core. How to reduce speeds,0,D,07/27/2020,0,AMJK,YM,YAFC-BHWPNK DENIED,CFDP,KT,, EXPEDHU01,21984.44,M208,ES,3MMANMA01
AM00627,R1,VB60615,A1,BV3A121,TRANSCENDIA,07/07/2020,22412.55,N,BP,"Transcendia June 2020 Rebate
All Films 
Total lbs: 373,542.44 lb. 
Rebate: $0.06/lb. 
Total rebate: $22,412.55",373542.44,*,07/13/2020,22412.55,AMJK,PV,June 2020 rebate,CFJM,CL,, TRANSFP02,14642.09,T025,RS,TRANSFP02
AM00628,P1,VB40581,A1,BV4A091,"BELMARK, INC.",07/07/2020,14767.39,N,BP,Belmark switched films to DWS30 and asked if we could take back the WA30 they could not use. Revere agreed to they wanted material and Belmark shipped it directly to them. We will do divert once material is received by Revere. ,9911,*,07/20/2020,14944.7,AMJK,AM,WA30 material resold to Revere,CFGT,WA,, BELMAGB01,25592.24,B075,RS,BELMADP01
AM00629,P1,VB60935,A1,BV5A658,PRINTPACK METALLIZING - FRITO,07/07/2020,128.35,N,BP,AMSC - damaged roll (2 rolls S0000103800/801)  85 lbs waste,85,*,07/14/2020,128.35,AMSC,DB,33-50998 damage,CFMS,NWF,, PRINTVR39,50134.78,P043,RS,PRINTVR39
AM00630,P1,VB61275,A1,BV5A662,PRINTPACK METALLIZING - FRITO,07/07/2020,172.14,N,BP,"AMSC - NWF arrived damaged - removed waste of 114 lbs from two rolls:
S000104043/075",114,*,07/14/2020,172.14,AMSC,DB,33-51001 damage,CFMS,NWF,, PRINTVR39,28750.62,P043,RS,PRINTVR39
AM00631,M4,VD50002,A1,DV4A041,INDUSTRIAS DE PLASTICOS SA DE CV,07/07/2020,56.96,N,CT,UNIT & CURRENCY ROUNDING ISSUE - $56.96,0,*,07/13/2020,56.96,AMJK,BO,CREDIT ,CTJO,WL,, INPLATE01,60060,U00E,RS,VERITSL0D
AM00631,M4,VD50881,A2,DV4A042,INDUSTRIAS DE PLASTICOS SA DE CV,07/08/2020,52.07,N,CT,UNIT & CURRENCY ROUNDING ISSUE - $52.07,0,*,07/13/2020,52.07,AMJK,BO,CREDIT ,CTJO,WL,, INPLATE01,54901.99,U00D,RS,VERITSL0C
AM00634,R1,VB60085,A1,BV4A384,PRINTPACK VR2(CONSGT-AMSC)GMI,07/07/2020,11010.96,N,BP,"PPK VR2 Consignment Storage Allowance - June 2020
CWS, VA and MTF
Total lbs: 1,101,095.72 lb. 
Credit: $0.01/lb. 
Total credit: $11,010.96",1101095.72,*,07/13/2020,11010.96,AMSC,SN,June 2020 consignment storage rebate,CFMS,CWS,, PRINTVR25,42368.2,P043,RS,PRINTVR24
AM00635,P1,VB61179,A1,BV4A737,PRINT PACK,07/07/2020,1959.11,N,BP,AMJK- VA30 baggy edges roll #7001072805/2845,1901,*,07/16/2020,1959.11,AMJK,SN,13-5155 baggy,CFMS,VA,, PRINTEL02,2905.2,P043,RS,PRINTEL02
AM00636,R1,VD10086,A1,DUCA011,WOODSTREAM CORP.,07/07/2020,8480.21,N,CT,"2019 July - 2020 June, shipment 1,696,041 lbs at $0.005/lb",0,*,07/09/2020,8480.21,AMJK,BO,"2019 July - 2020 June, shipment 1,696,041 lbs at $0.005/lb	",KH,,, WOODSKN01,34008.24,B00H,RS,BUNZLBU06
AM00637,M4,VB62084,A1,BV3A974,PRINTPACK INC.,07/08/2020,3994.43,Y,BP,Overproduced 4 pallets for order that Printpack can not accept now. They were shipped anyway and we need to return back to plant to apply to other orders,4263,*,07/20/2020,3994.43,AMSC,SN,18-3447 return to plant,CFMS,BRT,, PRINTHE04,8318.69,P043,RS,PRINTHE01
AM00638,R1,VB61924,A1,BV3A841,TRANSCONTINENTAL MULTIFILM INC.,07/08/2020,32093.72,N,BP,"TC/Transcontinental Packaging Rebate: Q2 2020
Total lbs shipped: 1,604,686 lb. 
Rebate rate: $0.02
Total Rebate: $32,093.72",1604686,*,07/13/2020,32093.72,AMJK,AM,Q2 2020 rebate,CFGF,CE,, MULTIEL01,33895.17,M206,RS,TRANSEL08
AM00639,M3,VB70384,A1,BV6A593,"GOLDEN DYNAMIC,INC",07/08/2020,7.36,N,BP,"Invoice quantity was 37502 lbs, but packing list shipped quantity was 37494 lbs.
Customer is seeking credit for the the discrepancy.",8,*,07/13/2020,7.36,AMJK,LA,weight wrong on invoice by 8 lbs,HQLA,CL,, ATLAPCO07,34501.84,D230,RS,GOLDEGA02
AM00640,DE,VW70207,A1,WV6A997,RENEWABLE SOLUTIONS,07/08/2020,930,N,SW,"END USER CLOSED W/O NOTIFICATION, CHARGE FOR RE-DELIVERY FEE AND STORAGE FEE.

JEFF, STEVE NEGOTIATING W/ CUST. 8/26",0,*,09/25/2020,0,AMJK,CY,PAPERWORL FOR RE-DELIVERY ONLY,SWJD,EPB,, KRIERRL01,11552,R338,RS,RENEWMF03
AM00641,P1,VB40043,A1,BV2A701,TRANSCENDIA,07/08/2020,392.45,N,BP,"There are imperfections in the rolls.  Please see video below of the film showing dots imbedded in the material.
Transendia Lot #:  2004687947
Inteplast Lot Reference #:  0004216885   
CORRECTIVE ACTION REPORT REQUIRED",370,*,08/04/2020,392.45,AMJK,PV,075ABD dots in film scrap,CFJM,BA,, TRANSGR03,9238.27,T025,RS,TRANSGR03
AM00642,R1,VB61798,A1,BV3A358,FORT DEARBORN COMPANY,07/08/2020,6583,N,BP,"Fort Dearborn Concession Rebate - June 2020
Payment of $6583.00 per month due to Fort Dearborn as per Concession ",0,*,07/13/2020,6583,AMJK,KS,June 2020 concession rebate,CFDP,PL,, FORTDBG01,9921,F255,RS,FORTDBG01
AM00643,M4,VD61071,A1,DV6A080,PREMIER SPECIALTY PRODUCTS INC.,07/08/2020,293.25,N,CT,"PRICE DISPUTE - $293.25 FOR TRUCKLOAD ORDER
",0,*,07/13/2020,293.25,AMJK,BO,CREDIT PRICE DISCREPANCY,KH,NL,, PSPINSF01,21505,P00E,RS,PRINCWI0A
AM00644,M4,UWC0952,A1,WUBA528,BUNZL WEST BOYLSTON,07/08/2020,300,N,SW,LATE DELIVERY CHARGE - $300,0,*,07/23/2020,300,AMJK,MN,CREDIT,PFSS,,, BUNZLWB01,13513.6,B036,RS,BUNZLWB02
AM00645,M3,VW40421,A1,WV3A319,WESTERN PLASTICS - (GA),07/08/2020,225.79,N,SW,PRICE DISPUTE - $225.79,0,*,08/04/2020,225.79,AMJK,MN,CREDIT FOR PRICE DISCREPANCY,8SW,EHB,, WESTECA02,4608,W051,RS,WESTECA03
AM00646,S1,VW50872,A1,WV5A376,WESTERN PLASTICS - (CA),07/08/2020,0,N,SW,"LOADING ERROR - SHIPPED 1 EXTRA PALLET # 0900100180 (ELB0451977000W051-50)

PAPERWORK TO RETURN THE MATERIAL",1,*,07/23/2020,0,AMJK,MN,PAPERWORK TO RETURN THE 1 EXTRA PLT ONLY,8SW,,, WESTETE01,15806.4,W041,RS,WESTETE01
AM00647,R1,VB51309,A1,BV2A147,OVERWRAPS PACKAGING L.P.,07/09/2020,12374.2,N,BP,"Snyder's Lance Q2 2020 Rebate
VAB30 Total lbs: 123,742
Rebate: $0.10/lb. 
Total rebate: $12,374.20",123742,*,07/13/2020,12374.2,AMJK,GO,Q2 2020 Snyders Lance rebate,CFDP,VAB,, OVERWDA02,66936.15,O006,RS,OVERWDA02
AM00648,P1,VB70036,A1,BV2A081,"BEMIS COMPANY,INC",07/10/2020,0,Y,BP,AMSC  SP10- operators complaining that almost every mill splice is breaking. see attached claim and pictures. need root cause and corrective action,0,*,08/04/2020,0,AMSC,GO,200507595,CFGT,SP,, BEMISJO02,51511.49,C035,RS,BEMISNE01
AM00649,M3,UB81486,A2,BU8A280,CONSOLIDATED PKG. GROUP LLC,07/10/2020,196.63,N,BP,pricing issue from August 2019. Claim was denied but we can not get consolidated pkg to pay back invoice. This was a penny difference that occurred at month price flip,0,*,07/13/2020,196.63,AMJK,DB,price,CFGF,CL,, CONSORP07,18679.85,C827,RS,CONSORP07
AM00650,M0,VW40634,A1,WV4A372,SYSCO FOODS OF CENTRAL FL,07/10/2020,1537.42,N,SW,UNPAID TAX - $1537.42,0,D,07/23/2020,0,AMJK,JZU,DENY,SWSP,,, SYSCOOC03,25190.14,SW14,RS,SYSCOOC03
AM00651,M0,VW41019,A1,WV4A625,SYSCO BARABOO LLC.,07/10/2020,727.58,N,SW,UNPAID TAX - $727.58,0,D,07/23/2020,0,AMJK,JZU,DENY,SWSP,,, SYSCOBA04,13956.38,SW08,RS,SYSCOBA04
AM00652,M0,VW50090,A1,WV4A650,SYSCO GULF COAST 164,07/10/2020,2247.01,N,SW,UNPAID TAX - $2247.01,0,D,07/23/2020,0,AMJK,JZU,DENY,SWSP,,, SYSCOGE04,25899.73,SW65,RS,SYSCOGE04
AM00653,M0,VW50513,A1,WV5A432,SYSCO HOUSTON,07/10/2020,2653.81,N,SW,UNPAID TAX - $2653.81,0,D,07/23/2020,0,AMJK,JZU,DENY,SWSP,,, SYSCOHO08,34821.21,SW06,RS,SYSCOHO08
AM00653,M0,VW50513,A2,WV5A432,SYSCO HOUSTON,07/10/2020,321.67,N,SW,UNEARNED DISCOUNT - $321.67,0,D,07/23/2020,0,AMJK,JZU,DENY,SWSP,,, SYSCOHO08,34821.21,SW06,RS,SYSCOHO08
AM00654,M0,VW50673,A1,WV5A588,SYSCO BALTIMORE LLC 012,07/10/2020,1071.91,N,SW,UNPAID TAX - $1071.91,0,D,07/23/2020,0,AMJK,JZU,DENY,SWSP,,, SYSCOJE04,18937.03,SW19,RS,SYSCOJE04
AM00654,M0,VW50673,A2,WV5A588,SYSCO BALTIMORE LLC 012,07/10/2020,178.65,N,SW,UNEARNED DISCOUNT - $178.65,0,D,07/23/2020,0,AMJK,JZU,DENY,SWSP,,, SYSCOJE04,18937.03,SW19,RS,SYSCOJE04
AM00656,T1,VW70064,A1,WV6A898,MID VALLEY PACKAGING & SUPPLY CO.,07/10/2020,472.32,N,SW,DAMAGED IN TRANSIT - 16 RL,576,*,07/23/2020,472.32,AMAZ,CSM,"SAIA, SCRAP IN FIELD 16 RL",SWMD,EPB,, MIDVAFO01,4723.2,M676,RS,MIDVAFO01
AM00657,P1,VB70207,A1,BV6A009,C-P FLEXIBLE PACKAGING,07/13/2020,719.14,N,BP,AMJK- VA22 baggy film 908 lbs,908,*,08/04/2020,719.14,AMJK,AM,053-20 baggy scrap,CFLD,VA,, CPFLEYO02,3499.61,C047,RS,CPFLEYO01
AM00658,M3,VB70090,A1,BV5A208,NAVIS INDUSTRIES,07/14/2020,44.8,N,BP,Aged inventory that should have shipped with July's pricing of $.795. ,4480,*,07/23/2020,44.8,AMJK,AM,price,CFJM,CL,, NAVISEL01,3606.4,NA54,RS,NAVISEL01
AM00659,P1,VB70692,A1,BV4B094,C-P FLEXIBLE PACKAGING,07/14/2020,655.46,N,BP,"AMJK- ZWP18 - scratches/lines (not wrinkles) roll #0004245110
sample of defect be sent to Donna Durio",603,*,08/31/2020,655.46,AMJK,AM,058-20 scratches,CFLD,ZWP,, CPFLEYO02,1842.47,C047,RS,CPFLEYO01
AM00660,P1,VW50360,A1,WV5A302,VALOR PACKAGING,07/15/2020,0,Y,SW,"BLOCKING - QTY TBD, 3RD ATTEMPT PICK UP 8/21, 8/14, 7/30
",0,*,09/25/2020,0,AMJK,EV,RE-OPEN WHEN CUSTOMER IS READY ,SWKM,EUB,, VALORBI02,12800,V161,RS,VALORBI02
AM00661,P1,UBC1454,A1,BUBB035,TRANSCENDIA,07/16/2020,1274.65,N,BP,BA40 -  loose middle /soft spot   ,1325,*,08/04/2020,1274.65,AMJK,PV,0739E7 loose in middle scrap,CFJM,BA,, TRANSRC02,10665.69,T025,RS,TRANSRC02
AM00662,P1,VB70702,A1,BV5A524,C-P FLEXIBLE PACKAGING,07/16/2020,230.47,N,BP,VA18 - baggy roll #0061101984,291,*,08/04/2020,230.47,AMJK,AM,90724 baggy scrap,CFLD,VA,, CPFLEBR01,14044.28,C047,RS,CPFLEYO01
AM00663,P1,VB62053,A1,BV5A685,C-P FLEXIBLE PACKAGING,07/16/2020,839.26,N,BP,AMSC - VA15 baggy film #0061800655,1021,*,09/01/2020,839.26,AMSC,AM,90725 BAGGY,CFLD,VA,, CPFLEYO02,15993.66,C047,RS,CPFLEYO01
AM00664,M0,VW40681,A1,WV4A201,SYSCO SAN FRANCISCO,07/16/2020,2437.78,N,SW,UNPAID TAX - $2437.78,0,D,07/27/2020,0,AMAZ,JZU,DENY,SWSP,,, SYSCOFR06,28792.18,SW40,RS,SYSCOFR06
AM00665,P1,VW61042,A1,WV6A821,"MLR PACKAGING, INC",07/17/2020,873.19,Y,SW,"BLOCKING - 29 RL, ETA 8/21",1039.76,*,08/28/2020,873.19,AMJK,JZU,RTN 29 RL SCRAPPED,SWDP,EHB,, MLRPAFU01,25583.16,M646,RS,MLRPAFU01
AM00666,P1,VB62053,A2,BV5A685,C-P FLEXIBLE PACKAGING,07/20/2020,293.79,N,BP,VA15 baggy - #0061800658 (lolita roll on claim AM00662),351,*,09/01/2020,293.79,AMSC,AM,#90724 BAGGY,CFLD,VA,, CPFLEYO02,15993.66,C047,RS,CPFLEYO01
AM00667,S7,VB70575,A1,BV5A911,PAK WEST,07/20/2020,110.22,N,BP,rolls damaged - 0074700019/22,110,*,08/31/2020,110.22,AMJK,SN,rolls damaged,CFDH,BA,, PAKWESA04,21452.82,PB78,RS,PAKWESA04
AM00668,S2,VB70986,A1,BV5A794,"SHURTAPE TECHNOLOGIES, LLC",07/20/2020,1124.28,Y,BP,pallet S000104855 did not ship because it was damaged and pulled from truck. need sales return to credit customer,1388,*,07/20/2020,1124.28,AMSC,KS,pallet not shipped,CFTG,TT,, SHURTHU05,27979.02,S321,RS,SHURTHI07
AM00669,S1,VA70007,A1,YV6A023,FELPLAST INC.,07/20/2020,62.7,N,YA,truck was overweight so had to take off 1045 lbs,1045,*,07/22/2020,62.7,AMJK,AH,1045 lbs taken off truck due to weight,8OC,SC,, FELPLDA01,2368.8,F390,RS,FELPLDA01
AM00670,DE,VB61156,A1,BV5A916,PRINTPACK METALLIZING - FRITO,07/20/2020,5552.05,N,BP,"NWF18 material used for Stripe in June = 39,103 lbs
Need to issue a debit for the price  difference between $1.565/lb and $1.74/lb = $0.175/lb",31726,*,07/22/2020,5552.05,AMSC,DB,debit for stripe June 2020,CFMS,NWF,, PRINTVR39,49651.19,P043,RS,PRINTVR39
AM00671,S1,VW70614,A1,WV7A298,WHITTCO INDUSTRIAL SUPPLIES,07/20/2020,774.24,Y,SW,"LOADING ERROR - BILLED, BUT DID NOT SHIP - #4600028803",578.11,*,07/28/2020,774.24,AMJK,CSM,RTN 48 CS BACK TO FG,SWPB,PSB,, WHITTCA01,7742.4,W222,RS,WHITTMC02
AM00672,M5,VB50904,A2,BV4A057,GRANWELL PRODUCTS INC.,07/20/2020,285.64,N,BP,This customer always picked up their own with $0.03/lb freight allowance. System charged this amount by error when we supposed to credit customer this amount.  ,0,*,07/22/2020,285.64,AMJK,LA,surcharge credited back,HQLA,,, IIMAKAM01,30684.53,G001,RS,GRANWWC01
AM00673,M4,VW20676,A1,WV1B012,CROWN PACKAGING CORP.,07/30/2020,1626.24,Y,SW,TEARING - 40 RL,2112,*,08/18/2020,1626.24,AMJK,MN,RTN 40 ROLLS SCRAPPED ,SWMN,EPB,, CROWNHA01,19890.64,C150,RS,CROWNCH02
AM00674,M0,VW60087,A1,WV5A573,TEAM EAGLE PACKAGING SYSTEMS,07/21/2020,2234.88,Y,SW,LOST BUSINESS - 10% RESTOCKING FEE ONLY ,2560,*,08/13/2020,2234.88,AMJK,CSM,"RTN 40-G, DEDUCTED 10% RESTOCKING FEE $248.32",SWMZ,ETK,, TEAMEYO01,3724.8,T619,RS,TEAMEYO01
AM00675,M6,VW50534,A1,WUCA019,H.E.BAUMRUCKER,07/21/2020,102.01,N,SW,PRICE ADJUSTMENT - $102.01,0,*,07/27/2020,102.01,AMJK,CSM,CREDIT FOR PRICE DISCREPANCY ,SWMZ,EHB,, HEBAUIT01,4276.48,H085,RS,HEBAUIT01
AM00675,M6,VW50535,A1,WUCA917,H.E.BAUMRUCKER,07/21/2020,25.35,N,SW,PRICE ADJUSTMENT - $25.32,0,*,07/27/2020,25.34,AMJK,CSM,CREDIT FOR PRICE DISCREPANCY ,SWMZ,EHB,, HEBAUIT01,2215.36,H085,RS,HEBAUIT01
AM00675,M6,VW50925,A1,WUCA019,H.E.BAUMRUCKER,07/21/2020,204.03,N,SW,PRICE ADJUSTMENT - $204.03,0,*,07/27/2020,204.03,AMJK,CSM,CREDIT FOR PRICE DISCREPANCY ,SWMZ,EHB,, HEBAUIT01,8552.96,H085,RS,HEBAUIT01
AM00675,M6,VW60990,A1,WV1A040,H.E.BAUMRUCKER,07/21/2020,255.03,N,SW,PRICE ADJUSTMENT - $255.03,0,*,07/27/2020,255.03,AMJK,CSM,CREDIT FOR PRICE DISCREPANCY ,SWMZ,EHB,, HEBAUIT01,10691.2,H085,RS,HEBAUIT01
AM00676,M5,UW90788,A1,WU9A516,ASSOCIATED PACKAGING INC,07/22/2020,94.68,N,SW,SAMPLE - 3 RL,106.35,*,07/27/2020,94.68,AMAZ,EV,CREDIT SAMPLE ,SWCK,EHB,, ASAPLSL01,10258.88,AB70,RS,ASSOCSL08
AM00677,P1,VB70957,A1,BV6A684,AVERY DENNISON,08/06/2020,36702.71,Y,BP,wrong cores used,42333,*,09/25/2020,3323.21,AMSC,AH,AD-20-02374,CFTO,BNY,, AVERYME09,36702.71,A455,RS,AVERYME09
AM00677,P1,VB70958,A1,BV7A357,AVERY DENNISON,08/12/2020,0,Y,BP,wrong cores used,0,*,09/25/2020,16688.01,AMSC,AH,AD-20-02374,CFTO,BNY,, AVERYME09,23367.38,A455,RS,AVERYME09
AM00677,P1,VB71125,A1,BV7A468,AVERY DENNISON,07/23/2020,36818.89,Y,BP,Wrong cores used - 31 rolls being sent back,42467,*,09/25/2020,36818.88,AMSC,AH,AD-20-02374,CFTO,BNY,, AVERYME09,36818.89,A455,RS,AVERYME09
AM00677,P1,VB71125,A2,BV7A468,AVERY DENNISON,08/12/2020,0,Y,BP,wrong cores,0,*,09/25/2020,0,AMSC,AH,AD-20-02374,CFTO,BNY,, AVERYME09,36818.89,A455,RS,AVERYME09
AM00677,P1,VB71132,A1,BV7A467,AVERY DENNISON,08/06/2020,36599.54,Y,BP,Wrong core used.,42214,*,09/25/2020,26625.57,AMSC,AH,AD-20-02374,CFTO,BNY,, AVERYME09,36599.54,A455,RS,AVERYME09
AM00677,P1,VB71132,A2,BV7A467,AVERY DENNISON,08/06/2020,0,Y,BP,wrong cores used,0,*,09/25/2020,3360.49,AMSC,AH,AD-20-02374,CFTO,BNY,, AVERYME09,36599.54,A455,RS,AVERYME09
AM00677,P1,VB71132,A3,BV7A467,AVERY DENNISON,08/12/2020,0,Y,BP,wrong cores used,0,*,09/25/2020,6613.47,AMSC,AH,AD-20-02374,CFTO,BNY,, AVERYME09,36599.54,A455,RS,AVERYME09
AM00677,P1,VB71133,A1,BV6A684,AVERY DENNISON,08/06/2020,36872.64,Y,BP,Wrong cores.,42529,*,09/25/2020,3353.55,AMSC,AH,AD-20-02374,CFTO,BNY,, AVERYME09,36872.64,A455,RS,AVERYME09
AM00677,P1,VB71133,A2,BV6A684,AVERY DENNISON,08/12/2020,0,Y,BP,wrong cores,0,*,09/25/2020,6681.1,AMSC,AH,AD-20-02374,CFTO,BNY,, AVERYME09,36872.64,A455,RS,AVERYME09
AM00678,P1,VB60920,A1,BV3A323,TRANSCENDIA,07/23/2020,619.86,N,BP,"Crease in roll of 66"" 100ga BOPP SP25B  and cannot be used. See Picture below  ",676,*,07/30/2020,619.86,AMJK,PV,078E31 crease in roll scrap,CFJM,SP,, TRANSFP02,7535.93,T025,RS,TRANSFP02
AM00679,R1,VB61031,A1,BV3A779,SONOCO FPD,07/23/2020,83474,N,BP,"Unilever Rebate - Q2 2020
CQW25 and CL30 thru Sonoco
Total lbs: 417,370 lb. 
Rebate: $0.20/lb. for CL30
Total rebate: $83,474.",417370,*,07/30/2020,83474,AMJK,CJ,Q2 2020 rebate,CFDP,CL,, SONOCMO05,38046.14,SC31,RS,SONOCHA17
AM00680,M3,VB50239,A2,BV4A117,LALLY PAK,07/23/2020,743.92,N,BP,shipped during price change (same as VA00197) need to put on AM claim,0,*,07/29/2020,743.92,AMJK,DB,price,CFGF,HM,, LALLYHI01,43147.36,L093,RS,LALLYHI02
AM00680,M3,VB50373,A2,BV4A117,LALLY PAK,07/23/2020,267.86,N,BP,shipped during price change (same VA00197) needed to put in AM claim,0,*,07/29/2020,267.86,AMJK,DB,price,CFGF,HM,, LALLYHI01,41338.92,L093,RS,LALLYHI02
AM00680,M3,VB50373,A3,BV4A117,LALLY PAK,07/29/2020,444.88,N,BP,shipped during price change (same as VA00197) also A2 on this invoice,0,*,07/29/2020,444.88,AMJK,DB,price,CFGF,HM,, LALLYHI01,41338.92,L093,RS,LALLYHI02
AM00681,M1,VW70748,A1,WV7A236,NICHOLS PAPER-MEIJER,07/23/2020,1305.6,Y,SW,"KEY IN ERROR - WRONG ITEM, SHOULD BE ETY, NOT ETR",1280,*,08/13/2020,1305.6,AMJK,CSM,RTN 40 RL BACK TO FG,SWMZ,ETR,, NICHOBG01,1305.6,N297,RS,NICHOBH01
AM00682,DE,VW70615,A1,WV7A304,"HUGO'S INDUSTRIAL SUPPLY, INC",07/23/2020,250,N,SW,DETENTION CHARGE $250 TO HUGO,0,*,07/28/2020,250,AMJK,CSM,DEBIT FOR DETENTION CHARGE,SWPB,PSB,, AMAZOJE03,19756.8,H263,RS,HUGOSIN08
AM00682,DE,VW70619,A1,WV7A328,"HUGO'S INDUSTRIAL SUPPLY, INC",07/23/2020,150,N,SW,DETENTION CHARGE $150 TO HUGO,0,*,07/28/2020,150,AMJK,CSM,DEBIT FOR DETENTION CHARGE,SWPB,PSB,, AMAZOJE03,19756.8,H263,RS,HUGOSIN08
AM00683,P1,VB60269,A1,BV3A499,OVERWRAPS,07/24/2020,324.4,N,BP,"Baggy film								
roll : 0004223969		",267,*,08/04/2020,324.41,AMJK,GO,AmTopp38 baggy scrap,CFDP,HD,, OVERWDA01,5485.83,O006,RS,OVERWDA01
AM00684,DE,VW70934,A1,WV7A476,"HUGO'S INDUSTRIAL SUPPLY, INC",07/24/2020,250,N,SW,LAYOVER FEE - $250,0,*,07/28/2020,250,AMJK,CSM,DEBIT FOR LAYOVER FEE,SWPB,PSB,, AMAZOTH01,19756.8,H263,RS,HUGOSIN08
AM00685,M0,VW50368,A1,WV5A301,SYSCO INTERMOUNTAIN 005,07/24/2020,2083.65,N,SW,UNPAID TAX - $2083.65,0,D,07/28/2020,0,AMJK,JZU,DENY,SWSP,,, SYSCOWJ09,30823.65,SW62,RS,SYSCOWJ09
AM00686,M0,VW60907,A1,WV6A716,PAK WEST PAPER & PACKAGING,07/24/2020,400,N,SW,WRONG PRICE ON P.O. - SHOULD BE $27.12/ROLL,0,*,07/28/2020,400,AMAZ,JZU,CREDIT ,SWMD,EPB,, BELLCPH01,7309.54,P742,RS,PAKWESA01
AM00687,M5,VB61380,A1,BV4A134,AMERICAN PACKAGING CORP.,07/25/2020,2694.87,N,BP,Discount charge for Citibank payment.,0,*,07/30/2020,2694.87,AMJK,YM,discount charge citibank payment,CFGF,,, AMERICH55 AMERISC01 BADGEFR02,3963.17,A050,RS,AMERISC01
AM00687,M5,VB61425,A1,BV3A066,AMERICAN PACKAGING CORP.,07/25/2020,1097.33,N,BP,Discount charge for Citibank payment.,0,*,07/30/2020,1097.33,AMJK,YM,discount charge citibank payment,CFGF,,, AMERICH55 AMERISC01 BADGEFR02,114020.37,A050,RS,AMERICO05
AM00687,M5,VB61739,A1,BV6A754,AMERICAN PACKAGING CORP.,07/25/2020,1036.29,N,BP,Discount charge for Citibank payment.,0,*,07/30/2020,1036.29,AMJK,YM,discount charge citibank payment,CFGF,,, AMERICH55 AMERISC01 BADGEFR02,33888.86,A050,RS,AMERISC01
AM00688,P1,VB42089,A1,BV3A138,PRINTPACK VR2(CONSGT-AMJK)GMI,07/25/2020,1937.21,N,BP,Pallet S000098376 rejected due to factory splice causing web break.,0,*,08/20/2020,1937.21,AMSC,SN,22-207957 web break,CFMS,,, PRINTVR23,26391.77,P043,RS,PRINTVR22
AM00689,P1,VB61514,A1,BV5A718,"BEMIS PACKAGING MEXICO, S.A. DE C.V.",07/27/2020,197.05,N,BP,"WRINKLES
*********CORRECTIVE ACTION REPORT NEEDED************",0,*,08/14/2020,197.05,AMJK,PV,200004990 wrinkles,HQMA,HCM,, BEMISLA02,29050.34,N051,ES,BEMISTL01
AM00690,M3,VB60580,A2,BV5A033,INTERFLEX GROUP- NORTH AMERICA,07/28/2020,406.49,N,BP,"invoiced at price of 1.10, PO Price $1.03",5807,*,07/30/2020,406.49,AMJK,DB,price,CFMS,BA,, INTERME18,6387.7,C210,RS,INTERME18
AM00690,M3,VB60883,A2,BV5A476,INTERFLEX GROUP- NORTH AMERICA,07/28/2020,730.03,N,BP,"invoiced at price of 1.10, PO Price $1.03",10429,*,07/30/2020,730.03,AMJK,DB,price,CFMS,BA,, INTERME18,11471.9,C210,RS,INTERME18
AM00692,M0,VW50686,A1,WV5A248,SYSCO SYRACUSE - 027,07/28/2020,1456.7,N,SW,UNPAID TAX $1456.70,0,D,08/04/2020,0,AMJK,JZU,DENY,SWSP,,, SYSCOWA14,19665.5,SW80,RS,SYSCOWA14
AM00693,T1,VW70985,A1,WV7A429,ASSOCIATED PACKAGING,07/28/2020,155.95,N,SW,"DAMAGED IN TRANSIT - 5 RL
EXEMPTION# DD401506094. ",179.25,*,08/04/2020,155.95,AMAZ,EV,"SAIA, SCRAP IN FIELD 5 RL",SWMD,EHB,, ALLSTSP04,6218.8,A696,RS,ASSOCST06
AM00694,M6,VW70681,A1,WV7A145,DAHL WHOLESALE,07/28/2020,2140,N,SW,"SALES REP ERROR - WRONG PRICE ON PRICE SHEET
",0,*,08/04/2020,2140,AMJK,JZU,CREDIT FOR PRICE DISCREPANCY ,SWTM,HCB,, DAHLWDR01,36451.04,D281,RS,DAHLWDR01
AM00695,P1,VB50370,A1,BV4A330,"GOLDEN DYNAMIC,INC",07/29/2020,494.94,N,BP,"Roll # 51700043, 51700103 and 51700093 were rejected due to wrinkles and blocking.",438,*,09/01/2020,494.94,AMSC,LA,3302/3317/3321 CREDITS,HQLA,,, MULTIBO04,43135.49,D230,RS,GOLDEGA02
AM00695,P1,VB50544,A2,BV4A338,"GOLDEN DYNAMIC,INC",07/29/2020,105.09,N,BP,Roll # 51700097 was rejected due to wrinkles and canning.,93,*,09/01/2020,105.09,AMSC,LA,3302/3317/3321 CREDITS,HQLA,,, MULTIBO04,43085.77,D230,RS,GOLDEGA02
AM00695,P1,VB51535,A2,BV4A070,"GOLDEN DYNAMIC,INC",07/29/2020,211.31,N,BP,Roll # 51700231 (typo on claim email) & 51700237 were both rejected due to wrinkles and blocking.,187,*,09/01/2020,211.31,AMSC,LA,3302/3317/3321 CREDITS,HQLA,,, MULTIBO04,42361.44,D230,RS,GOLDEGA02
AM00696,T1,VW71070,A1,WV7A215,APEX CONVERTING & PACKAGING,07/30/2020,4682.88,Y,SW,"DAMAGED IN TRANSIT - 144 CS, PICK UP 8/28 SAIA",4977,*,09/18/2020,4682.88,AMJK,EV,"FEDEX, RTN 35-S, 109-G",SWDL,HTL,, APEXCCH03,4682.88,T376,RS,APEXCCH03
AM00697,P1,VB41674,A1,BV3A964,KENDALL PACKAGING CORP,07/30/2020,0,N,BP,Baggy lane- roll #0041200935 pictures attached. Looking for corrective action form,0,*,08/31/2020,0,AMJK,AM,202000207 baggy,CFGT,AA,, KENDAJE01,32348.89,K005,RS,KENDAME01
AM00698,P1,VB41264,A1,BV3B347,PPC FLEXIBLE PACKAGING,07/31/2020,380.21,N,BP,Baggy Film causing print wrinkles,254,*,08/31/2020,380.21,AMJK,PV,1239 baggy,CFRH,BA,, PPCFLRO01,31977.75,P027,RS,PPCFLRO01
AM00699,P1,VB31130,A1,BV2A456,HOOD FLEXIBLE PACKAGING,07/31/2020,0,N,BP,HD18 - bug in film - pictures attached FYI,0,*,08/13/2020,0,AMJK,GO,bug in film ,CFGT,HD,, HOODFAH01,17006.36,H189,RS,HOODFAH01
AM00700,TX,VB71059,A1,BV4A513,C.P. FLEXIBLE PACKAGING - AURORA,08/01/2020,288.71,N,BP,13% HST tax not added to CP Aurora invoices – need to DEBIT,0,*,08/04/2020,288.71,AMJK,CD,13% HST tax ,CFRO,,, CPFLEAU01,2220.84,P177,RS,CPFLEAU01
AM00700,TX,VB71060,A1,BV4A514,C.P. FLEXIBLE PACKAGING - AURORA,08/01/2020,248.96,N,BP,13% HST tax not added to CP Aurora invoices – need to DEBIT ,0,*,08/04/2020,248.96,AMJK,CD,13% HST tax ,CFRO,,, CPFLEAU01,1915.06,P177,RS,CPFLEAU01
AM00700,TX,VB71061,A1,BV4A932,C.P. FLEXIBLE PACKAGING - AURORA,08/01/2020,291.18,N,BP,13% HST tax not added to CP Aurora invoices – need to DEBIT,0,*,08/04/2020,291.18,AMJK,CD,13% HST tax ,CFRO,,, CPFLEAU01,2239.81,P177,RS,CPFLEAU01
AM00700,TX,VB71062,A1,BV5A224,C.P. FLEXIBLE PACKAGING - AURORA,08/01/2020,160.89,N,BP,13% HST tax not added to CP Aurora invoices – need to DEBIT,0,*,08/04/2020,160.89,AMJK,CD,13% HST tax ,CFRO,,, CPFLEAU01,1237.64,P177,RS,CPFLEAU01
AM00700,TX,VB71063,A1,BV5A226,C.P. FLEXIBLE PACKAGING - AURORA,08/01/2020,163.79,N,BP,13% HST tax not added to CP Aurora invoices – need to DEBIT,0,*,08/04/2020,163.79,AMJK,CD,13% HST tax ,CFRO,,, CPFLEAU01,1259.96,P177,RS,CPFLEAU01
AM00700,TX,VB71069,A1,BV5A226,C.P. FLEXIBLE PACKAGING - AURORA,08/01/2020,162.2,N,BP,13% HST tax not added to CP Aurora invoices – need to DEBIT,0,*,08/04/2020,162.2,AMJK,CD,13% HST tax ,CFRO,,, CPFLEAU01,1247.69,P177,RS,CPFLEAU01
AM00700,TX,VB71075,A1,BV5A226,C.P. FLEXIBLE PACKAGING - AURORA,08/01/2020,163.36,N,BP,13% HST tax not added to CP Aurora invoices – need to DEBIT,0,*,08/04/2020,163.36,AMJK,CD,13% HST tax ,CFRO,,, CPFLEAU01,1256.62,P177,RS,CPFLEAU01
AM00700,TX,VB71394,A1,BV2A350,C.P. FLEXIBLE PACKAGING - AURORA,08/01/2020,415.94,N,BP,13% HST tax not added to CP Aurora invoices – need to DEBIT,0,*,08/04/2020,415.94,AMJK,CD,13% HST tax ,CFRO,,, CPFLEAU01,3199.57,P177,RS,CPFLEAU01
AM00700,TX,VB71402,A1,BV3A674,C.P. FLEXIBLE PACKAGING - AURORA,08/01/2020,578,N,BP,13% HST tax not added to CP Aurora invoices – need to DEBIT,0,*,08/04/2020,578,AMJK,CD,13% HST tax ,CFRO,,, CPFLEAU01,4446.14,P177,RS,CPFLEAU01
AM00700,TX,VB71405,A1,BV3B123,C.P. FLEXIBLE PACKAGING - AURORA,08/01/2020,749.29,N,BP,13% HST tax not added to CP Aurora invoices – need to DEBIT,0,*,08/04/2020,749.29,AMJK,CD,13% HST tax ,CFRO,,, CPFLEAU01,5740.7,P177,RS,CPFLEAU01
AM00700,TX,VB71413,A1,BV4A512,C.P. FLEXIBLE PACKAGING - AURORA,08/01/2020,164.67,N,BP,13% HST tax not added to CP Aurora invoices – need to DEBIT,0,*,08/04/2020,164.67,AMJK,CD,13% HST tax ,CFRO,,, CPFLEAU01,1266.66,P177,RS,CPFLEAU01
AM00700,TX,VB71414,A1,BV4A513,C.P. FLEXIBLE PACKAGING - AURORA,08/01/2020,285.23,N,BP,13% HST tax not added to CP Aurora invoices – need to DEBIT,0,*,08/04/2020,285.23,AMJK,CD,13% HST tax ,CFRO,,, CPFLEAU01,2194.06,P177,RS,CPFLEAU01
AM00700,TX,VB71530,A1,BV4A511,C.P. FLEXIBLE PACKAGING - AURORA,08/01/2020,361.54,N,BP,13% HST tax not added to CP Aurora invoices – need to DEBIT,0,*,08/04/2020,361.54,AMJK,CD,13% HST tax ,CFRO,,, CPFLEAU01,2781.07,P177,RS,CPFLEAU01
AM00700,TX,VB71531,A1,BV4A515,C.P. FLEXIBLE PACKAGING - AURORA,08/01/2020,362.7,N,BP,13% HST tax not added to CP Aurora invoices – need to DEBIT,0,*,08/04/2020,362.7,AMJK,CD,13% HST tax ,CFRO,,, CPFLEAU01,2790,P177,RS,CPFLEAU01
AM00700,TX,VB71532,A1,BV4A516,C.P. FLEXIBLE PACKAGING - AURORA,08/01/2020,688.11,N,BP,13% HST tax not added to CP Aurora invoices – need to DEBIT,0,*,08/04/2020,688.11,AMJK,CD,13% HST tax ,CFRO,,, CPFLEAU01,5293.19,P177,RS,CPFLEAU01
AM00700,TX,VB71534,A1,BV4B100,C.P. FLEXIBLE PACKAGING - AURORA,08/01/2020,1265.83,N,BP,13% HST tax not added to CP Aurora invoices – need to DEBIT,0,*,08/04/2020,1265.83,AMJK,CD,13% HST tax ,CFRO,,, CPFLEAU01,9737.14,P177,RS,CPFLEAU01
AM00700,TX,VB71809,A1,BV4A680,C.P. FLEXIBLE PACKAGING - AURORA,08/01/2020,688.69,N,BP,13% HST tax not added to CP Aurora invoices – need to DEBIT,0,*,08/04/2020,688.69,AMJK,CD,13% HST tax ,CFRO,,, CPFLEAU01,5297.65,P177,RS,CPFLEAU01
AM00700,TX,VB72127,A1,BV4A932,C.P. FLEXIBLE PACKAGING - AURORA,08/03/2020,145.37,N,BP,13% HST tax not added to CP Aurora invoices – need to DEBIT,0,*,08/04/2020,145.37,AMJK,CD,13% HST tax ,CFRO,,, CPFLEAU01,1118.23,P177,RS,CPFLEAU01
AM00700,TX,VB72158,A1,BV5A227,C.P. FLEXIBLE PACKAGING - AURORA,08/03/2020,2032.86,N,BP,13% HST tax not added to CP Aurora invoices – need to DEBIT,0,*,08/04/2020,2032.86,AMJK,CD,13% HST tax ,CFRO,,, CPFLEAU01,15637.39,P177,RS,CPFLEAU01
AM00700,TX,VB72239,A1,BV7A327,C.P. FLEXIBLE PACKAGING - AURORA,08/03/2020,267.96,N,BP,13% HST tax not added to CP Aurora invoices – need to DEBIT,0,*,08/04/2020,267.96,AMJK,CD,13% HST tax ,CFRO,,, CPFLEAU01,2061.25,P177,RS,CPFLEAU01
AM00701,P1,VB40228,A1,BV2A728,KENDALL PACKAGING CORP,08/03/2020,448.2,N,BP,AMJK- AA25 wrinkles causing print defects 156 lbs + 1 hr downtime @ $300,1156,*,08/31/2020,448.2,AMJK,AM,202000209 wrinkles in print,CFGT,AA,, KENDAJE01,14944,K005,RS,KENDAME01
AM00702,P1,VB71860,A1,BV6A280,PRINTPACK,08/03/2020,1444.87,Y,BP,AMSC - baggy,1716,*,09/01/2020,1444.87,AMSC,SN,17-2058 BAGGY,CFMS,BRT,, WESTSWA03,21757.28,P043,RS,PRINTRH04
AM00702,P1,VB71860,A2,BV6A280,PRINTPACK,08/03/2020,1634.46,N,BP,"AMSC - baggy 1051 lbs + 1716 lbs returned = 2767 lbs + $625 lost time
3 rolls - 2 jobs baggy causing wrinkles to break at print - return 1 roll",1051,*,09/01/2020,1634.46,AMSC,SN,17-2058 BAGGY,CFMS,BRT,, WESTSWA03,21757.28,P043,RS,PRINTRH04
AM00703,P1,VB61988,A1,BV5A449,PRINTPACK INC (VR2),08/03/2020,480.33,N,BP,AMSC - 140 lbs + $206.25 splice left - debris on plate #S000104604,140,*,09/04/2020,480.33,AMSC,SN,22-207963 splice debris,CFMS,VA,, PRINTVR07,27637.2,P043,RS,PRINTVR07
AM00704,P1,VB70488,A1,BV4A835,PRINTPACK METALLIZING - FRITO,08/03/2020,701.7,N,BP,"AMSC NWF25 web break from telescoped roll 230 lbs

$301.50 lost time",230,*,09/11/2020,701.7,AMSC,DB,33-51019 web break,CFMS,NWF,, PRINTVR39,5747.22,P043,RS,PRINTVR39
AM00705,P1,VB72233,A1,BV6A626,PRINTPACK INC (METALLIZING),08/03/2020,1480.02,N,BP,AMSC - NWP15 hard profile in base caused web breaks 917 lbs,917,*,08/31/2020,1480.02,AMSC,DB,33-51012 hard profile,CFMS,NWP,, PRINTVR11,33731.21,P043,RS,PRINTVR14
AM00706,P1,VB71021,A1,BV5A648,PRINTPACK INC (METALLIZING),08/03/2020,333.1,N,BP,AMSC - NWP18 hard profile caused web break 199 lbs,199,*,08/31/2020,333.1,AMSC,DB,33-51044 web break,CFMS,NWP,, PRINTVR11,16031,P043,RS,PRINTVR14
AM00707,P1,VB71388,A1,BV6A626,PRINTPACK INC (METALLIZING),08/03/2020,1302.87,N,BP,AMSC - NWFP15 web break near splice 741 lbs,741,*,08/31/2020,1302.87,AMSC,DB,33-51010 web break ,CFMS,NWP,, PRINTVR11,30920.27,P043,RS,PRINTVR14
AM00708,M0,VW50734,A1,WV5A463,SYSCO EAST TEXAS 293,08/03/2020,457.93,N,SW,UNPAID TAX - $457.93,0,D,08/13/2020,0,AMJK,JZU,DENY,SWSP,,, SYSCOLO10,6008.65,SW39,RS,SYSCOLO10
AM00709,M3,VW70272,A2,WV6A333,BENSTAR PACKAGING AND DISTRIBUTING,08/04/2020,445,N,SW,PRICE DISPUTE - SHORT PAID $445 ,0,D,08/13/2020,0,AMAZ,CY,DENY,SWJD,ELB,, BENSTSC01,12614.4,B409,RS,BENSTSC01
AM00710,P1,TB20838,A1,BT1B154,FORT DEARBORN COMPANY,08/04/2020,0,N,BP,Roll reject for being saggy and causing downtime on press -over 1 year close $0,137.14,*,08/13/2020,0,AMJK,YM,407161 - web breaks from rolls breaking,CFDP,HD,, FORTDBG01,1935.55,F255,RS,FORTDBG01
AM00710,P1,TB61619,A1,BT4A027,FORT DEARBORN COMPANY,08/04/2020,0,N,BP,Bagginess - over 1 year close $0,283,*,08/13/2020,0,AMJK,YM,407161 - web breaks from rolls breaking,CFDP,PL,, FORTDBG01,20616.93,F255,RS,FORTDBG01
AM00710,P1,UBC0851,A2,BUBA250,FORT DEARBORN COMPANY,08/04/2020,351.58,N,BP,Web breaks from rolls breaking,403,*,08/13/2020,351.57,AMJK,KS,407161 - web breaks from rolls breaking,CFDP,VS,, FORTDBG01,25236.97,F255,RS,FORTDBG01
AM00710,P1,VB31058,A1,BV2A703,FORT DEARBORN COMPANY,08/04/2020,23.78,N,BP,Operator got down in the roll and it kept breaking ,28.62,*,08/13/2020,23.78,AMJK,KS,407161 - web breaks from rolls breaking,CFDP,VS,, FORTDBG01,7313.75,F255,RS,FORTDBG01
AM00711,R1,VB70478,A1,BV3B096,TRANSCENDIA,08/04/2020,74665.98,N,BP,"Transcendia July 2020 Rebate
All Films 
Total lbs: 1,244,433 lb. 
Rebate: $0.06/lb. 
Total rebate: $74,665.98",1244433,*,08/11/2020,74665.98,AMJK,PV,July 2020 rebate,CFJM,AF,, TRANSFP02,37949.71,T025,RS,TRANSFP02
AM00712,R1,VB70401,A1,BV5A407,PRINTPACK VR2(CONSGT-AMSC)GMI,08/04/2020,13011.76,N,BP,"PPK VR2 Consignment Storage Allowance - July 2020
CWS, VA and MTF
Total lbs: 1,301,176.12 lb. 
Credit: $0.01/lb. 
Total credit: $13,011.76",1301176.12,*,08/11/2020,13011.76,AMSC,SN,July consignment storage allowance,CFMS,CWS,, PRINTVR25,26755.5,P043,RS,PRINTVR24
AM00713,R1,VB70418,A1,BV4A533,FORT DEARBORN COMPANY,08/04/2020,6583,N,BP,"Fort Dearborn Concession Rebate - July 2020
Payment of $6583.00 per month due to Fort Dearborn as per Concession ",0,*,08/11/2020,6583,AMJK,KS,July 2020 concession rebate,CFDP,VS,, FORTDBG01,11022.75,F255,RS,FORTDBG01
AM00714,DE,VW80003,A1,WV7A369,ROLLING HILLS PLASTICS,08/04/2020,527.5,N,SW,"END USER REJECTED 16 PLTS, REDELIVER TO ROLLING HILL WAREHOUSE",0,*,09/25/2020,527.5,AMAZ,JZU,DEBIT FOR RE-CONSIGNMENT FREIGHT COST,SWDP,HCB,, JLCONMO01,16721.28,R090,RS,ROLLIRB01
AM00715,P1,VB71356,A1,BV5A329,AMERICAN PACKAGING CORP.,08/05/2020,1454.16,N,BP,AMSC- SP12- Pallet S000103032 had contamination in material.,1339,*,09/01/2020,1454.16,AMSC,YM,#7479 CONTAMINATION,CFGF,SP,, AMERIDM08,8734.7,A050,RS,AMERISC01
AM00716,M5,VB62077,A1,BV4A832,AMERICAN PACKAGING CORP.,08/05/2020,1474.94,N,BP,Discount Charges for Citibank Payment.,0,*,08/11/2020,1474.94,AMJK,YM,citibank discount,CFGF,,, AMERICO05 AMERIDM06 BADGEFR02,8749.58,A050,RS,AMERISC01
AM00716,M5,VB70390,A1,BV6A091,AMERICAN PACKAGING CORP.,08/05/2020,148.47,N,BP,Discount Charges for Citibank Payment.,0,*,08/11/2020,148.47,AMSC,YM,citibank discount,CFGF,,, AMERICO05 AMERIDM06 BADGEFR02,15276.11,A050,RS,AMERICO05
AM00716,M5,VB70815,A1,BV5A263,AMERICAN PACKAGING CORP.,08/05/2020,206.35,N,BP,Discount Charges for Citibank Payment.,0,*,08/11/2020,206.35,AMJK,YM,citibank discount,CFGF,,, AMERICO05 AMERIDM06 BADGEFR02,27880.88,A050,RS,AMERICO05
AM00716,M5,VB70849,A1,BV3B125,AMERICAN PACKAGING CORP.,08/05/2020,80.7,N,BP,Discount Charges for Citibank Payment.,0,*,08/11/2020,80.7,AMJK,YM,citibank discount,CFGF,,, AMERICO05 AMERIDM06 BADGEFR02,11287.32,A050,RS,AMERICO05
AM00716,M5,VB71072,A1,BV6A091,AMERICAN PACKAGING CORP.,08/05/2020,40.67,N,BP,Discount Charges for Citibank Payment.,0,*,08/11/2020,40.67,AMSC,YM,citibank discount,CFGF,,, AMERICO05 AMERIDM06 BADGEFR02,5654.73,A050,RS,AMERICO05
AM00716,M5,VB71082,A1,BV5A747,AMERICAN PACKAGING CORP.,08/05/2020,88.51,N,BP,Discount Charges for Citibank Payment.,0,*,08/11/2020,88.51,AMJK,YM,citibank discount,CFGF,,, AMERICO05 AMERIDM06 BADGEFR02,4027.44,A050,RS,AMERISC01
AM00716,M5,VB71272,A1,BV6A185,AMERICAN PACKAGING CORP.,08/05/2020,12.26,N,BP,Discount Charges for Citibank Payment.,0,*,08/11/2020,12.26,AMJK,YM,citibank discount,CFGF,,, AMERICO05 AMERIDM06 BADGEFR02,1705.44,A050,RS,AMERICO05
AM00717,M1,VW80063,A1,WV7A681,SYSCO LONG ISLAND - 306,08/05/2020,0,Y,SW,KEY IN ERROR - DUPLICATE PO,0,*,09/04/2020,0,AMJK,JZU,PAPERWORK FOR DIVERT - REF TO NEW SO# WV8A599,SWSP,PSB,, SYSCOCI12,19405.98,SX00,RS,SYSCOCI12
AM00718,P1,VB72115,A1,BV4A227,GATEWAY PACKAGING CO.,08/05/2020,4803.18,Y,BP,insects in truck,5989,*,09/01/2020,4803.17,AMJK,SN,INSECTS IN TRUCK,CFGT,VS,, GATEWWH01,4803.18,G022,RS,GATEWGC01
AM00718,P1,VB72116,A1,BV4A714,GATEWAY PACKAGING CO.,08/05/2020,2361.09,Y,BP,insects in truck refused,2944,*,09/01/2020,2361.09,AMJK,SN,INSECTS IN TRUCK,CFGT,VS,, GATEWWH01,2361.09,G022,RS,GATEWGC01
AM00718,P1,VB72117,A1,BV4B046,GATEWAY PACKAGING CO.,08/05/2020,2228.76,Y,BP,insects truck refused,2779,*,09/01/2020,2228.75,AMJK,SN,INSECTS IN TRUCK,CFGT,VS,, GATEWWH01,2228.76,G022,RS,GATEWGC01
AM00718,P1,VB72118,A2,BV5A252,GATEWAY PACKAGING CO.,08/05/2020,13301.97,Y,BP,insects in truck refused,16586,*,09/01/2020,13301.96,AMJK,SN,INSECTS IN TRUCK,CFGT,VS,, GATEWWH01,13301.97,G022,RS,GATEWGC01
AM00718,P1,VB72119,A1,BV5A725,GATEWAY PACKAGING CO.,08/05/2020,3969.9,Y,BP,insects truck refused,4950,*,09/01/2020,3969.9,AMJK,SN,INSECTS IN TRUCK,CFGT,VS,, GATEWWH01,3969.9,G022,RS,GATEWGC01
AM00718,P1,VB72120,A1,BV7A045,GATEWAY PACKAGING CO.,08/05/2020,2203.9,Y,BP,insects in truck refused,2748,*,09/01/2020,2203.89,AMJK,SN,INSECTS IN TRUCK,CFGT,VS,, GATEWWH01,2203.9,G022,RS,GATEWGC01
AM00719,M1,VW71226,A1,WV7A208,PREMIERE PACKAGING INDUSTRIES,08/05/2020,0,Y,SW,KEY IN ERROR - WRONG SHIP-TO ADDRESS ,0,*,08/18/2020,0,AMAZ,JJK,PAPERWORK FOR RE-DELIVERY ONLY,SWDP,PSB,, WORLDCH19,19304.64,P815,RS,PREMIBP01
AM00720,P1,UB40683,A2,BU3A479,THE REVERE GROUP,08/05/2020,3628.35,N,BP,Total 6 rolls were rejected with baggy edge.  Customer is requesting credit for rejected rolls.,2199,*,09/01/2020,3628.35,AMJK,LA,BAGGY ,HQLA,PL,, REVERSE01,21423.15,U005,RS,REVERSE01
AM00722,P1,TBC1335,A1,BTCA346,CAPRI PACKAGING - TC TRNSCONTINENTAL PKG,08/05/2020,502.8,N,BP,"wrinkle in master roll causing wrinkles in finished product 422.52 lbs
requested pictures be sent, please try process claim ASAP- it was delayed in being entered. ",422.52,*,08/13/2020,502.8,AMJK,DB,10880 - wrinkles in master roll,CFGF,VA,, CAPRICL03,14289.52,U011,RS,CAPRICL03
AM00723,P1,VB71482,A1,BV6A720,PRINTPACK INC (METALLIZING),08/06/2020,254.15,N,BP,"damaged rolls, damaged edge",325,*,08/31/2020,254.15,AMSC,DB,33-51034 damaged edge,CFMS,NWP,, PRINTVR11,4188.39,P043,RS,PRINTVR14
AM00724,P1,UBB1654,A1,BUBA343,"STRATA -TAC,INC",08/06/2020,869.48,N,BP,"TL50. AMJK. Customer sent a claim about a baggy edge on one of the rolls.
Roll# 9111401415 from PO# BUBA343.
",599,*,08/31/2020,869.48,AMJK,CD,#901 baggy,CFRH,TL,, STRATSC02,30403.6,S989,RS,STRATSC02
AM00725,M4,VB70841,A1,BV5A756,GARLOCK PRINTING & CONVERTING CORP,08/06/2020,800,N,BP,Late truck caused them to have to unload truck to overnight finished goods to customer,0,*,08/11/2020,800,AMJK,AM,Late truck - extra shipping fees,CFDH,BFP,, GARLOGA02,2182.45,G002,RS,GARLOGA01
AM00726,P1,VW70142,A2,WV7A009,CONTINENTAL PAPER & PLASTICS CORP.,08/06/2020,391.44,N,SW,FEATHERED EDGE/ UNWIND - 12 RL,430.2,*,08/18/2020,391.44,AMJK,SV,SCRAP IN FIELD 12 ROLLS,SWSP,EHB,, ARDAGBU01,15657.6,C815,RS,CONTIOP03
AM00727,P1,VB12002,A1,BUCA520,TRANSCENDIA,08/06/2020,1240.84,N,BP,"Material is wound extremely tight and is tearing.  
Same issue as claim # 067A3E (CLAIM# AM00595)  dated 6/25/2020
Inteplast Lot Reference #S000091577  - Transcendia Lot Reference # 2001035437  
",1134,*,09/03/2020,1240.84,AMSC,PV,082EE8 hard wound,CFJM,SP,, TRANSGR03,9410.59,T025,RS,TRANSGR03
AM00728,DE,VW80079,A1,WV7A906,"SPICERS PAPER, INC",08/06/2020,2300,N,SW,CUSTOMER PROVIDE WRONG SHIPPING ADDRESS - RE-DELIVERY FEE $2300,0,*,08/18/2020,2300,AMAZ,SV,DEBIT FOR RE-DELIVERY FEE,SWCK,EHB,, SWIREWI01,30250.8,S794,RS,SPICESF05
AM00729,DE,VW80152,A1,WV8A071,"HUGO'S INDUSTRIAL SUPPLY, INC",08/06/2020,150,N,SW,DRIVER UNLOADING CHARGE - $150,0,*,08/13/2020,150,AMJK,CSM,DEBIT ,SWPB,,, AMAZOOC01,12820.5,H263,RS,HUGOSIN08
AM00730,P2,VW50885,A2,WV5A184,FLEJES Y ACCESORIOS DE QUERETARO,08/06/2020,2240.8,N,SW,"SPEC ERROR - SHOULD BE 90, BUT IT'S ONLY 70-80G 
PHOTO UPLOADED",2836.8,*,09/09/2020,2240.8,AMJK,SV,SCRAP IN FIELD 80 RL,SWPE,ELB,, WASHILA02,30494.4,F340,RE,FLEJEQU01
AM00731,P1,VB80058,A1,BV4A553,PRINTPACK,09/02/2020,1550.74,Y,BP,baggy S000100200 return,1655,*,09/03/2020,1476.26,AMSC,SN,#2059 baggy,CFMS,BRT,, WESTSWA03,19143.21,P043,RS,PRINTRH04
AM00731,P1,VB80058,A2,BV4A553,PRINTPACK,09/02/2020,387.5,N,BP,AMSC- BRT15- Pallet S000100200 is baggy causing wrinkles. loss time charge of 387.50,0,*,09/03/2020,387.5,AMSC,SN,#2059 baggy,CFMS,,, WESTSWA03,19143.21,P043,RS,PRINTRH04
AM00732,M2,VB60346,A1,BV2A455,PRINTPACK,08/07/2020,313.17,N,BP,Price is incorrect in system. Price list shows MRT18 at $1.187,5694,*,09/03/2020,313.17,AMJK,SN,price,CFMS,MRT,, PRINTRH04,7071.95,P043,RS,PRINTRH04
AM00733,M2,VB41459,A1,BV2A001,PRINTPACK,08/07/2020,355.52,N,BP,MRT18 Price for Q2 is .907.,6464,*,09/03/2020,355.52,AMJK,SN,price,CFMS,BRT,, WESTSWA01,6218.37,P043,RS,PRINTRH04
AM00734,M2,VB80310,A1,BV4B087,"GOLDEN DYNAMIC,INC",08/10/2020,2694.44,N,BP,Price should be $1.12/lb as customer's price is based on order place date (not ship date)  Coverage CSR made error to changed price to enable shipping to entered packing list as he didn't know.  (please fill out marketing action form),38492,*,08/31/2020,2694.44,AMSC,LA,price,HQLA,SP,, MULTIWH01,45805.48,D230,RS,GOLDEGA02
AM00735,P3,VW20543,A1,WV1B105,SOUTHERNCARLSON (ACCOUNTS PAYABLE ),08/10/2020,226.23,N,SW,"SHORT 12 RL, PLT# A100045766",260.4,*,09/09/2020,226.23,AMAZ,CY,CREDIT,SWCK,EHB,, SOUTHEP16,10180.57,C326,RS,SOUTHEP16
AM00736,P1,UWC1049,A2,WUCA114,MCA MEXICO S.A. DE C.V.,08/10/2020,1943.27,N,SW,TEARING - 71 RL,2286.2,*,09/09/2020,1943.27,AMAZ,SV,SCRAP IN FIELD 71 RL,SWPE,EPB,, MCAMELA03,34678,C876,RS,MCAMEAP01
AM00737,M2,VW70292,A2,WV6A046,WESTERN PLASTICS - (GA),08/10/2020,752.64,N,SW,KEY IN ERROR - SHOULD BE $27.84 ,0,*,08/18/2020,752.64,AMJK,MN,CREDIT FOR PRICE DISCREPANCY,8SW,ETO,, WESTECA02,11776,W051,RS,WESTECA03
AM00738,P1,VB61556,A1,BV3A138,PRINTPACK VR2(CONSGT-AMJK)GMI,08/10/2020,1266.23,N,BP,AMSC- VA18- Pallet S000098384  baggy edge causing wrinkles in print.,929,*,09/01/2020,1266.23,AMSC,SN,22-208002 BAGGY EDGE,CFMS,VA,, PRINTVR23,12318.73,P043,RS,PRINTVR22
AM00739,P1,VB61152,A2,BV5A566,PRINTPACK VR2(CONSGT-AMJK)GMI,08/13/2020,1212,N,BP,sliver of film (invoice for credit purposes),0,*,09/18/2020,1212,AMJK,SN,22-207978 sliver of film,CFMS,,, PRINTVR22,3035.18,P043,RS,PRINTVR22
AM00739,P1,VB70499,A1,BV5A566,PRINTPACK VR2(CONSGT-AMJK)GMI,08/10/2020,1440.94,N,BP,AMJK- VA30- pallet 7001075906 - Sliver of film kept coming out of roll and getting onto plates,1891,*,09/18/2020,1440.94,AMJK,SN,22-207978 sliver of film,CFMS,VA,, PRINTVR22,1725.93,P043,RS,PRINTVR22
AM00739,P1,VB70594,A1,BV5A566,PRINTPACK VR2(CONSGT-AMJK)GMI,08/13/2020,1500,N,BP,slivers of film (invoice for credit purposes,0,*,09/18/2020,1500,AMJK,SN,22-207978 sliver of film,CFMS,,, PRINTVR22,1718.31,P043,RS,PRINTVR22
AM00739,P1,VB80248,A1,BV5A566,PRINTPACK VR2(CONSGT-AMJK)GMI,08/13/2020,1500,N,BP,sliver of film (invoice for credit purposes),0,*,09/18/2020,1500,AMJK,SN,22-207978 sliver of film,CFMS,,, PRINTVR22,1721.36,P043,RS,PRINTVR22
AM00740,P1,VB80505,A1,BV4A867,C-P FLEXIBLE PACKAGING,08/11/2020,755.42,N,BP,AMSC - WRINKLES #0051700766 919 LBS,919,*,09/01/2020,755.42,AMSC,AM,#065-20 WRINKLES,CFLD,VA,, CPFLEYO02,4072.79,C047,RS,CPFLEYO01
AM00741,P1,VB80075,A1,BV5A384,C-P FLEXIBLE PACKAGING,08/11/2020,704.38,N,BP,ZWP - BAGGY,0,*,08/31/2020,704.38,AMJK,AM,066-20 baggy,CFLD,ZWP,, CPFLEYO02,975.04,C047,RS,CPFLEYO01
AM00742,P1,VB72161,A1,BV5A834,C-P FLEXIBLE PACKAGING,08/11/2020,228.9,N,BP,AMSC - cut on side of roll by mill splice,261,*,09/01/2020,228.9,AMSC,AM,90728 CUT ON SIDE OF ROLL,CFLD,VA,, CPFLEYO02,17960.09,C047,RS,CPFLEYO01
AM00743,P1,VB72099,A1,BV3A231,C-P FLEXIBLE PACKAGING,08/11/2020,1760.26,N,BP,AMJK PL25 - in./out curl rolls #004225465/ 0004225529,1555,*,09/01/2020,1760.26,AMJK,AM,90729 IN/OUT CURL,CFLD,PL,, CPFLEBR01,12239.62,C047,RS,CPFLEYO01
AM00744,P1,VB80003,A1,BV6A861,TARGET LABELS AND PACKAGING,08/11/2020,1611.95,N,BP,"HD - WOUND LOOSE - PICTURES ATTACHED 3 ROLLS
0004254802/0004254816/0004254961",1358,*,08/31/2020,1611.95,AMJK,SN,wound loose,CFDH,HD,, TARGENS10,17632.88,T669,RS,TARGEHP02
AM00745,P1,VB32132,A1,BV3A027,ADMIRAL PACKAGING,08/11/2020,677.01,N,BP,"TD - hard wrinkle in film
need root cause and corrective action for VCPAR",524,*,09/18/2020,677.01,AMJK,AM,#8028 wrinkles,CFLD,TD,, ADMIRPR01,4082.72,U003,RS,ADMIRPR01
AM00746,P1,UB90313,A1,BU8A170,ADMIRAL PACKAGING,08/11/2020,634.03,N,BP,"TD18 - bad roll profile, wrinkles/ tore out at splice",476,*,09/18/2020,634.03,AMJK,MR,#8029 wrinkles,CFLD,,, ADMIRPR01,5574.42,U003,RS,ADMIRPR01
AM00747,P1,VB21363,A1,BV1A311,TRANSCENDIA,08/12/2020,1089.66,N,BP,"Scratches on material (pictures attached) - 1 master roll and 2 slit rolls attached to this claim - total weight 989.82 lbs.
Transcendia Lot Ref #: MR - 2002290599; Slit Rolls Lots - 2008553878 & 2008553879
",990,*,08/31/2020,1089.66,AMJK,PV,0800ED scratches,CFJM,CL,, TRANSGR03,1206.77,T025,RS,TRANSGR03
AM00748,M4,VB71477,A1,BV4B126,PRINTPACK VR2(CONSGT-AMJK)GMI,08/14/2020,4672.54,N,BP,"Removal of Printpack's GMI program, material shipped during June at GMI pricing. Credit for difference (AM iinvoices)",0,*,08/21/2020,4672.54,AMSC,SN,GMI pricing program removed,CFMS,,, PRINTVR23,22153.32,P043,RS,PRINTVR22
AM00749,T1,VW80369,A1,WV7A944,ERNEST PACKAGING SOLUTIONS,08/12/2020,2192,Y,SW,DAMAGED IN TRANSIT - 80 RL,2382,*,09/04/2020,2192,AMAZ,JZU,"AAL, SCRAPPED 80 RL",SWDP,ELB,, ERNESCO03,10810,E386,RS,ERNESCO01
AM00750,M5,UWA0843,A1,WUAA240,LEMAC PACKAGING INC,08/12/2020,36.7,N,SW,SAMPLE - 2 ROLL,403.2,*,08/18/2020,36.7,AMJK,CY,CREDIT SAMPLE,SWRP,HCB,, LEMACBU01,1468,L151,RS,LEMACER02
AM00751,T3,VW80034,A1,WV7A900,NATIONAL PAPER & PLASTICS CO.-PAUL CELLA,08/12/2020,435.84,N,SW,MISSING 1 PALLET,336,D,09/09/2020,0,AMJK,EV,DENY,SWCG,PSB,, ATHENNA01,37788.6,N044,RS,ATHENNA02
AM00752,P1,VB80045,A1,BV3B280,KENDALL PACKAGING CORP,08/13/2020,450.5,N,BP,"Baggy edge - #0051401101
55 lbs scrapped, 117 lbs rejected , 1 hr downtime",172,*,09/21/2020,450.5,AMJK,AM,202000219 baggy scrap,CFGT,VA,, KENDAJE01,2949.63,K005,RS,KENDAME01
AM00753,P1,VB70340,A1,BV5A407,PRINTPACK VR2(CONSGT-AMSC)GMI,08/13/2020,3030.59,N,BP,"AMSC- CWS 15 - S000105224 - Film in Roll on plate (22-207975) (business decision)
1033 ;bs",1033,*,08/31/2020,3030.59,AMSC,SN,2-2-207975,CFMS,CWS,, PRINTVR25,13384.5,P043,RS,PRINTVR24
AM00754,P1,VB70737,A1,BV5A407,PRINTPACK VR2(CONSGT-AMSC)GMI,08/13/2020,5402.5,N,BP,"AMSC- CWS15- Pallet S000105607 rejected due to baggy edge causing print wrinkles. (22-207988)
",3185,*,09/01/2020,5402.5,AMSC,SN,22-207988 BAGGY EDGE,CFMS,CWS,, PRINTVR25,14305.5,P043,RS,PRINTVR24
AM00755,P1,VB71760,A1,BV6A325,PRINTPACK INC (VR2),08/13/2020,1087.16,N,BP,"AMSC- VA15- Pallet S000104648 rejected due to splice causing web break. (22-208011
165 lbs",165,*,08/31/2020,1087.16,AMSC,SN,22-208011 splice web break,CFMS,VA,, PRINTVR07,43764.6,P043,RS,PRINTVR07
AM00756,P1,VB72136,A1,BV4B128,PRINTPACK VR2(CONSGT-AMSC)GMI,08/13/2020,1319.1,N,BP,"AMSC- CWS23- Pallet S000105436 rejected due to trash in roll. (22-208016)
(business decision - samples could not validate claim)
",130,*,08/20/2020,1319.1,AMSC,SN,22-208016 trash in roll,CFMS,CWS,, PRINTVR25,7807.8,P043,RS,PRINTVR24
AM00757,M4,VB42205,A1,BV3B132,HOOD PACKAGING CORPORATION - SPARTANBURG,08/13/2020,491.74,N,BP,"These are the unearned discounts taken by Hood. They used to have 1%15, net 30 day payment terms but are now at net 45 day terms. Discounts were taken within the 15 day discount period. 
(6 invoices)",0,*,08/13/2020,491.74,AMJK,AM,discount write off,CFGF,,, HOODPSP03,16082.46,H324,RS,HOODPSP02
AM00758,S1,VW80203,A1,WV8A107,TRM MANUFACTURING,08/13/2020,921.6,Y,SW,"LOADING ERROR – BILLED BUT NOT SHIPPED
PLT# 0800206351 ",1280,*,08/28/2020,921.6,AMJK,JZU,RTN 40 RL BACK TO FG,8SW,EPB,, TRMMACO03,25866.4,T053,RS,TRMMACO01
AM00759,T1,VW80244,A1,WV7A951,DIVERSIFIED PACKAGING,08/13/2020,1542.72,Y,SW,"DAMAGED IN TRANSIT - 1 PLT REFUSED, QC 8/20",1659,*,09/04/2020,1542.72,AMJK,CS,"FEDEX, SCRAPPED 48 CS",SWMN,HCB,, DIVERSL01,4022.4,D419,RS,DIVERSL01
AM00760,P1,VB80045,A2,BV3B280,KENDALL PACKAGING CORP,08/13/2020,461.4,N,BP,"WRINKLES IN FILM #0051401103  
360 LBS + 30 MIN DOWNTIME",360,*,09/18/2020,461.4,AMJK,AM,202000226 wrinkles,CFGT,VA,, KENDAJE01,2949.63,K005,RS,KENDAME01
AM00761,M7,VW11091,A1,WUCA695,TEXTAPE INCORPORATED,09/04/2020,22208.26,Y,SW,TEARING - 816 RL,27417.6,*,09/18/2020,22208.26,AMAZ,SV,"RTN 30-S, 786-G",SWCK,EPB,, MEXTACA02,30481.92,T451,RS,TEXTAEP01
AM00762,M5,VW60150,A1,WV6A081,REGEZ SUPPLY CO INC,08/13/2020,160.6,N,SW,SAMPLE - 4 RL,126.44,*,08/28/2020,160.6,AMJK,CY,CREDIT SAMPLE,SWJD,ELB,, REGEZMO03,8616,R995,RS,REGEZMO03
AM00763,DE,VW80046,A1,WV7A367,NORKOL INC.,08/14/2020,29.3,N,SW,RE-CONSIGNMENT FEE $29.30,0,*,08/28/2020,29.3,AMJK,CSM,DEBIT,SWPB,ETY,, VIPPABR02,6336,N329,RS,NORKONO02
AM00764,S2,VW50091,A2,WV4A668,NATIONAL PACKAGING  DBA NPC GLOBAL,08/17/2020,715,N,SW,"MISSING 1 PALLET, REF TO AM00499",0,D,08/28/2020,0,AMJK,CS,DENY,SWLU,EHB,, NATIOCA04,27512.4,N246,RS,NATIOCA04
AM00765,M0,VW80390,A1,WV7A980,ROLLING HILLS PLASTICS,08/14/2020,16251.84,Y,SW,LOST BUSINESS - DIVERT ORDER TO ERNEST,13788,*,09/18/2020,0,AMJK,JZU,"PAPERWORK FOR DIVERT ONLY, REF TO NEW SO#WV9A294",SWDP,PSB,, HOLLASM01,16251.84,R090,RS,ROLLIRB01
AM00766,T1,VB51751,A1,BV2A096,AMERICAN PACKAGING CORP.,08/14/2020,5097.74,N,BP,"AMJK-VS18- Order was damaged in transit, customer refused load. Carrier did not return load to AMJK. 4,605 lbs. At $1.107 lbs.= $5,097.74 lbs. Need to place claim to XPO for cost of shipment and also freight charges. See attached email from XPO with detail on PRO 986662165

(This invoice used for claim purposes only)",4605,*,08/31/2020,0,AMJK,YM,claim to XPO through traffic,CFGF,,, BADGEFR02,17010.17,A050,RS,AMERICO05
AM00766,T1,VB51751,A2,BV2A096,AMERICAN PACKAGING CORP.,08/14/2020,499.62,N,BP,"AMJK-VS18- Order was damaged in transit, customer refused load. Carrier did not return load to AMJK. Freight Cost.

 (This invoice used for credit purposes only)",4605,*,08/31/2020,0,AMJK,YM,claim to XPO through traffic,CFGF,,, BADGEFR02,17010.17,A050,RS,AMERICO05
AM00767,S7,VB80782,A1,BV6A304,PRINT PACK,08/17/2020,6453.62,Y,BP,damaged pallets truck rejected,7235,*,09/03/2020,6453.62,AMSC,SN,damaged in transit,CFMS,BRT,, PRINTEL02,6453.62,P043,RS,PRINTEL02
AM00767,S7,VB80783,A1,BV6A305,PRINT PACK,08/17/2020,20010.24,Y,BP,shipping damage - rejected truck,22433,*,09/03/2020,20010.23,AMSC,SN,damaged in transit,CFMS,BRT,, PRINTEL02,20010.24,P043,RS,PRINTEL02
AM00768,M3,VW80538,A1,WV8A343,AMERICAN MACHINE WORKS INC (AMW),08/17/2020,384,N,SW,PRICE DISPUTE - $384.00,0,*,09/04/2020,384,AMAZ,SV,CREDIT,SWCK,ETY,, AMERIPH20,6208,A394,RS,AMERIPH18
AM00769,M5,VW60734,A1,WV6A577,GORMAN INDUSTRIAL,08/17/2020,143.64,N,SW,SAMPLE - 6 RL,177.3,*,08/28/2020,143.64,AMAZ,SV,CREDIT SAMPLE ,SWCK,EHB,, GORMAEP01,13453.04,G210,RS,GORMAEP01
AM00770,M1,VB61718,A1,BV5A379,PRINTPACK,08/18/2020,2131.68,N,BP,"pallet billed but still in inventory
Printpack short paid S000103940. 
POD signed showing it was received by warehouse and warehouse confirmed it is no longer there. Printpack needs to pay for pallet. ",2175,D,10/23/2020,0,AMSC,SN,denied,CFMS,BRT,, WESTSWA03,6306.95,P043,RS,PRINTRH04
AM00771,P1,VB50992,A1,BV4A711,KENDALL PACKAGING CORP,08/18/2020,447.6,N,BP,baggy edge - 320 lbs + 30 minutes downtime roll #0051200366,320,*,09/21/2020,447.6,AMJK,AM,202000233 baggy edge scrap,CFGT,AA,, KENDAJE01,3795.33,K005,RS,KENDAME01
AM00772,P1,VB21095,A1,BV1A409,SPEAR DBA MULTI COLOR,08/19/2020,778.86,N,BP,Baggy edge ,795.57,*,08/31/2020,778.86,AMJK,KS,512 baggy,CFLD,TL,, SPEARFU01,36542.15,S699,RS,SPEARFU01
AM00773,P1,VB50644,A1,BV3A983,SPEAR DBA MULTI COLOR,08/19/2020,947.55,N,BP,Baggy edge ,1025.48,*,08/31/2020,947.55,AMJK,KS,#514 baggy edge,CFLD,TL,, SPEARFU01,25111.55,S699,RS,SPEARFU01
AM00774,P1,VB80437,A1,BV7A534,SPEAR DBA MULTI COLOR,08/19/2020,922.45,N,BP,"Wax coating at mill splice across entire web
Lot ID: 0071302884",1049.34,*,10/02/2020,922.37,AMJK,KS,522/523 wax coating/ baggy edge,CFLD,TL,, SPEARFU01,32264.57,S699,RS,SPEARFU01
AM00774,P1,VB80437,A2,BV7A534,SPEAR DBA MULTI COLOR,08/19/2020,896.44,N,BP,Baggy edge,1019.84,*,10/02/2020,896.44,AMJK,KS,522/523 wax coating/ baggy edge,CFLD,TL,, SPEARFU01,32264.57,S699,RS,SPEARFU01
AM00775,P1,VB20815,A2,BV1A260,TRANSCENDIA,08/19/2020,493.41,N,BP,"Blocking Issue which is causing ripouts on material received - pictures attached
Inteplast Lot S000093266 (Transcendia # 2002203451)  
Process & Handling :  	 $ 82.00 ",382,*,09/03/2020,493.42,AMSC,PV,0828AE blocking issues,CFJM,SP,, TRANSGR03,2526.64,T025,RS,TRANSGR03
AM00776,T1,VW80698,A1,WV8A174,ORORA NORTH AMERICA,08/20/2020,5363.2,Y,SW,"DAMAGED IN TRANSIT- ENTIRE T/L

INSURANCE COMPANY ON INSPECTION, 9/18 ",4745,*,11/03/2020,5363.2,AMJK,JZU,"GILTNER - RTN HLP 320 CS -S, ELB051 80 RL-S, ELB063 80 RL-S, EHB080 80 RL-S, EHB090 80RL-S, and EHB075 560 RL-S",SWDP,HLP,, ASSOCST06 KENTHTR01 WESTSLO01,5363.2,K103,RS,KENTHTE04
AM00776,T1,VW80700,A1,WV8A340,ASSOCIATED PACKAGING,08/19/2020,14420,Y,SW,"DAMAGED IN TRANSIT- ENTIRE T/L

INSURANCE COMPANY ON INSPECTION, 9/18 ",16548,*,11/03/2020,14420,AMJK,EV,"GILTNER - RTN HLP 320 CS -S, ELB051 80 RL-S, ELB063 80 RL-S, EHB080 80 RL-S, EHB090 80RL-S, and EHB075 560 RL-S",SWMD,EHB,, ASSOCST06 KENTHTR01 WESTSLO01,14420,A696,RS,ASSOCST06
AM00776,T1,VW80701,A1,WV8A365,ASSOCIATED PACKAGING,08/19/2020,10576,Y,SW,"DAMAGED IN TRANSIT- ENTIRE T/L,
INSURANCE COMPANY ON INSPECTION, 9/18 ",11230,*,11/03/2020,10576,AMJK,EV,"GILTNER - RTN HLP 320 CS -S, ELB051 80 RL-S, ELB063 80 RL-S, EHB080 80 RL-S, EHB090 80RL-S, and EHB075 560 RL-S",SWMD,ELB,, ASSOCST06 KENTHTR01 WESTSLO01,10576,A696,RS,ASSOCST06
AM00777,DE,VB81111,A1,BV4A712,GATEWAY PACKAGING CO.,08/19/2020,399.58,N,BP,Customer received roll 0070300315 but it was not on packing list ,469,*,08/21/2020,399.59,AMJK,SN,Debit extra roll,CFGT,VS,, GATEWWH01,13595.36,G022,RS,GATEWGC01
AM00778,M0,VW50653,A1,WV5A519,SYSCO DENVER,08/19/2020,299.46,N,SW,UNPAID TAX $299.46,0,D,09/04/2020,0,AMAZ,JZU,DENY,SWSP,,, SYSCODE10,3903.06,SW52,RS,SYSCODE10
AM00779,M0,VW50730,A1,WV5A577,SYSCO CENTRAL ILLINOIS - 194,08/19/2020,1473.88,N,SW,UNPAID TAX $1473.88,0,D,09/04/2020,0,AMJK,JZU,DENY,SWSP,,, SYSCOLI08,19339,SW67,RS,SYSCOLI08
AM00780,P1,VB40530,A2,BV2A703,FORT DEARBORN COMPANY,08/19/2020,20.68,N,BP,"roll has hard wrinkles
0041300460",18,*,09/18/2020,20.68,AMJK,KS,412175/412247/412243,CFDP,VS,, FORTDBG01,10260.2,F255,RS,FORTDBG01
AM00780,P1,VB51371,A2,BV3A358,FORT DEARBORN COMPANY,08/19/2020,333.13,N,BP,"One roll 0031102454 is loose and telescoping.
One roll 0051101301 has a spot which is causing web breaks.",315,*,09/18/2020,333.13,AMJK,KS,412175/412247/412243,CFDP,PL,, FORTDBG01,16172.1,F255,RS,FORTDBG01
AM00780,P1,VB70418,A2,BV4A533,FORT DEARBORN COMPANY,08/19/2020,88.73,N,BP,roll causing web breaks on press,121,*,09/18/2020,88.73,AMJK,KS,412175/412247/412243,CFDP,VS,, FORTDBG01,11022.75,F255,RS,FORTDBG01
AM00781,M0,VW50852,A1,WV5A653,SYSCO NORTH TEXAS - 006,08/19/2020,1473.87,N,SW,UNPAID TAX $1473.87,0,D,09/04/2020,0,AMJK,JZU,DENY,SWSP,,, SYSCOLE08,19338.99,SX06,RS,SYSCOLE08
AM00782,M0,VW60283,A1,WV6A182,"SYSCO SOUTHEAST FLORIDA, LLC 032",08/19/2020,1250.56,N,SW,UNPAID TAX $1250.56,0,D,09/04/2020,0,AMJK,JZU,DENY,SWSP,,, SYSCORB08,19115.68,SW61,RS,SYSCORB08
AM00783,M0,VW61101,A1,WV6A995,SYSCO CENTRAL TEXAS,08/19/2020,2719.43,N,SW,UNPAID TAX - $2719.43,0,D,09/04/2020,0,AMJK,JZU,DENY,SWSP,,, SYSCONB03,35682.27,SW02,RS,SYSCONB03
AM00784,M0,VW70042,A1,WV6A884,DOERLE FOOD SERVICE       ***AMTOPP***,08/19/2020,621.37,N,SW,UNPAID TAX - $621.37,0,D,09/04/2020,0,AMJK,JZU,DENY,SWSP,,, DOERLBR08,7564.09,SX11,RS,DOERLBR08
AM00785,T3,VW80469,A1,WV8A173,KENT H LANDSBERG BUSINESS CENTER,08/20/2020,0,Y,SW,RITE AID DO NOT HAVE ENOUGH SPACE TO ACCEPT MATERIAL UNTIL 8/25,0,*,09/25/2020,0,AMJK,JZU,PAPERWORK FOR RE-DELIVERY ONLY,SWDP,PSB,, RITEALA01,24279.84,K103,RS,KENTHMO04
AM00786,M1,VW80275,A1,WV7A279,CROWN PACKAGING CORP.,08/20/2020,2142,Y,SW,"KEY IN ERROR - WRONG MATERIAL, SHOULD BE 51GA",2520,*,09/25/2020,2142,AMJK,MN,"RTN 85-G, 15-S",SWMZ,EHB,, CROWNTR02,2142,C150,RS,CROWNCH02
AM00787,P1,VB80476,A1,BV6A819,KENDALL PACKAGING CORP,08/20/2020,285.32,N,BP,"scratches - 136 lbs + 30 minute downtime
requested sample of unprinted film be sent to plant",136,*,10/02/2020,285.32,AMJK,AM,202000236 scratches,CFGT,AA,, KENDAJE01,15468.27,K005,RS,KENDAME01
AM00788,P1,VB71130,A1,BV6A372,KENDALL PACKAGING CORP,08/20/2020,500.23,N,BP,"BAD EDGES/WRINKLES - 535 lbs 
pictures attached",535,*,09/21/2020,500.23,AMJK,AM,202000237 bad edge/wrinkles,CFGT,AA,, KENDAJE01,10354.19,K005,RS,KENDAME01
AM00789,M5,VW50765,A1,WV5A305,CROWN PACKAGING CORP.,08/20/2020,46.27,N,SW,SAMPLE - 2 CS,54,*,09/04/2020,46.27,AMJK,MN,CREDIT,SWBU,HSB,, CROWNEV01,3331.73,C150,RS,CROWNCH02
AM00790,P1,VB71843,A1,BV5A822,AMERICAN PACKAGING CORP.,08/21/2020,813.73,N,BP,AMJK- TD18- 817 lbs. rejected due to wrinkles.,817,*,09/21/2020,813.73,AMJK,YM,#504 wrinkles,CFGF,TD,, BADGEFR02,5499.91,A050,RS,AMERICO05
AM00791,P1,VB71480,A1,BV5A560,AMERICAN PACKAGING CORP.,08/21/2020,0,N,BP,"AMSC- SP12- Pallet S000104123-  SUPPLIER SPLICE CAUSING A WEB BREAK
Operators could not salvage the splice and did not document a web break correctly, so I'm filing this as an informational complaint only. Please provide a review of your root cause investigation and corrective action, to close this issue.

",1288,*,09/03/2020,0,AMSC,YM,web break,CFGF,,, AMERIDM08,5665.66,A050,RS,AMERISC01
AM00792,M4,VB71894,A1,BV7A779,TRANSCENDIA,08/24/2020,371.31,N,BP,"Greenville  Hot order .   66"" wide  SP12   x   31.25"" wide will be shipped to Rancho.   Rancho will slit to   55"" wide and  11"" wide offcut.   The   11"" wide offcut , will be requested for return/credit.",368,*,09/03/2020,371.31,AMSC,PV,offcut ,CFJM,SP,, TRANSRC02,4359.89,T025,RS,TRANSRC02
AM00793,M5,VB40492,A1,BV1A462,AMERICAN PACKAGING CORP.,08/25/2020,1830.69,N,BP,Discount charge for Citibank payment.,0,*,09/01/2020,1830.69,AMJK,YM,citibank discount,CFGF,,, AMERICO05 AMERIDM06 AMERIDM08 BADGEFR02,20389.63,A050,RS,AMERISC01
AM00793,M5,VB40748,A1,BV2A740,AMERICAN PACKAGING CORP.,08/25/2020,1701.75,N,BP,Discount charge for Citibank payment.,0,*,09/01/2020,1701.75,AMJK,YM,citibank discount,CFGF,,, AMERICO05 AMERIDM06 AMERIDM08 BADGEFR02,8394.21,A050,RS,AMERISC01
AM00793,M5,VB40934,A2,BV4A408,AMERICAN PACKAGING CORP.,08/25/2020,1271.15,N,BP,Discount charge for Citibank payment.,0,*,09/01/2020,1271.15,AMSC,YM,citibank discount,CFGF,,, AMERICO05 AMERIDM06 AMERIDM08 BADGEFR02,31468.86,A050,RS,AMERICO05
AM00793,M5,VB51314,A1,BV2A521,AMERICAN PACKAGING CORP.,08/25/2020,46.91,N,BP,Discount charge for Citibank payment.,0,*,09/01/2020,46.91,AMJK,YM,citibank discount,CFGF,,, AMERICO05 AMERIDM06 AMERIDM08 BADGEFR02,6557.41,A050,RS,AMERICO05
AM00793,M5,VB51735,A1,BV4B137,AMERICAN PACKAGING CORP.,08/25/2020,1702.66,N,BP,Discount charge for Citibank payment.,0,*,09/01/2020,1702.66,AMJK,YM,citibank discount,CFGF,,, AMERICO05 AMERIDM06 AMERIDM08 BADGEFR02,4167.21,A050,RS,AMERICO05
AM00793,M5,VB62095,A1,BV5A329,AMERICAN PACKAGING CORP.,08/25/2020,1367.25,N,BP,Discount charge for Citibank payment.,0,*,09/01/2020,1367.25,AMSC,YM,citibank discount,CFGF,,, AMERICO05 AMERIDM06 AMERIDM08 BADGEFR02,12151.57,A050,RS,AMERISC01
AM00793,M5,VB70391,A1,BV6A962,AMERICAN PACKAGING CORP.,08/25/2020,149.51,N,BP,Discount charge for Citibank payment.,0,*,09/01/2020,149.51,AMSC,YM,citibank discount,CFGF,,, AMERICO05 AMERIDM06 AMERIDM08 BADGEFR02,20989.18,A050,RS,AMERICO05
AM00793,M5,VB70408,A1,BV4A504,AMERICAN PACKAGING CORP.,08/25/2020,33.78,N,BP,Discount charge for Citibank payment.,0,*,09/01/2020,33.78,AMJK,YM,citibank discount,CFGF,,, AMERICO05 AMERIDM06 AMERIDM08 BADGEFR02,4575.62,A050,RS,AMERICO05
AM00794,P1,VB61704,A1,BV4A505,3M COMPANY - ACCOUNTS PAYABLE,08/25/2020,798.41,N,BP,"here is a ridge or the film is curled up on one edge of the jumbo that causes issues during the next processing step and causes a wrinkled output that cannot be used.
Pictures attached and sample being sent to plant",964.26,*,09/21/2020,798.41,AMJK,KS,MBAR-BSKQCN hard ridge,CFDP,TT,, 3MCOMBR02,4188.02,M281,RS,3MCOMSP03
AM00795,DE,VB51395,A1,BV4B103,PRINTPACK METALLIZING - FRITO,08/25/2020,6843.02,N,BP,"NWF18 material used for Stripe in May = 39,103 lbs
Need to issue a debit for the price  difference between $1.565/lb and $1.74/lb = $0.175/lb",39103,*,09/03/2020,6843.03,AMSC,DB,NWF18 stripe debit May,CFMS,NWF,, PRINTVR39,20545.32,P043,RS,PRINTVR39
AM00796,DE,VB71934,A1,BV6A735,PRINTPACK METALLIZING - FRITO,08/25/2020,4997.82,N,BP,"NWF18 material used for Stripe in July = 28,559 lbs
Need to issue a debit for the price  difference between $1.565/lb and $1.74/lb = $0.175/lb",22992,*,09/03/2020,4997.83,AMSC,DB,NWF18 Stripe debit July,CFMS,NWF,, PRINTVR39,35982.48,P043,RS,PRINTVR39
AM00797,M4,VB61156,A2,BV5A916,PRINTPACK METALLIZING - FRITO,08/25/2020,3801.35,N,BP,"Wrong quantity of Stripe invoiced on June invoice
Credit to offset difference
Correct quantity = 21,722 lbs
Incorrect quantity = 31,726 lbs",21722,*,09/01/2020,3801.35,AMSC,DB,Credit to offset incorrect stripe debit,CFMS,NWF,, PRINTVR39,49651.19,P043,RS,PRINTVR39
AM00798,M6,VW80121,A1,WV7A863,AAA BOX COMPANY,08/25/2020,903.48,N,SW,SALES REP ERROR- BASE PRICE SHOULD MATCHED WITH CA PRICING,0,*,09/04/2020,903.48,AMJK,SV,CREDIT,SWPBS,EHB,, AAABOHO03,25572.88,A767,RS,CONTIHO16
AM00798,M6,VW80672,A1,WV7A863,AAA BOX COMPANY,08/25/2020,139.92,N,SW,SALES REP ERROR - BASE PRICE SHOULD MATCHED WITH CA PRICING,0,*,09/04/2020,139.92,AMJK,SV,CREDIT,SWPBS,HCB,, AAABOHO03,3872.4,A767,RS,CONTIHO16
AM00799,M3,VD80337,A1,DV7A055,INDUSTRIAS DE PLASTICOS SA DE CV,08/26/2020,54.93,N,CT,PRICE DISPUTE - $54.93,0,*,09/09/2020,54.93,AMJK,BO,CREDIT,CTJO,,, INPLATE01,57915,L00D,RS,LOBLABR0C
AM00800,P1,VB51919,A1,BV3A197,AMERICAN PACKAGING CORP.,08/28/2020,1047.51,N,BP,AMJK- BA30- Pallet 0004216704 rejected due to corrugated wrinkles on operator side of raw material causing wrinkles in print.,0,*,09/21/2020,1047.51,AMJK,YM,#7533 wrinkles,CFGF,BA,, AMERICH55,30660.34,A050,RS,AMERISC01
AM00801,P1,VB61120,A2,BV5A391,PRINTPACK,09/22/2020,1788.59,N,BP,crushed core (invoice for credit purposes - see VB80323),0,*,09/22/2020,1788.59,AMSC,SN,17-2061 crushed core,CFMS,,, WESTSWA03,10192.52,P043,RS,PRINTRH04
AM00801,P1,VB80323,A1,BV5A391,PRINTPACK,08/28/2020,0,N,BP,"AMSC- BRT25- Pallet S000103569 crushed core can't get pipe out of roll.
returned to plant but adjusted out of system when received not using sales return function",1664,*,09/22/2020,0,AMSC,SN,17-2061 crushed core,CFMS,BRT,, WESTSWA03,1401.09,P043,RS,PRINTRH04
AM00802,P1,VB70393,A1,BV6A537,"CENTRAL DE EMPAQUES,SOCIEDAD ANONIMA",08/28/2020,382.95,N,BP,reel low rewinding tension,0,*,09/21/2020,382.95,AMJK,PV,802-R-PRO-250 low tension,AMJO,BB,, CENTRGU01,30240.58,C031,ES,CENTRGU01
AM00803,M0,VW21232,A1,WV2A569,PINELAND PAPER,08/30/2020,3675.76,Y,SW,"CUSTOMER ORDER BY MISTAKE - 160 RL, CHARGE 10% RESTOCKING FEE $431.20 AND RETURN FREIGHT $205.04",4444,*,09/25/2020,3675.76,AMJK,EV,"RTN 160-G, DEDUCTED 10% RESTOCKING FEE $431.20 AND RETURN FREIGHT $205.04",SWKM,AM1,, PINELLY02,23953.48,P336,RS,PINELLY02
AM00804,DE,VW80691,A1,WV8A302,GEN PAC,08/30/2020,1428.4,N,SW,"CUSTOMER UNLOADING ERROR - 40 RL, DIVERT NEEDED
PALLET # 0800206425. ",1536,*,09/22/2020,1428.4,AMJK,EV,DEBIT FOR PLT #0800206425.,SWCG,EPB,, GENPAJA02,18324,G197,RS,GENPATU02
AM00805,P1,VB70792,A1,BV3A623,FORT DEARBORN,08/31/2020,412.13,N,BP,"Wrinkles were found
0041102920",375,*,09/18/2020,412.13,AMJK,KS,411737 wrinkles,CFDP,YCL,, FORTDFW01,46796.52,F255,RS,FORTDFW01
AM00806,P1,VB10318,A1,BUCA437,FORT DEARBORN,08/31/2020,585.11,N,BP,Wrinkles - 9121101594,488,*,09/21/2020,585.11,AMJK,KS,411802 wriinkles,CFDP,YCL,, FORTDFW01,50862.78,F255,RS,FORTDFW01
AM00807,M2,VB81327,A1,BV6A664,PLASTIC CONNECTIONS,08/31/2020,357.57,N,BP,Order shipped out priced at $.897 when it should have been priced at $.852 for August pricing of BFP35. (please fill out MCAR),7946,*,09/03/2020,357.57,AMJK,SN,price,CFDH,BFP,, PLASTSF10,7127.56,P905,RS,PLASTSF10
AM00808,M3,VW80835,A1,WV7A995,BRECKENRIDGE PAPER & PACKAGING,08/31/2020,438.4,N,SW,PRICE DISPUTE - $22.82 ROLL,0,*,09/09/2020,438.4,AMJK,CSM,CREDIT,SWMZ,HLP,, BRECKRO02,11967.2,B121,RS,BRECKHU01
AM00809,T1,VB80925,A1,BV3A299,GARLOCK PRINTING & CONVERTING CORP,08/31/2020,1184.4,Y,BP,damaged in transit - returned to plant by CHR,1200,*,09/03/2020,1184.4,AMJK,AM,damaged in transit,CFDH,CL,, GARLOGA05,15024.11,G002,RS,GARLOGA01
AM00809,T1,VB80927,A1,BV7A339,GARLOCK PRINTING & CONVERTING CORP,08/31/2020,4405.97,Y,BP,damaged in transit- returned to plant by CHR,4464,*,09/03/2020,4405.96,AMJK,AM,damaged in transit,CFDH,CL,, GARLOGA05,19398.5,G002,RS,GARLOGA01
AM00810,T1,VB81483,A1,BV8A027,"PLASTIC SUPPLIERS, INC.",08/31/2020,0,N,BP,damaged in transit. No dollar claim at this time as material was accepted. Will advise if future claim  is required.,0,*,10/13/2020,0,AMJK,DB,damaged - $0,CFGF,BA,, PLASTCO09,6723.65,P049,RS,PLASTCO07
AM00811,P1,VW80889,A1,WV7A450,ANHEUSER-BUSCH,10/19/2020,2323.2,Y,SW,BREAKING - 80 RL,2978.64,*,10/29/2020,2323.2,AMAZ,SV,RTN 80 RL BACK TO FG,SWSP,EHB,, ANHEUVN03,30201.6,A977,RS,ANHEUSL09
AM00812,P1,VW50232,A1,WV4A632,PREMIERE PACKAGING INDUSTRIES,09/01/2020,1949.7,Y,SW,BREAKING - 97 RL,2407.73,*,10/14/2020,1949.7,AMAZ,JJK,"RTN 7-S, 90-G",SWDP,EHB,, PREMIBP01,20100,P815,RS,PREMIBP01
AM00813,P1,VW50335,A1,WV5A240,PREMIERE PACKAGING INDUSTRIES,09/01/2020,6030,Y,SW,BREAKING - 300 RL,6030,*,12/03/2020,0,AMAZ,JJK,COMPLAINT CANCELLED ,SWDP,EHB,, WESTENL01,6030,P815,RS,PREMIBP01
AM00814,M7,VW80541,A1,WV8A349,PAK WEST PAPER & PACKAGING,10/05/2020,17304,Y,SW,BREAKING - 560 RL,20850.48,*,10/21/2020,17304,AMJK,JZU,"RTN AMAZ 35-S, 234-G | AMJK 560-G",SWDP,EHB,, PAKWESA01,32268.32,P742,RS,PAKWESA01
AM00814,P1,VW60583,A1,WV6A404,PAK WEST PAPER & PACKAGING,09/01/2020,6734.89,Y,SW,GEL/GUAGE BAND - 229 RL,8526,*,10/21/2020,6734.89,AMAZ,JZU,"RTN AMAZ 35-S, 234-G | AMJK 560-G",SWDP,EHB,, PAKWESA01,25413.2,P742,RS,PAKWESA01
AM00814,P1,VW70465,A1,WV6A805,PAK WEST PAPER & PACKAGING,09/15/2020,1176.4,Y,SW,GEL/GUAGE BAND - 40 RL,1489.32,*,10/21/2020,1176.4,AMAZ,JZU,"RTN AMAZ 35-S, 234-G | AMJK 560-G",SWDP,EHB,, PAKWESA01,23528,P742,RS,PAKWESA01
AM00815,P1,VB60120,A1,BV4A287,"POLY PRINT,INC.",09/01/2020,0,N,BP,baggy film - 5 partial rolls rejected,0,*,09/21/2020,0,AMJK,SN,baggy,CFDH,BA,, POLYPTU05,7498.9,P038,RS,POLYPTU05
AM00815,P1,VB61703,A1,BV4A290,"POLY PRINT,INC.",09/01/2020,2086.08,N,BP,Baggy film - 5 partial rolls rejected,2544,*,09/21/2020,2086.08,AMJK,SN,baggy,CFDH,BA,, POLYPTU05,2898.7,P038,RS,POLYPTU05
AM00816,P1,VB80588,A1,BV6A817,TRANSCENDIA,09/01/2020,228.51,N,BP,"Defect found mid-way down the Master Roll - circular indentations/pin holes or some form of gel spot.  Roll was fine up to this point.
Claim is for 76LBS of the Master Roll and 4 small slit rolls of 35LBS each - Total 216LBS.
Inteplast Ref #: 0004253400    (Transcendia Lot # 2008636123)  ",216,*,10/02/2020,228.51,AMJK,PV,089B7D  pin holes/gel spot,CFJM,CL,, TRANSGR03,12212.06,T025,RS,TRANSGR03
AM00817,DE,VW81186,A1,WV8A557,SYGMA,09/01/2020,1100,N,SW,"CUSTOMER ORDER BY MISTAKE - 4368 RL DIVERT TO ANOTHER SYSCO BRANCH 
DEBIT $1100 DIVERT FREIGHT BILL TO SYGMA ",0,*,09/18/2020,1100,AMJK,JZU,"DEBIT SYGMA FOR RE-CONSIGNMENT DELIVERY CHARGE, AND PAPERWORK FOR DIVERT REF TO SO# WV9A441 ",SWSP,PSB,, SYGMAPR10,19629.3,SW16,RS,SYGMADA04
AM00818,P1,VB70439,A1,BV5A604,PRINTPACK INC (METALLIZING),09/01/2020,66.47,N,BP,"damaged rolls, torn edge, 85lbs raw waste",85,*,09/11/2020,66.47,AMSC,DB,33-51021 torn edge,CFMS,NWP,, PRINTVR11,7844.24,P043,RS,PRINTVR14
AM00819,P1,VB80591,A1,BV6A626,PRINTPACK INC (METALLIZING),09/01/2020,550.71,N,BP,"web break, rough edge, $450 lost time",54,*,09/17/2020,550.71,AMSC,DB,33-51031 rough edge,CFMS,NWP,, PRINTVR11,14054.67,P043,RS,PRINTVR14
AM00820,P1,VB71754,A1,BV7A070,PRINTPACK INC (METALLIZING),09/01/2020,522.52,N,BP,web breaks $436.50 lost time,110,*,09/17/2020,522.52,AMSC,DB,33-51036 web breaks,CFMS,NWP,, PRINTVR11,7858.32,P043,RS,PRINTVR14
AM00821,DE,VB80682,A1,BV7A072,PRINTPACK METALLIZING - FRITO,09/02/2020,1994.65,N,BP,"NWF18 material used for Stripe in August = 11,398 lbs
Need to issue a debit for the price  difference between $1.565/lb and $1.74/lb = $0.175/lb",0,*,09/03/2020,1994.65,AMSC,DB,NWF18 Stripe debit August,CFMS,NWF,, PRINTVR39,11515.27,P043,RS,PRINTVR39
AM00822,P1,VB81684,A1,BV7A372,TRANSCENDIA,09/02/2020,1316.83,N,BP,production put roll in MRB due to a black ring around the profile of the roll .   Claim for return/credit  ,1493,*,09/21/2020,1316.83,AMJK,PV,09ADDC black ring around roll,CFJM,BA,, TRANSRC02,4051.03,T025,RS,TRANSRC02
AM00823,T3,VW90025,A1,WV8A388,SOUTHERNCARLSON (ACCOUNTS PAYABLE ),09/02/2020,4514.4,Y,SW,FEDEX DO NOT DELIVER TO END USER LOCATION,3830,*,09/25/2020,4514.4,AMJK,CY,RTN 360 CS BACK TO FG,SWPB,PSB,, DOLLAAR01,4514.4,C326,RS,SOUTHKC02
AM00824,T3,VW81019,A1,WV8A664,"HUGO'S INDUSTRIAL SUPPLY, INC",09/02/2020,4102.56,Y,SW,FEDEX CAN'T DELIVER TO CUSTOMER'S LOCATION,2796,*,09/30/2020,4102.56,AMJK,CSM,"FEDEX, RTN 1008 RL BACK TO FG",SWPB,PSB,, AMAZOCH07,4102.56,H263,RS,HUGOSIN08
AM00825,M0,VW60536,A1,WV6A425,"SYSCO EASTERN WISCONSIN, LLC 1175",09/02/2020,869.9,N,SW,UNPAID TAX $869.90,0,D,09/09/2020,0,AMJK,JZU,DENY,SWSP,,, SYSCOJA17,16686.3,SW38,RS,SYSCOJA17
AM00826,M0,VW60611,A1,WV6A359,SYSCO SAN DIEGO - 036,09/02/2020,1833.08,N,SW,UNPAID TAX - $1833.08,0,D,09/09/2020,0,AMAZ,JZU,DENY,SWSP,,, SYSCOPO05,25485.8,SW91,RS,SYSCOPO05
AM00827,M0,VW70191,A1,WV7A048,SYSCO ARKANSAS - 029,09/02/2020,324.32,N,SW,UNPAID TAX - $324.32,0,D,09/09/2020,0,AMJK,JZU,DENY,SWSP,,, SYSCOLR06,3927.92,SW84,RS,SYSCOLR06
AM00828,M0,VW70809,A1,WV7A075,SYSCO EASTERN MARYLAND,09/02/2020,993.22,N,SW,UNPAID TAX - $993.22,0,D,09/09/2020,0,AMJK,JZU,DENY,SWSP,,, SYSCOPC16,17546.92,SW24,RS,SYSCOPC16
AM00829,R1,VB80186,A1,BV6A308,PRINTPACK VR2(CONSGT-AMSC)GMI,09/03/2020,17086.8,N,BP,"PPK VR2 Consignment Storage Allowance - Aug 2020
CWS, VA and MTF
Total lbs: 1,708,680.27 lb. 
Credit: $0.01/lb. 
Total credit: $17,086.80",1708680.27,*,09/11/2020,17086.8,AMSC,SN,Aug 2020 consignment storage rebate,CFMS,CWS,, PRINTVR25,40827,P043,RS,PRINTVR24
AM00830,R1,VB80366,A1,BV4A089,FORT DEARBORN COMPANY,09/03/2020,6583,N,BP,"Fort Dearborn Concession Rebate - Aug 2020
Payment of $6583.00 per month due to Fort Dearborn as per Concession ",0,*,09/11/2020,6583,AMJK,KS,August 2020 concession rebate,CFDP,PL,, FORTDBG01,20047.72,F255,RS,FORTDBG01
AM00831,R1,VB41189,A1,BV1A802,FORT DEARBORN COMPANY,09/03/2020,19930.27,N,BP,"PepsiCo Beverage Rebate - Q2 2020
Films sold to Fort Dearborn
TA57 = 45,766 lb. 
YCL80 = 4,274 lb.
Total lbs = 50,040 lb. 
Total rebate = $19,930.27.",50040,*,09/11/2020,19930.27,AMJK,KS,Q2 2020 Pepsico rebate,CFDP,TA,, FORTDLA01,45597.5,F255,RS,FORTDLA01
AM00832,DE,VB51840,A1,BV2B020,FORT DEARBORN COMPANY,09/03/2020,27459.6,N,BP,"Fort Dearborn Debit - Q2 2020
Films shipped to Pepsi Co
TA57 Sheets = 45,766 lb. 
Owed: $0.60/lb 
Total owed: $27,459.60
",45766,*,09/11/2020,27459.6,AMJK,KS,Q2 2020 Pepsico debit,CFDP,TA,, FORTDLE02 FORTDSP01,50904.1,F255,RS,FORTDSP01
AM00832,DE,VB60879,A1,BV4A099,FORT DEARBORN COMPANY,09/03/2020,3688.46,N,BP,"YCL80 rolls = 4,274 lb. 
Owed: $0.863/lb. 
Total owed= $3,688.46

Grand Total = $31,148.06",4274,*,09/11/2020,3688.46,AMJK,KS,Q2 2020 Pepsico debit,CFDP,YCL,, FORTDLE02 FORTDSP01,35659.32,F255,RS,FORTDLE01
AM00833,P1,VB70546,A1,BV4B161,PRINTPACK,09/03/2020,0,N,BP,"AMJK- MRT18- Pallet 0004231658 Rejected. Failed ink adhesion. Despite sitting for a week, adhesion never improved. 
(need additional invoice for credit)",0,*,12/16/2020,0,AMJK,SN,17-2064 MRT failed ink adhesion ,CFMS,MRT,, PRINTRH04,1670.56,P043,RS,PRINTRH04
AM00833,P1,VBC0162,A1,BVBA246,PRINTPACK,12/15/2020,4004.44,N,BP,MRT18 failed ink adhesion (credit for VB70546),0,*,12/16/2020,4004.44,AMSC, YM,17-2064 MRT failed ink adhesion ,CFMS,,, PRINTRH04,11100.87,P043,RS,PRINTRH04
AM00834,R1,VB81202,A1,BV6A935,TRANSCENDIA,09/04/2020,56814.51,N,BP,"Transcendia Aug 2020 Rebate
All Films 
Total lbs: 946,908.42lb. 
Rebate: $0.06/lb. 
Total rebate: $56,814.51",946908.42,*,09/11/2020,56814.51,AMJK,PV,Aug 2020 rebate,CFJM,SP,, TRANSFP02,2439.32,T025,RS,TRANSFP02
AM00835,M3,VW70895,A1,WV6A988,"FALCON PACKAGING & CONVERTING, LTD.",09/08/2020,278.4,N,SW,"ORDER CHANGED FROM 5 TO 10 PLTS, CREDIT DIFFERENCE IN UP-CHARGE BRACKET",0,*,09/18/2020,278.4,AMJK,CSM,CREDIT,SWPBS,HTK,, FALCOHO01,16036.8,F317,RS,FALCOHO01
AM00836,M0,VW60809,A1,WV6A637, SYSCO ALASKA - 450,09/08/2020,1473.36,N,SW,UNPAID TAX - $1473.36,0,D,09/18/2020,0,AMAZ,JZU,DENY,SWSP,,, PRODUPU02,16355.76,SW99,RS,SYSCOAN06
AM00837,P1,VB81258,A1,BV6A007,KENDALL PACKAGING CORP,09/08/2020,452.11,N,BP,AA30- baggy edge 367 lbs + 15 min downtime + 12 lbs loss,367,*,09/21/2020,452.11,AMJK,AM,202000283 baggy edge,CFGT,AA,, KENDAJE01,5053.61,K005,RS,KENDAME01
AM00838,P1,VB71133,A3,BV6A684,AVERY DENNISON,09/09/2020,3760.02,N,BP,"Pallet S000106063 has defect with tin canning. 3864 lbs
Claim amount: $3,760.02 picture attached. No unconverted film available to be returned",3864,*,10/06/2020,3760.06,AMSC,AH,AD-20-02941 tin canning,CFTO,BNY,, AVERYME09,36872.64,A455,RS,AVERYME09
AM00839,T3,VW90135,A1,WV8A388,SOUTHERNCARLSON (ACCOUNTS PAYABLE ),09/09/2020,4514.4,Y,SW,FEDEX DO NOT DELIVER TO END USER LOCATION,3825.7,*,09/25/2020,4514.4,AMJK,CY,RTN 360 CS BACK TO FG,SWPB,PSB,, DOLLAAR01,4514.4,C326,RS,SOUTHKC02
AM00840,M4,VW80063,A2,WV7A681,SYSCO LONG ISLAND - 306,09/09/2020,1540.86,N,SW,CREDIT SALES TAX TO SYSCO - REF# AM00717,0,*,09/18/2020,1540.86,AMJK,JZU,CREDIT FOR TAX,SWSP,,, SYSCOCI12,19405.98,SX00,RS,SYSCOCI12
AM00841,P1,VB71026,A1,BV7A276,BL PLASTIC SLITTING & CONVERTING LLC,09/09/2020,264.5,N,BP,230 lbs was rejected due to wrinkles,230,*,09/18/2020,264.5,AMJK,LA,wrinkles,HQLA,SP,, BLPLAEH01,1435.2,B491,RS,BLPLAEH01
AM00842,M0,VW70436,A1,WV7A146,SYSCO GRAND RAPIDS,09/09/2020,108.11,N,SW,UNPAID TAX - $108.11,0,D,09/18/2020,0,AMJK,JZU,DENY,SWSP,,, SYSCOGR07,1909.91,SW03,RS,SYSCOGR07
AM00843,M0,VW70939,A2,WV7A493,SYSCO HOUSTON,09/09/2020,115.76,N,SW,UNEARNED DISCOUNT - $115.76,0,D,09/18/2020,0,AMJK,JZU,DENY,SWSP,,, SYSCOHO08,32580.65,SW06,RS,SYSCOHO08
AM00843,M6,VW70939,A1,WV7A493,SYSCO HOUSTON,09/09/2020,2483.05,N,SW,UNPAID TAX - $2483.05,0,D,09/18/2020,0,AMJK,JZU,DENY,SWSP,,, SYSCOHO08,32580.65,SW06,RS,SYSCOHO08
AM00844,P1,VB70627,A1,BV6A591,AVERY DENNISON,09/09/2020,8155.2,N,BP,"AMSC- cross web scratches - laminated material $8155.20
return 31 rolls in inventory",0,*,10/15/2020,8155.2,AMSC,AH,AD-20-02951 20 rolls + laminated material,CFTO,BNY,, AVERYME09,36758.2,A455,RS,AVERYME09
AM00844,P1,VB71029,A1,BV7A430,AVERY DENNISON,09/10/2020,1699.32,Y,BP,AMSC BNY50 CROSS CUT SCATCHES,1960,*,10/15/2020,0,AMSC,AH,AD-20-02951 20 rolls + laminated material,CFTO,BNY,, AVERYME09,10237.54,A455,RS,AVERYME09
AM00844,P1,VB90001,A1,BV8A425,AVERY DENNISON,09/10/2020,34081.77,Y,BP,AMSC  BNY cross web scratches,39310,*,10/15/2020,18728.93,AMSC,AH,AD-20-02951 20 rolls + laminated material,CFTO,BNY,, AVERYME09,34081.77,A455,RS,AVERYME09
AM00844,P1,VB90459,A1,BV6A614,AVERY DENNISON,09/10/2020,16872.69,Y,BP,AMSC BNY50 cross web scratches return inventory to plant,19461,*,10/15/2020,15214.98,AMSC,AH,AD-20-02951 20 rolls + laminated material,CFTO,BNY,, AVERYME09,16872.69,A455,RS,AVERYME09
AM00845,DE,VW90180,A1,WV9A076,"HUGO'S INDUSTRIAL SUPPLY, INC",11/04/2020,576,N,SW,DEBIT HUGO'S FOR RE-DELIVERY FEE $576.00,12648,*,11/11/2020,576,AMJK,CSM,DEBIT,SWPB,PSB,, AMAZOEP01,17435.88,H263,RS,HUGOSIN08
AM00846,P1,VB51815,A1,BV5A167,INLAND,09/10/2020,26413.19,Y,BP,AMJK- width too big - out spec  10 rolls of YCL70 failed out of  20 and 14 out of 18 YCL:80 failed,22719,*,09/25/2020,27352.84,AMJK,AH,25072- rolls too wide,CFLV,YCL,, INLANLC06,45843.37,I524,RS,INLANLC04
AM00846,P1,VB51815,A2,BV5A167,INLAND,09/10/2020,1750,N,BP,AMJK YCL - rolls to wide - 2.5 hours downtime @ $700/hr,0,*,09/25/2020,1109.66,AMJK,AH,25072- rolls too wide,CFLV,YCL,, INLANLC06,45843.37,I524,RS,INLANLC04
AM00847,P1,VB70625,A1,BV5A844,LAMTEC CORPORATION,09/10/2020,1098.69,N,BP,"BAD WIND, DIAGONAL TWISTING
NEAR CORE, WRINKLES IN FILM
REPORT WITH ROLL NUMBERS ATTACHED
Film returned to plant but not keyed back into system",795,*,09/30/2020,1098.69,AMJK,YM,bad wind,CFHC,LU,, LAMTEMB01,59384.54,L185,RS,LAMTEMB01
AM00848,P1,VB61135,A1,BV4B089,"GOLDEN DYNAMIC,INC",09/10/2020,1938.72,N,BP,4 rolls were rejected due to blocking.  Customer is requesting credit and disposition the rejected rolls.,1731,*,10/06/2020,1938.72,AMSC,LA,#3348 blocking,HQLA,SP,, MULTISF01,41928.32,D230,RS,GOLDEGA02
AM00849,M0,UW51319,A2,WU5A915,ERNEST PACKAGING SOLUTIONS,09/10/2020,228.45,N,SW,MISSING 1 PALLET,0,D,09/18/2020,0,AMJK,SV,DENY,SWCK,PSB,, ERNESSL01,5368.04,WA01,RS,ERNESSL01
AM00850,M3,VW30741,A1,WV2B001,NICHOLS PAPER-MEIJER,09/11/2020,473.6,N,SW,WRONG PRICE ON PO - SHOULD BE $7.62/CS,8700,*,09/18/2020,473.6,AMJK,CSM,CREDIT,SWMZ,HLB,, NICHONS01,10227.2,N297,RS,NICHOBR01
AM00850,M3,VW31298,A1,WV3A343,NICHOLS PAPER-MEIJER,09/11/2020,1105.92,N,SW,WRONG PRICE ON PO - SHOULD BE $7.62/CS,20880,*,09/18/2020,1105.92,AMJK,CSM,CREDIT,SWMZ,HLB,, NICHONS01,24514.56,N297,RS,NICHOBR01
AM00851,MP,VB80780,A1,BV7A562,"PRODUCTOS ALIMENTICIOS ""DIANA"" SA DE CV",09/11/2020,1020,N,BP,"This is for demurrage that was incurred when we had to correct the BL for this shipment. The demurrage was because GWF did not released the original on time. GWF gave them 3 more days, but was not enough to get BL on time and avoid charges.  ",0,*,09/15/2020,1020,AMJK,PV,Demurrage charge,AMJO,AA,, PRODUSS02,19304.32,P333,ES,PRODUSS01
AM00852,P1,VB80146,A1,BV6A835,TRANSCENDIA,09/11/2020,823.18,Y,BP,"Blocking issue which is causing tearing - wound too tight.
Inteplast Lot Ref # S000108353 (Transcendia Lot # 2008558732) and # S000108630 (Transcendia Lot # 2008626202)  
",790,*,10/09/2020,823.18,AMSC,PV,0999E5,CFJM,SP,, TRANSGR03,2445.57,T025,RS,TRANSGR03
AM00852,P1,VB80146,A2,BV6A835,TRANSCENDIA,10/09/2020,409,N,BP,downtime,0,*,10/09/2020,409,AMSC,PV,0999E5,CFJM,,, TRANSGR03,2445.57,T025,RS,TRANSGR03
AM00852,P1,VB80363,A1,BV6A835,TRANSCENDIA,09/14/2020,1286.87,Y,BP,blocking - downtime,1235,*,10/09/2020,1286.87,AMSC,PV,0999E5,CFJM,SP,, TRANSGR03,1286.87,T025,RS,TRANSGR03
AM00853,P1,VB80147,A1,BV7A231,TRANSCENDIA,09/11/2020,1532.78,Y,BP,"Blocking issue which is causing tearing - wound too tight. (pictures attached to claim)
nteplast Ref Numbers:  S000108287, S000108237, S000108166, S000108177
Transcendia Lot #'s:  2008558740, 2008558741, 2008558744, 2008558745
",1471,*,10/06/2020,1532.78,AMSC,PV,0985B1 blocking,CFJM,SP,, TRANSGR03,11133.77,T025,RS,TRANSGR03
AM00853,P1,VB80147,A2,BV7A231,TRANSCENDIA,09/14/2020,2241.34,Y,BP,BLOCKING ISSUES-,2151,*,10/06/2020,2241.34,AMSC,PV,0985B1 blocking,CFJM,SP,, TRANSGR03,11133.77,T025,RS,TRANSGR03
AM00853,P1,VB80147,A3,BV7A231,TRANSCENDIA,09/18/2020,858.31,N,BP,blocking,2151,*,10/06/2020,858.31,AMSC,PV,0985B1 blocking,CFJM,SP,, TRANSGR03,11133.77,T025,RS,TRANSGR03
AM00854,P1,VB20815,A3,BV1A260,TRANSCENDIA,09/11/2020,493.41,N,BP,"Blocking issue which is causing tearing - wound too tight. (no pictures attached)
Inteplast Lot Ref # S000093266 (Transcendia Lot # 2002203451)
",382,*,10/06/2020,493.41,AMSC,PV,098203 blocking ,CFJM,SP,, TRANSGR03,2526.64,T025,RS,TRANSGR03
AM00855,P1,VB81088,A1,BV7A020,PRINTPACK INC (VR2),09/11/2020,318.94,N,BP,AMSC- VA15- Pallet S000106767 rejected due to blocking/ web breaks.,370,*,09/17/2020,318.94,AMSC,SN,22-208043 blocking /web breaks,CFMS,VA,, PRINTVR07,10891.37,P043,RS,PRINTVR07
AM00855,P1,VB81088,A2,BV7A020,PRINTPACK INC (VR2),09/11/2020,937.5,N,BP,AMSC- VA15- Pallet S000106767 rejected due to blocking/ web breaks. Loss time charges of $937.50,0,*,09/17/2020,937.5,AMSC,SN,22-208043 blocking /web breaks,CFMS,VA,, PRINTVR07,10891.37,P043,RS,PRINTVR07
AM00856,P1,VB80568,A1,BV6A309,PRINTPACK VR2(CONSGT-AMSC)GMI,09/11/2020,991.2,N,BP,AMSC- CWS23- Pallet S000107970 rejected due to factory splice left film on CYAN plate.,708,*,10/06/2020,991.2,AMSC,SN,22-208033 splice left in film film on plate,CFMS,CWS,, PRINTVR25,15204,P043,RS,PRINTVR24
AM00857,P1,VB11031,A1,BUCA423,TRANSCENDIA,09/11/2020,0,N,BP,"customer complaint for gauge variation in the film which rendered a portion of it unusable to them. We are not doing a claim for this, but would like to bring it to your attention.
Samples were sent: USPS Tracking# 127145410444 ",0,*,09/21/2020,0,AMJK,PV,gauge variation,CFJM,BA,, TRANSGR03,22779.42,T025,RS,TRANSGR03
AM00858,M4,VB42243,A2,BV4B114,"SHURTAPE TECHNOLOGIES, LLC",09/14/2020,14153.51,N,BP,"Showing past due for this invoice, however it was paid and invoiced under VB50127. 
PO was deleted from system. Double billed. ",17582,D,09/15/2020,0,AMSC,KS,Invoiice is valid - claim denied. ,CFTG,TT,, SHURTHU03,14153.51,S321,RS,SHURTHI07
AM00859,P1,VB81777,A1,BV8A745,PRINTPACK INC (METALLIZING),09/14/2020,1098.17,N,BP,something wound in roll causing blocking $283.50 lost time,957,*,09/17/2020,1098.17,AMSC,DB,33-51095 blocking,CFMS,NWP,, PRINTVR11,20884.09,P043,RS,PRINTVR14
AM00860,P1,VB80732,A1,BV6A626,PRINTPACK INC (METALLIZING),09/14/2020,2005.07,N,BP,"AMSC - NWP15 BLOCKING NEAR CORE $1,543.50 LOST TIME
Business decision - samples sent were all metalized and no indication that the base film caused the blocking",334,*,10/06/2020,2005.07,AMSC,DB,33-51092 blocking near core,CFMS,NWP,, PRINTVR11,5621.87,P043,RS,PRINTVR14
AM00861,P1,VB81431,A1,BV7A666,PRINTPACK INC (METALLIZING),09/14/2020,819.81,N,BP,"web break, damaged edge $675 lost time",84,*,10/06/2020,819.81,AMSC,DB,33-51096 web break,CFMS,NWP,, PRINTVR11,6722.07,P043,RS,PRINTVR14
AM00862,M2,VB61877,A1,BV2A811,SONOCO FPD,09/14/2020,229.68,N,BP,Billed at incorrect Price. Billed at 1.18 and s/b $1.12,3828,*,09/28/2020,229.68,AMJK,CJ,price,CFDP,CL,, SONOCMO05,4517.04,SC31,RS,SONOCHA15
AM00863,P1,VB80154,A1,BV7A649,"PLASTIC PACKAGING TECHNOLOGIES, LLC",09/14/2020,756,Y,BP,"One roll at 945 with CD profile/soft edge.
$.80 x 945 = $745",945,D,09/23/2020,0,AMSC,AH,deny claim - set up film,CFRH,BRT,, OHIOLCO01,9292.8,P723,RS,PLASTKC18
AM00864,P1,VB61504,A1,BV5A472,LITTLE RAPIDS CORP,09/14/2020,1219.71,N,BP,"AMJK- baggy film causing wrinkles and waving problems

The partial roll was 9111401998",1119,*,09/21/2020,1219.71,AMJK,AM,20-028 baggy film,CFGT,AA,, LITTLGB01,9529.87,L181,RS,LITTLGB02
AM00865,P1,VB61658,A1,BV3A710,PRINTPACK A/P - SNACKS DIV,09/14/2020,713.86,N,BP,AMJK- HD30- Pallet 0004223899 rejected due to wrinkles showing up closer to the core. This caused press wrinkles. - 353 lbs + dpwntime,353,*,09/21/2020,713.86,AMJK,SN,11-2304 wrinkles,CFMS,HD,, PRINTVR02,27197.04,P043,RS,PRINTVR02
AM00866,M4,VB90561,A1,BV6A887,INTERSTATE PACKAGING,09/15/2020,27448.96,Y,BP,"transfer order from Morristown - did not meet White Castle packing requirements ""Pack 36 rolls per pallet (12 rolls per layer, 3 layer per pallet) and rolls must be individually PE bag wrapped,  so entire shipment was refused. After discussing the issue with production, we made sure all future orders default to JB3. Order BV5A256 will need packing code JB3 as well.
",24640,*,09/25/2020,27448.96,AMJK,AM,returned pallets,CFJM,CL,, INTERWB02,27448.96,I014,RS,INTERWB01
AM00867,P1,VW81262,A1,WV8A443,MID VALLEY PACKAGING & SUPPLY CO.,09/15/2020,888.75,N,SW,HOLES - 25 RL,945.6,*,10/14/2020,888.75,AMAZ,CSM,SSCRAP IN FIELD ,SWMD,EHB,, MIDVAFO01,16900.08,M676,RS,MIDVAFO01
AM00868,M4,VW90476,A1,WV9A441,SYSCO CENTRAL ILLINOIS - 194,09/15/2020,1563.2,N,SW,divert order credit should include the tax but it was not. request additional credit,0,*,09/18/2020,1563.2,AMJK,JZU,Divert order credit should include the tax but it was not. request additional credit,SWSP,,, SYSCOLI08,19428.32,SW67,DS,SYSCOLI08
AM00869,M4,VB90680,A1,BV9A031,AMERICAN FUJI SEAL,09/15/2020,772.82,N,BP,"Our carrier kept missed customer deliver appt. Customer finally had to arranged their own carrier for pick up a truckload quantity to ship from TX to Bardstown, KY.
Credit customer for cost of carrier = $1881 (we already issued 3 c/lb credit on invoice so need to credit balance).  Normal cost for carrier woudl be $2800- $3000
",0,*,09/23/2020,772.82,AMJK,LA,freight credit,HQLA,BA,, AMERIBA04,33664.43,O009,RS,AMERIBA04
AM00870,M3,VB61092,A1,BV2A079,"BEMIS COMPANY,INC",09/15/2020,19645.49,N,BP,Pricing issue- Amcor was overpaying since they were updating priding too late over several months,0,*,10/01/2020,19645.49,AMSC,GO,price,CFGT,SP,, BEMISJO02,51723.81,C035,RS,BEMISNE01
AM00871,P1,VB80109,A1,BV6A243,TRANSCENDIA,09/16/2020,218,N,BP,scratches roll #004256090 downtime,0,*,10/28/2020,218,AMJK,PV,0916C7 SCRATCHES,CFJM,,, TRANSGR03,8647.14,T025,RS,TRANSGR03
AM00871,P1,VB80585,A1,BV6A243,TRANSCENDIA,09/16/2020,1091.92,N,BP,"Scratches on Master Roll received (pictures attached).
Inteplast Lot Ref #: 0004256090 (Transcendia Lot #: 2008636398) 
",1238,*,10/28/2020,1091.92,AMJK,PV,0916C7 SCRATCHES,CFJM,BA,, TRANSGR03,1110.44,T025,RS,TRANSGR03
AM00872,P1,VB72039,A1,BV5A619,TRANSCENDIA,09/16/2020,679.96,N,BP,"Scratches on Master Roll received (pictures attached).
Inteplast Lot Ref #: 0074100132 (Transcendia Lot #: 2008553553)      
",667,*,10/09/2020,679.96,AMJK,PV,0907C5 scratches,CFJM,CL,, TRANSGR03,2201.5,T025,RS,TRANSGR03
AM00873,M4,VW80630,A1,WV8A374,ERNEST PACKAGING SOLUTIONS,09/16/2020,2553.28,Y,SW,"CUSTOMER RETURN 79 RL, WAIVED RETURN FREIGHT AND RESTOCKING FEE",2528,*,10/05/2020,2553.28,AMAZ,SV,RTN 79 RL BACK TO FG,SWCK,ETK,, ERNESTO01,2585.6,E386,RS,ERNESCO01
AM00874,M4,VW70497,A1,WV7A184,NEWAY PACKAGING CORP.,09/16/2020,460,N,SW,"SHIPPED 40 EA, BUT BILLED AS 120 EA",80,*,09/25/2020,460,AMJK,SV,CREDIT,SWCK,RLS,, AMERIDE21,690,N150,RS,NEWAYRD01
AM00875,P1,VB80813,A1,BV7A237,TRANSCENDIA,09/17/2020,941.49,N,BP,"1 roll of 52.5"" 120ga SP30 has scratches across web and cannot be used. ",990,*,10/15/2020,941.49,AMJK,PV,09EF2F scratches,CFJM,SP,, TRANSFP02,950.05,T025,RS,TRANSFP02
AM00876,DE,VW90179,A1,WV9A075,"HUGO'S INDUSTRIAL SUPPLY, INC",09/17/2020,1326,N,SW,"DRIVER UNLOADING, AND LAYOVER FEE",14880,*,09/25/2020,1326,AMJK,CSM,"DEBIT FOR DRIVER UNLOADING, AND LAYOVER FEE",SWPB,PSB,, AMAZOEP01,20512.8,H263,RS,HUGOSIN08
AM00878,P1,VB80789,A1,BV4A148,AMERICAN PACKAGING CORP.,09/21/2020,668.32,N,BP,AMJK- TD18- Pallet 0004239299 rejected due to wrinkles throughout.,671,*,10/15/2020,668.32,AMJK,YM,522/524,CFGF,TD,, BADGEFR02,37987.44,A050,RS,AMERICO05
AM00878,P1,VB80868,A1,BV4A148,AMERICAN PACKAGING CORP.,09/21/2020,279.88,N,BP,AMJK- TD18- Pallet 0004239814 rejected due to wrinkles in primary roll.,281,*,10/15/2020,279.88,AMJK,YM,522/524,CFGF,TD,, BADGEFR02,9402.24,A050,RS,AMERICO05
AM00879,P1,VB60920,A2,BV3A323,TRANSCENDIA,09/21/2020,715.4,N,BP,"1 roll of 55"" 100ga BOPP Clear SP25B has visual defect ""spots"" and cannot be used. Picture not available *difficult to see  ",0,*,11/05/2020,715.41,AMJK,PV,0996FF spots in film,CFJM,SP,, TRANSFP02,7535.93,T025,RS,TRANSFP02
AM00880,M0,VW70125,A1,WV6B058,"SYSCO BOSTON, LLC 056",09/21/2020,1820.25,N,SW,UNPAID TAX - $1820.25,0,D,09/30/2020,0,AMJK,JZU,DENY,SWSP,,, SYSCOPL05,30944.25,SW57,RS,SYSCOPL05
AM00881,M0,VW70174,A1,WV7A028,SYSCO MINNESOTA,09/21/2020,1744.38,N,SW,UNPAID TAX - $1744.38,0,D,09/30/2020,0,AMJK,JZU,DENY,SWSP,,, SYSCOMV02,25397.1,SW17,RS,SYSCOSP05
AM00882,M0,VW70242,A1,WV6A873,SYGMA,09/21/2020,1473.87,N,SW,UNPAID TAX - $1473.87,0,D,09/30/2020,0,AMJK,JZU,DENY,SWSP,,, SYGMAFW05,19338.99,SW16,RS,SYGMADA04
AM00883,M0,VW70715,A1,WV7A293,SYSCO CINCINNATI - 019,09/21/2020,631.4,N,SW,UNPAID TAX - $631.40,0,D,09/30/2020,0,AMJK,JZU,DENY,SWSP,,, SYSCOCI07,9651.32,SW81,RS,SYSCOCI07
AM00884,M0,VW71117,A1,WV7A654,SYSCO RIVERSIDE,09/21/2020,2213.4,N,SW,UNPAID TAX - $2213.40,0,D,09/30/2020,0,AMAZ,JZU,DENY,SWSP,,, SYSCORI02,30773.4,SW90,RS,SYSCORI02
AM00885,M0,VW71194,A1,WV7A718,SYSCO SPOKANE 102,09/21/2020,1805.86,N,SW,UNPAID TAX - $1805.86,0,D,09/30/2020,0,AMJK,JZU,DENY,SWSP,,, SYSCOPF03,31903.46,SW63,RS,SYSCOPF03
AM00886,M0,VW71239,A1,WV7A650,SYSCO SAN FRANCISCO,09/21/2020,1240.79,N,SW,UNPAID TAX - $1240.79,0,D,09/30/2020,0,AMAZ,JZU,DENY,SWSP,,, SYSCOFR06,13966.79,SW40,RS,SYSCOFR06
AM00887,M0,VW71241,A1,WV7A653,"SYSCO MEMPHIS, LLC. 014",09/21/2020,1741.86,N,SW,UNPAID TAX - $1741.86,0,D,09/30/2020,0,AMJK,JZU,DENY,SWSP,,, SYSCOME07,19606.98,SW33,RS,SYSCOME06
AM00888,M0,VW71310,A1,WV7A655,SYSCO RIVERSIDE,09/21/2020,1384.55,N,SW,UNPAID TAX - $1384.55,0,D,09/30/2020,0,AMAZ,JZU,DENY,SWSP,,, SYSCORI02,19249.67,SW90,RS,SYSCORI02
AM00888,M0,VW71310,A2,WV7A655,SYSCO RIVERSIDE,09/21/2020,178.65,N,SW,UNEARNED DISCOUNT - $178.65,0,D,09/30/2020,0,AMAZ,JZU,DENY,SWSP,,, SYSCORI02,19249.67,SW90,RS,SYSCORI02
AM00889,M0,VW71335,A1,WV7A825,SYSCO CONNECTICUT,09/21/2020,1283.67,N,SW,UNPAID TAX - $1283.67,0,D,09/30/2020,0,AMJK,JZU,DENY,SWSP,,, SYSCORH02,21498.87,SW30,RS,SYSCORH02
AM00889,M0,VW71335,A2,WV7A825,SYSCO CONNECTICUT,09/21/2020,202.15,N,SW,UNEARNED DISCOUNT - $202.15,0,D,09/30/2020,0,AMJK,JZU,DENY,SWSP,,, SYSCORH02,21498.87,SW30,RS,SYSCORH02
AM00890,M0,VW80106,A1,WV8A053,SYSCO PHILADELPHIA LLC  075,09/21/2020,2284.8,N,SW,UNPAID TAX - $2284.80,0,D,09/30/2020,0,AMJK,JZU,DENY,SWSP,,, SYSCOPH09,30844.8,SW60,RS,SYSCOPH09
AM00891,P1,VB90919,A1,BV2A079,"BEMIS COMPANY,INC",09/21/2020,2323.91,N,BP,AMSC - ROLL TORE OUT 3 TIMES #0071700656. hAD HIGH EDGES ON BOTH SIDES. ,1127,*,11/02/2020,2323.91,AMSC,GO,200519666  HIGH EDGES,CFGT,SP,, BEMISJO02,20060.74,C035,RS,BEMISNE01
AM00892,DE,VW90823,A1,WV8A664,"HUGO'S INDUSTRIAL SUPPLY, INC",09/21/2020,501.07,N,SW,EXTRA FEE FOR RE-CONSIGNMENT $501.07,0,*,09/30/2020,501.07,AMJK,CSM,DEBIT FOR EXTRA FEE FOR RE-CONSIGNMENT,SWPB,PSB,, AMAZOCH07,4102.56,H263,RS,HUGOSIN08
AM00893,S2,VA90014,A1,YV9A006,STR PLASTIC SOLUTIONS,09/22/2020,567.32,N,YA,"Gross weight: 36,102 - 33,920 = 2,182LB
$.26 x 2,182 = $567.32",2182,*,10/06/2020,567.32,AMSC,AH,weight,8OC,SC,, STRPLSL01,9144.72,S936,RS,STRPLSL01
AM00893,S2,VA90017,A1,YV9A007,STR PLASTIC SOLUTIONS,09/22/2020,97.76,N,YA,"Gross weight: 35,216 - 34,840 = 376LB
$.26 x 376 = $97.76",376,*,10/06/2020,97.76,AMSC,AH,weight,8OC,SC,, STRPLSL01,9156.16,S936,RS,STRPLSL01
AM00893,S2,VA90019,A1,YV9A008,STR PLASTIC SOLUTIONS,09/22/2020,452.92,N,YA,"Gross weight: 35,442 - 33,700 = 1,742LB
$.26 x 1,742 = $452.92",1742,*,10/06/2020,452.92,AMSC,AH,weight,8OC,SC,, STRPLSL01,9214.92,S936,RS,STRPLSL01
AM00894,M5,VW90208,A1,WV7A847,HARDER CORP,09/22/2020,35.17,N,SW,SAMPLE - 1 RL,37.82,*,09/30/2020,35.17,AMJK,CY,CREDIT SAMPLE,SWJD,EHB,, HARDEMO01,3060,H253,RS,HARDEMO01
AM00895,P1,VB71954,A1,BV7A259,HOOD FLEXIBLE PACKAGING,09/23/2020,4187.63,Y,BP,"HD18- 8 rolls found with treatment missing in spots across web. 200 lbs printed material had to be scrapped. 3549 lbs rejected. Need to know if other material may be suspect
00071101885/886/887/894/902/909/910/911",3549,*,11/06/2020,3964.23,AMJK,GO,51000359 spots in print,CFGT,HD,, HOODFAH01,11116.39,H189,RS,HOODFAH01
AM00895,P1,VB71954,A2,BV7A259,HOOD FLEXIBLE PACKAGING,09/28/2020,223.4,N,BP,HD18 - shiners - 200 lbs scrapped ,200,*,11/06/2020,223.4,AMJK,GO,51000359 spots in print,CFGT,HD,, HOODFAH01,11116.39,H189,RS,HOODFAH01
AM00896,P1,VB70855,A1,BV4A293,"POLY PRINT,INC.",09/23/2020,0,N,BP,"insect in film. picture attached roll #0004242374
Need CAPA ASAP",0,*,10/02/2020,0,AMJK,SN,insect,CFDH,BA,, POLYPTU05,9479.2,P038,RS,POLYPTU05
AM00897,P1,VB40980,A1,BV2A716,"BEMIS COMPANY,INC",09/24/2020,123.68,N,BP,"Roll damage from banding. Slabbed off damage and used the rest of the material. SLABBED
MATERIAL WAS TOSSED.
Defective Waste Material to be credited at purchase price: Quantity = 132 lbs / Price = $136.30
Total Claim Value: $136.30",132,*,10/15/2020,123.68,AMJK,GO,200517950 damaged roll,CFGT,BFP,, BEMISLA04,4621.28,C035,RS,BEMISNE01
AM00898,M4,VW90569,A1,WV9A101,UNITED PACKAGING AND DESIGN,09/24/2020,0,Y,SW,"DIVERT HCB, AND REDELIVER EPB TO TO ROCKET",0,*,10/09/2020,0,AMJK,CY,"PAPERWORK FOR DIVERT ONLY, REF TO NEW SO # WVAA123",SWJD,HCB,, CONTAMI03,9754.72,U176,RS,UNITESC04
AM00899,P1,VB90189,A1,BV7A528,KENDALL PACKAGING CORP,09/24/2020,440.55,N,BP,AA30- Baggy edges- 270 lbs + 60 lbs waste + 20 min downtime,270,*,11/05/2020,440.55,AMJK,AM,202000301 baggy,CFGT,AA,, KENDAJE01,8695.52,K005,RS,KENDAME01
AM00900,P1,VB81271,A1,BV6A571,PRINTPACK,09/24/2020,2866.27,N,BP,BAgy film causing wrinkles 2 rolls process waste,1095,*,10/09/2020,2866.27,AMJK,SN,20-3977 baggy,CFMS,BA,, PRINTPV01,7188.63,P043,RS,PRINTPV02
AM00901,P1,VB72027,A1,BV6A721,TRANSCENDIA,09/25/2020,1251.56,N,BP,"production found wrinkles  in the roll and quarantined .  80"" wide BA50T  
4419 lbs    roll #  0004256460   
",1419,*,10/15/2020,1251.56,AMJK,PV,09C612 wrinkles,CFJM,BA,, TRANSRC02,6067.3,T025,RS,TRANSRC02
AM00902,P1,VB70928,A1,BV6A572,MULTI COLOR LABEL CORP-MEXICO SA DE CV,09/25/2020,269.17,N,BP,"Material with wrinkles 
************CORRECTIVE ACTION REPORT NEEDED**************",0,*,10/28/2020,269.17,AMJK,PV,MEX19-361 WRINKLES,HQMA,TE,, GAMASLA01,12284.98,M785,ES,MULTIZA01
AM00903,M2,VB80161,A2,BV7A046,JOHN EDWARDS COMPANY,09/25/2020,400.68,N,BP,customer was invoiced a $1.32 for august but should have been invoiced for July at $1.26,0,*,10/09/2020,400.68,AMJK,AM,price,CFJM,CL,, JOHNEIT02,8814.96,J299,RS,JOHNEIT01
AM00903,M2,VB80285,A2,BV7A046,JOHN EDWARDS COMPANY,09/28/2020,265.08,N,BP,Customer was invoiced $1.32 for August pricing when the order should have been invoiced at $1.26 since it is a make and ship account with material ready by 7/26.,0,*,10/09/2020,265.08,AMJK,AM,price,CFJM,CL,, JOHNEIT02,5831.76,J299,RS,JOHNEIT01
AM00904,M2,VB70090,A2,BV5A208,NAVIS INDUSTRIES,09/28/2020,224,N,BP,"item 3 shipped 6/29 but couldn't fit all in one truck so balanced shipped LTL after price increase. Navis short paid $224. 

",0,*,10/09/2020,224,AMJK,AM,price,CFJM,CL,, NAVISEL01,3606.4,NA54,RS,NAVISEL01
AM00905,S7,VB91155,A1,BV4A095,"JET PRINTING,LLC",09/28/2020,1045.44,N,BP,One pallet was contaminated by spillage of unknown liquid during transit. ,792,*,11/18/2020,1045.44,AMJK,AM,contaminated pallet,CFJM,CL,, JETPRDI01,31431.84,J272,RS,JETPRNA01
AM00906,DE,VB91337,A1,BV9A324,PRINTPACK METALLIZING - FRITO,09/28/2020,7272.83,N,BP,"NWF18 material used for Stripe in April = 41,559 
difference between $1.565/lb and $1.74/lb = $0.175/lb",41559,*,10/01/2020,7272.83,AMSC,DB,Stripe debit April 2020,CFMS,NWF,, PRINTVR39,15172.68,P043,RS,PRINTVR39
AM00907,S6,VB60304,A1,BV4A164,3M JAPAN PRODUCTS LIMITED,09/29/2020,1236.9,N,BP,"pallet 0051102869: In the container, a sideboard of bottom pallet was broken and upper pallet was fallen down on film roll on bottom pallet.
This film roll was damaged too difficult to use.
Pallet 0051102865: An empty pallet you put between pallets was fallen in container and damaged to film roll.
The film roll was torn and dented too difficult to use

",1085,*,10/09/2020,1236.9,AMJK,KS,#141 shipping damage,CFDP,KT,, 3MJAPTO01,35456.28,M020,ES,3MJAPTO01
AM00908,S7,VB91374,A1,BV8A562,BAMA FOODS LIMITED PARTNERSHIP,09/29/2020,1295.33,N,BP,contamination on outside of pallets. One pallet had dirt leaking onto film and could not be used. pictures in claim. Customer will scrap,909,*,10/28/2020,1295.33,AMJK,AM,NC-20-02075 CONTAMINATION ON PALLET,CFDH,CL,, BAMAFTU03,51870,BB15,RS,BAMAFTU02
AM00910,P1,VB50298,A1,BV4A071,"GOLDEN DYNAMIC,INC",09/29/2020,335.61,N,BP,Roll#61701061 & 51700229 were rejected due to blocking.,297,*,11/02/2020,335.61,AMSC,LA,3303/3344/3349 BLOCKING,HQLA,SP,, MULTIBO04 MULTIWH01,43425.9,D230,RS,GOLDEGA02
AM00910,P1,VB71052,A1,BV4B084,"GOLDEN DYNAMIC,INC",09/29/2020,580.16,N,BP,Roll#61700765 & 61700715 were rejected due to blocking.,518,*,11/02/2020,580.16,AMSC,LA,3303/3344/3349 BLOCKING,HQLA,SP,, MULTIBO04 MULTIWH01,43136.8,D230,RS,GOLDEGA02
AM00910,P1,VB71333,A1,BV4B085,"GOLDEN DYNAMIC,INC",09/29/2020,129.92,N,BP,Roll#61700686 was rejected due to blocking & canning,116,*,11/02/2020,129.92,AMSC,LA,3303/3344/3349 BLOCKING,HQLA,SP,, MULTIBO04 MULTIWH01,41659.52,D230,RS,GOLDEGA02
AM00911,T1,VW91025,A1,WV9A752,ASSOCIATED PACKAGING-GALLATIN,09/29/2020,1156,Y,SW,DAMAGED IN TRANSIT - 40 RL,1191,*,10/14/2020,1156,AMJK,EV,"GILTNER, RTN 40-G",SWCG,AM1,, ASSOCME05,23120,AA23,RS,ASSOCME05
AM00912,T1,VW91150,A1,WV9A794,ASSOCIATED PACKAGING,09/29/2020,38.34,N,SW,DAMAGED IN TRANSIT - 1 RL,36.18,*,10/05/2020,38.34,AMAZ,EV,"REDDAWAY, SCRAP IN FIELD 1 RL",SWMD,ELB,, ALLSTSP04,7668,A696,RS,ASSOCST06
AM00913,P5,VW90463,A1,WV9A246,"SYSCO BOSTON, LLC 056",10/01/2020,1653.6,N,SW,MATERIAL CONTROL KEY IN ERROR - 40 RL,2148,*,10/28/2020,1653.6,AMJK,JZU,CREDIT ,SWSP,EHB,, SYSCOPL05,30944.25,SW57,RS,SYSCOPL05
AM00914,P1,VW71140,A1,WV6A569,FLEJES Y ACCESORIOS DE QUERETARO,09/30/2020,0,N,SW,"BUG - CCAR NEEDED, PLT# 0900102073 / 0900102061 & 0900102074.",4341,D,10/14/2020,0,AMJK,SV,DENY,SWPE,ELB,, WASHILA02,31220.8,F340,RE,FLEJEQU01
AM00915,P1,UBB0370,A1,BU9A653,AMERICAN PACKAGING CORP.,09/30/2020,1264.5,N,BP,AMJK-- TD30- Pallet 0004172237 rejected due to wrinkles.,1123,*,10/15/2020,1264.5,AMJK,YM,NCP 449 wrinkles,CFGF,TD,, BADGEFR02,14863.2,A050,RS,AMERICO05
AM00917,T1,VB91424,A1,BV8A297,INTERTAPE POLYMER INC.,09/30/2020,2779.93,N,BP,Roll # 0091402239 & 0091402660 were both rejected due to shipment damaged. Customer can not use.,2635,*,10/08/2020,2779.93,AMJK,LA,shipping damage,HQLA,TU,, INTERCO24,39222.79,I121,RS,INTERMO17
AM00918,P1,VW60771,A1,WV3A153,WESTERN PLASTICS- CANADA,10/07/2020,1502.42,N,SW,"GEAL/WEAK SPORT - 43 RL
",1226.61,*,12/18/2020,1502.42,AMJK,MN,SCRAP IN FILED 110 RL,SWKC,ELB,6234, WESTEMI03,6988,W120,RS,WESTEMI01
AM00918,P1,VW60774,A1,WV3A497,WESTERN PLASTICS- CANADA,10/07/2020,1587.23,N,SW,GEAL/WEAK SPORT - 67 RL,655.2,*,12/18/2020,1587.23,AMJK,MN,SCRAP IN FILED 110 RL,SWKC,ELB,6234, WESTEMI03,9476,W120,RS,WESTEMI01
AM00919,M0,VW20583,A1,WV2A384,NATIONAL PAPER & PLASTICS CO.-PAUL CELLA,10/01/2020,11031.55,Y,SW,"OVER-PURCHASED - 512 RL, DEDUCTED 5% RESTOCKING FEE $580.61",12902.4,*,10/29/2020,11031.55,AMJK,CSM,"RTN 800-G, DEDUCTED 5% RESTOCKING FEE, AND RETURN FREIGHT",SWMZ,HCB,, SHIPPKA11,14515.2,N044,RS,HPPROIN02
AM00919,M0,VW21266,A1,WV2A991,NATIONAL PAPER & PLASTICS CO.-PAUL CELLA,10/01/2020,6535.44,Y,SW,"OVER-PURCHASED  - 240 RL, DEDUCTED 5% RESTOCKING FEE $389.76, AND FREIGHT $870",8294.4,*,10/29/2020,6535.44,AMJK,CSM,"RTN 800-G, DEDUCTED 5% RESTOCKING FEE, AND RETURN FREIGHT",SWMZ,HCB,, SHIPPKA11,9354.24,N044,RS,HPPROIN02
AM00919,M0,VW30270,A1,WV2A991,NATIONAL PAPER & PLASTICS CO.-PAUL CELLA,10/21/2020,1481.09,Y,SW,"OVER-PURCHASED - 48 RL, DEDUCTED 5% RESTOCKING FEE $77.952",1658.88,*,10/29/2020,1481.09,AMJK,CSM,"RTN 800-G, DEDUCTED 5% RESTOCKING FEE, AND RETURN FREIGHT",SWMZ,HCB,, SHIPPKA11,6236.16,N044,RS,HPPROIN02
AM00920,M0,VW80202,A1,WV8A097,SYSCO LOS ANGELES,10/01/2020,2247.01,N,SW,UNPAID TAX - $2247.01,0,D,10/09/2020,0,AMJK,JZU,DENY,SWSP,,, SYSCOWA11,25899.73,SW34,RS,SYSCOWA11
AM00920,M0,VW80202,A2,WV8A097,SYSCO LOS ANGELES,10/01/2020,236.53,N,SW,UNEARNED DISCOUNT - $236.53,0,D,10/09/2020,0,AMJK,JZU,DENY,SWSP,,, SYSCOWA11,25899.73,SW34,RS,SYSCOWA11
AM00921,M0,VW80330,A1,WV8A145,SYSCO LINCOLN 061,10/01/2020,1688.96,N,SW,UNPAID TAX - $1688.96,0,D,10/09/2020,0,AMJK,JZU,DENY,SWSP,,, SYSCOLI07,24984.96,SW37,RS,SYSCOLI07
AM00922,M0,VW80355,A1,WV7A562,SYSCO OKLAHOMA - 026,10/01/2020,3156.3,N,SW,UNPAID TAX - $3156.30,0,D,10/09/2020,0,AMJK,JZU,DENY,SWSP,,, SYSCONO07,39228.3,SW83,RS,SYSCONO07
AM00923,M0,VW80356,A1,WV7A583,SYSCO CLEVELAND INC. 1135,10/01/2020,2319.53,N,SW,UNPAID TAX - $2319.53,0,D,10/09/2020,0,AMJK,JZU,DENY,SWSP,,, SYSCOCL06,31313.53,SW59,RS,SYSCOCL06
AM00923,M0,VW80356,A2,WV7A583,SYSCO CLEVELAND INC. 1135,10/01/2020,289.94,N,SW,UNEARNED DISCOUNT - $289.94,0,D,10/09/2020,0,AMJK,JZU,DENY,SWSP,,, SYSCOCL06,31313.53,SW59,RS,SYSCOCL06
AM00924,S7,VB70370,A1,BV5A466,3M JAPAN PRODUCTS LIMITED,10/02/2020,3384.49,N,BP,damaged film from broken packaging,3128,*,11/18/2020,3384.5,AMJK,KS,DM #20,CFDP,KT,, 3MJAPTO01,29446.63,M020,ES,3MJAPTO01
AM00925,T1,VW91216,A1,WV9A670,RJ & K SALES INC,10/02/2020,209.1,N,SW,DAMAGED IN TRANSIT - 5 CS,172.8,*,10/14/2020,209.1,AMJK,CSM,"XPO, SCRAP IN FIELD 5 CS",SWMZ,HTK,, RJKSAGR03,2007.36,R196,RS,RJKSAGR03
AM00926,M1,VW91473,A1,WV9A975,TAPE PRODUCTS CO.,10/02/2020,50,N,SW,KEY IN ERROR - WRONG SHIP-TO ADDRESS,0,*,10/27/2020,50,AMJK,CSM,CREDIT,SWMZ,PSB,, TAPEPWO02,16642.68,T105,RS,TAPEPCI01
AM00927,T1,VW91334,A1,WV8A865,STRETCH PAK,10/03/2020,103.11,N,SW,DAMAGED IN TRANSIT - 3 CASES,93.68,*,10/14/2020,103.11,AMJK,CY,"FEDEX, SCRAP IN FIELD 3 RL",SWRP,HTL,, STRETGR01,6543.84,S336,RS,STRETGR01
AM00928,S2,VB71806,A1,BV4A301,"POLY PRINT,INC.",10/05/2020,1945.86,N,BP,"did not receive 34.5"" film",0,D,10/05/2020,0,AMJK,SN,denied - customer will pay,CFDH,BA,, POLYPTU05,3466.14,P038,RS,POLYPTU05
AM00929,P1,VB91284,A1,BV4B014,TRANSCONTINENTAL MULTIFILM INC.,10/05/2020,0,N,BP,"buried inside the roll near the core was a piece of metal. Pictures are attached. Customer stated, ""One of our slitter operators commented that it looks like a spring that is used to hold a heavy duty slitting blade.
**need corrective action form filled out for customer**",0,*,10/15/2020,0,AMJK,AM,spring in roll,CFGF,AA,, MULTIEL01,10689.06,M206,RS,TRANSEL08
AM00930,M3,VBA0095,A1,BV8A166,CAPRI PACKAGING. TC TRANSCONTINENTAL,10/05/2020,1497.73,N,BP,The material was released before the price increase ,15283,*,10/08/2020,1497.73,AMJK,DB,price,CFGF,VA,, CAPRICL03,13449.04,T685,RS,CAPRICL05
AM00931,M3,VBA0097,A1,BV8A373,CAPRI PACKAGING. TC TRANSCONTINENTAL,10/05/2020,437.67,N,BP,The material was released before the price increase ,4466,*,10/08/2020,437.67,AMJK,DB,price,CFGF,VA,, CAPRICL04,3930.08,T685,RS,CAPRICL05
AM00932,M3,VBA0096,A1,BV8A304,CAPRI PACKAGING. TC TRANSCONTINENTAL,10/05/2020,881.22,N,BP,The material was released before the price increase ,8992,*,10/08/2020,881.22,AMJK,DB,price,CFGF,VA,, CAPRICL03,7912.96,T685,RS,CAPRICL05
AM00933,M3,VBA0094,A1,BV5A904,CAPRI PACKAGING. TC TRANSCONTINENTAL,10/05/2020,752.83,N,BP,The material was released before the price increase ,0.09,*,10/08/2020,752.84,AMJK,DB,price,CFGF,VA,, CAPRICL03,6760.16,T685,RS,CAPRICL05
AM00934,T2,VW91438,A1,WV9A614,FOOD LION,10/05/2020,0,Y,SW,CARRIER SHOULD ARRANGE APPT. BEFOREHEAD,0,*,11/02/2020,0,AMJK,JZU,PAPERWORK FOR RE-DELIVERY ,BB,PSB,, FOODLEL01,26666.64,F181,RS,FOODLSA15
AM00935,P1,VB90413,A1,BV6A737,PRINTPACK METALLIZING - FRITO,10/05/2020,67.3,N,BP,damaged rolls ,43,*,10/15/2020,67.3,AMSC,DB,33-51107 damaged rolls,CFMS,NWF,, PRINTVR39,15762.68,P043,RS,PRINTVR39
AM00936,P1,VB90265,A1,BV6A740,PRINTPACK INC (METALLIZING),10/05/2020,636.56,N,BP,"web break due to splicing error (business decision)
$463.50 lost time",123,*,10/15/2020,636.56,AMSC,DB,33-51100 web break,CFMS,NWP,, PRINTVR11,11525.09,P043,RS,PRINTVR14
AM00937,P1,VB71760,A2,BV6A325,PRINTPACK INC (VR2),10/05/2020,1919.74,N,BP,"AMSC- VA15- Pallet S000104623- trash got onto plate after factory splice came through. $1,919.74 in waste.",0,*,10/15/2020,1919.74,AMSC,SN,22-208012 trash on plate,CFMS,VA,, PRINTVR07,43764.6,P043,RS,PRINTVR07
AM00939,P1,VB81698,A1,BV6A431,AMERICAN PACKAGING CORP.,10/05/2020,1036.74,N,BP,AMJK-BA22- Pallet 000458439 rejected due to primary roll blocked causing a web break.,1336,*,11/18/2020,1036.74,AMJK,YM,7549/ 7578,CFGF,BA,, AMERIDM06,5176.7,A050,RS,AMERISC01
AM00939,P1,VB81909,A1,BV6A431,AMERICAN PACKAGING CORP.,10/05/2020,1035.18,N,BP,AMJK-BA22- Pallet 0004258448 rejected due to being baggy and causing wrinkles.,1334,*,11/18/2020,1035.18,AMJK,YM,7549/ 7578,CFGF,BA,, AMERIDM06,13631.99,A050,RS,AMERISC01
AM00940,P1,RB90853,A1,BR6A278,AMERICAN PACKAGING CORP.,10/05/2020,0,N,BP,AMJK- HD18- Pallet 0003149677 has wrinkles in raw material. Due to the age of the claim- informational only complaint requesting corrective action.,0,*,10/28/2020,0,AMJK,KO,WRINKLES,CFGF,HD,, MIDAMGR01,7379.97,A050,RS,AMERISC01
AM00941,R1,VB92055,A1,BV7A624,FORT DEARBORN COMPANY,10/06/2020,6583,N,BP,"Fort Dearborn Concession Rebate - Sep 2020
Payment of $6583.00 per month due to Fort Dearborn as per Concession ",0,*,10/08/2020,6583,AMJK,KS,Sept  2020 concession rebate,CFDP,PL,, FORTDBG01,11758.43,F255,RS,FORTDBG01
AM00942,S6,VBA0245,A1,BV8A425,AVERY DENNISON,10/06/2020,37956.35,Y,BP,"Shipping keyed in stock transfer order under regular order, need to issue credit.

Materials are shipping from TN to SC.",39333,*,10/15/2020,37956.34,AMSC,AH,stock transfer,CFTO,BNY,, AVERYME09,37956.35,A455,RS,AVERYME09
AM00943,M2,VW91493,A1,WV9A999,BRECKENRIDGE PAPER & PACKAGING,10/06/2020,187.5,N,SW,KEY IN ERROR - PRICE ,0,*,10/09/2020,187.5,AMJK,CSM,CREDIT FOR PRICE DISCREPANCY ,SWMZ,EHB,, BRECKRO02,38589.6,B121,RS,BRECKHU01
AM00944,S7,VWA0087,A1,WV9B029,MAXPAK/,10/08/2020,78.86,N,SW,SHIPPING DAMAGED - 2 RL,72.36,*,10/14/2020,78.86,AMJK,EV,"DRAKE, SCRAP IN FIELD 2 ROLLS",SWKM,ELB,, MAXPALA09,16222.64,M742,RS,MAXPALA03
AM00945,R1,VB90796,A1,BV8A145,PRINTPACK VR2(CONSGT-AMSC)GMI,10/07/2020,9719.32,N,BP,"PPK VR2 Consignment Storage Allowance - Sep 2020
CWS, VA and MTF
Total lbs: 971,931.91 lb. 
Credit: $0.01/lb. 
Total credit: $9,719.32",971931.91,*,10/14/2020,9719.32,AMSC,YM,Consignment rebate Sept 2020,CFMS,CWS,, PRINTVR25,8847,P043,RS,PRINTVR24
AM00946,M3,VBA0032,A1,BV8A532,FORTIS SOLUTIONS GROUP,10/07/2020,3451.03,N,BP,"Inventory was produced by 9/23, so as a make and ship account, the order should have shipped at September's pricing of $1.022 instead of October's pricing of $1.130. Tony's approval is attached via email.",31954,*,10/09/2020,3451.03,AMJK,AM,price,CFDH,SP,, FORTIME02,36108.02,F403,RS,FORTIME01
AM00947,M3,VBA0060,A1,BV9A605,GARLOCK PRINTING & CONVERTING CORP,10/07/2020,2175.79,N,BP,Order was asked to be shipped in September since inventory was ready but shipped on October 1st- pricing for September was $0.827 while pricing for October was $0.925 so the price difference is $0.098. Tony's approval is attached via email for price to remain for September for this shipment.,22202,*,10/09/2020,2175.8,AMJK,AM,price,CFDH,BFP,, GARLORE01,20536.85,G002,RS,GARLOGA01
AM00948,M3,VBA0059,A1,BV9A330,GARLOCK PRINTING & CONVERTING CORP,10/07/2020,1246.33,N,BP,Order was asked to be shipped in September since inventory was ready but shipped on October 1st- pricing for September was $0.827 while pricing for October was $0.925 so the price difference is $0.098. Tony's approval is attached via email for price to remain for September for this shipment.,12720,*,10/09/2020,1246.56,AMJK,AM,price,CFDH,BFP,, GARLORE01,11766,G002,RS,GARLOGA01
AM00949,R1,VB91404,A1,BV9A301,TRANSCENDIA,10/07/2020,56107.24,N,BP,"Transcendia Sep 2020 Rebate
All Films 
Total lbs: 935,120.67lb. 
Rebate: $0.06/lb. 
Total rebate: $56,107.24",935120.67,*,10/13/2020,56107.24,AMJK,PV,Sept 2020 rebate,CFJM,CL,, TRANSFP02,5976.92,T025,RS,TRANSFP02
AM00950,P1,VW60772,A1,WV3A227,WESTERN PLASTICS- CANADA,10/07/2020,1041.03,N,SW,WEAK SPOT/BREAKING - 43 RL,1088,*,12/18/2020,1041.03,AMJK,MN,SCRAP IN FIELD 43 RL,SWKC,EXB,6234;6235, WESTEMI03,4842,W120,RS,WESTEMI01
AM00951,M3,VBA0050,A1,BV9A413,NAVIS INDUSTRIES,10/07/2020,899.17,N,BP,Order shipped under October's pricing of $0.865 for CL40 and $0.885 for CL50 when it was asked to ship by September 30th to have CL40 pricing of $0.840 and CL50 pricing of $.860. I attached the emails when credit was able to release these orders as well on 9/25 at 4.45 pm.,35967,*,10/13/2020,899.19,AMJK,AM,price,CFJM,CL,, NAVISEL01,31243.33,NA54,RS,NAVISEL01
AM00952,T1,VW91218,A1,WV9A737,CSS DISTRIBUTION GROUP,10/07/2020,1286.8,Y,SW,DAMAGED IN TRANSIT - 1 PLT REFUSED,1119,*,11/02/2020,1286.8,AMJK,EV,"XPO, RETURNED 40 ROLLS SCRAPPED",SWCG,AM1,, JINDASH02,6434,C648,RS,CSSDILO04
AM00953,P1,VW80724,A1,WV7A860,BGR INC,10/07/2020,119.73,N,SW,CRUSHED CORE- 3 RL,126,*,10/21/2020,119.73,AMJK,MN,SCRAP IN FIELD - 3 RL,SWBU,AM1,, BGRININ02,3192.8,B529,RS,BGRINWC04
AM00954,M5,VW70634,A1,WV6A351,H.E.BAUMRUCKER,10/08/2020,62.88,N,SW,SAMPLE - 1 ROLL,80.5,*,10/14/2020,62.88,AMJK,CSM,CREDIT SAMPLE,SWMZ,EHB,, HEBAUIT01,8048.64,H085,RS,HEBAUIT01
AM00955,M4,VW30578,A2,WV3A308,WAL-MART DISTRIBUTION CENTER #7016,10/08/2020,150,N,SW,WRITE OFF TO LAYOVER FEE - $150,0,*,10/14/2020,150,AMJK,SV,WRITE OFF TO LAYOVER FEE - $150,SWSP,,, WALMAGO01,4422.6,W060,RS,WALMAGO01
AM00956,R1,VB81282,A1,BV4B144,OVERWRAPS PACKAGING L.P.,10/08/2020,12030.5,N,BP,"Snyder's Lance Q3 2020 Rebate thru converter
VAB30 Total lbs: 120,305 lbs
Rebate: $0.10/lb. 
Total rebate: $12,030.50",120305,*,10/13/2020,12030.5,AMJK,GO,Snyders Lance Q3 2020 rebate,CFDP,VAB,, OVERWDA02,54801.67,O006,RS,OVERWDA02
AM00957,DE,VW30587,A1,WV3A350,"HUGO'S INDUSTRIAL SUPPLY, INC",10/08/2020,150,N,SW,DEBIT LAYOVER FEE $150 TO HUGO ,0,*,10/14/2020,150,AMJK,CSM,ISSUE DEBIT ,SWPB,PSB,, AMAZOEP01,20815.2,H263,RS,HUGOSIN08
AM00958,P1,VBA0075,A1,BV6A556,SIGNATURE FLEXIBLE PKG,10/09/2020,946.4,N,BP,AMJK- BA25 baggy - 3 partial rolls,1040,*,11/18/2020,946.4,AMJK,SN,baggy - 3 partial rolls,CFDH,BA,, SIGNACA01,14946.75,S014,RS,SIGNACO02
AM00959,P1,VB81387,A1,BV4B135,PRINTPACK,10/09/2020,0,N,BP,AMJK- MRT18- Pallet 0004231798 rejected due to failed ink adhesion. Rechecked after 3 days and never improved. (need additional invoice for credit amount),1432,*,12/16/2020,0,AMJK,SN,17-2066 MRT failed ink adhesion,CFMS,MRT,, PRINTRH04,1635.34,P043,RS,PRINTRH04
AM00959,P1,VBC0162,A2,BVBA246,PRINTPACK,12/15/2020,6840.95,N,BP,MRT failed ink adhesion (invoice VB81387),0,*,12/16/2020,6840.95,AMSC, YM,17-2066 MRT failed ink adhesion,CFMS,,, PRINTRH04,11100.87,P043,RS,PRINTRH04
AM00960,P1,VB90113,A1,BV7A445,SIGMA S.A. DE C.V.,10/09/2020,990.7,N,BP,"floppy edge, which creates wrinkles in the customer’s printing process",982,*,11/05/2020,990.7,AMJK,PV,RTX-043-2020 floppy edge,AMJO,SP,, SIGMASO01,33537.59,P342,ES,SIGMASO01
AM00961,P1,VB20882,A1,BV1A381,"PRODUCTOS ALIMENTICIOS ""DIANA"" SA DE CV",10/09/2020,7000.74,N,BP,"Bad metal formation, wrinkles, low optical density, gauge bands",5029,*,11/05/2020,7000.74,AMJK,PV,Reclamo de Polipropileno Inteplast 6,AMJO,JDM,, PRODUSS02,41657.95,P333,ES,PRODUSS01
AM00962,P1,VB21240,A1,BV1A388,"PRODUCTOS ALIMENTICIOS ""DIANA"" SA DE CV",10/09/2020,3701.53,N,BP,"Bad metal appearance, wrinkles, gauge bands.",3156,*,11/05/2020,3701.52,AMJK,PV,Reclamo de Polipropileno Inteplast 7,AMJO,JDM,, PRODUSS02,26982.16,P333,ES,PRODUSS01
AM00963,P1,VB90759,A1,BV6A417,PRINT PACK,10/21/2020,0,Y,BP,poor profile,0,*,11/06/2020,1527.81,AMJK,SN,13-5174 poor profile,CFMS,VA,, PRINTEL02,2823.97,P043,RS,PRINTEL02
AM00963,P1,VB90961,A1,BV6A417,PRINT PACK,10/09/2020,3069.34,Y,BP,"AMJK-VA30- Below pallets have poor roll profile causing register issues.
7001083168
7001083240
7001083248
7001083255
7001083262",4028,*,11/06/2020,685.03,AMJK,SN,13-5174 poor profile,CFMS,VA,, PRINTEL02,9424.42,P043,RS,PRINTEL02
AM00963,P1,VB90961,A2,BV6A417,PRINT PACK,10/09/2020,2659.92,N,BP,"AMJK-VA30- Below pallets have poor roll profile causing register issues. 7001083168 7001083240 7001083248 7001083255 7001083262
Lost Time; $2,125.",702,*,11/06/2020,2659.93,AMJK,SN,13-5174 poor profile,CFMS,VA,, PRINTEL02,9424.42,P043,RS,PRINTEL02
AM00963,P1,VB91038,A1,BV6A417,PRINT PACK,10/21/2020,0,Y,BP,poor profile,0,*,11/06/2020,856.49,AMJK,SN,13-5174 poor profile,CFMS,VA,, PRINTEL02,943.36,P043,RS,PRINTEL02
AM00964,P1,VB91672,A1,BV6A414,PRINT PACK,10/09/2020,800.1,Y,BP,AMJK- VA30- Pallet 7001081145 poor roll profile causing web shift and register problems.,1050,*,11/05/2020,800.1,AMJK,SN,13-5175 poor profile,CFMS,VA,, PRINTEL02,11055.1,P043,RS,PRINTEL02
AM00964,P1,VB91672,A2,BV6A414,PRINT PACK,10/09/2020,905.72,N,BP,"AMJK- VA30- Pallet 7001081145 poor roll profile causing web shift and register problems. 
Loss time 637.50",0,*,11/05/2020,905.72,AMJK,SN,13-5175 poor profile,CFMS,VA,, PRINTEL02,11055.1,P043,RS,PRINTEL02
AM00965,P1,VB71535,A1,BV4A742,PRINT PACK,10/09/2020,1171.19,Y,BP,"AMJK- VA30
Pallets 7001072937 and 7001086767 
Poor profile causing web shift and register issues.",1537,*,11/05/2020,1055.37,AMJK,SN,13-5176 poor profile,CFMS,VA,, PRINTEL02,4735.83,P043,RS,PRINTEL02
AM00965,P1,VB71535,A2,BV4A742,PRINT PACK,10/09/2020,425,N,BP,"AMJK- VA30 Pallets 7001072937 and 7001086767 Poor profile causing web shift and register issues.
Loss time $425",0,*,11/05/2020,425,AMJK,SN,13-5176 poor profile,CFMS,VA,, PRINTEL02,4735.83,P043,RS,PRINTEL02
AM00965,P1,VB91673,A1,BV8A176,PRINT PACK,10/21/2020,0,Y,BP,poor profile,0,*,11/05/2020,115.82,AMJK,YM,13-5176 poor profile,CFMS,VA,, PRINTEL02,5879.59,P043,RS,PRINTEL02
AM00966,M4,VW60362,A1,WV6A183,JET SALES,10/09/2020,0,Y,SW,MARKETING DECISION - 40 RL,0,*,10/29/2020,0,AMAZ,JZU,"PAPERWORK FOR DIVERT ONLY, REF TO SO# WVAA821",SWDP,ETK,, JETSAPR02,17713.48,J082,RS,JETSAPR02
AM00967,P1,VB91671,A1,BV6A413,PRINT PACK,10/09/2020,51.82,N,BP,AMJK-VA30- Pallet 7001081119 Baggy edge causing web shift and register problems.,68,*,11/05/2020,51.82,AMJK,SN,13-5177 baggy edge,CFMS,VA,, PRINTEL02,3905.25,P043,RS,PRINTEL02
AM00967,P1,VB91671,A2,BV6A413,PRINT PACK,10/09/2020,425,N,BP,"AMJK-VA30- Pallet 7001081119 Baggy edge causing web shift and register problems.
Loss time- $425.",0,*,11/05/2020,425,AMJK,SN,13-5177 baggy edge,CFMS,,, PRINTEL02,3905.25,P043,RS,PRINTEL02
AM00968,P1,VB91057,A1,BV9A137,PRINTPACK INC (METALLIZING),10/12/2020,86.94,N,BP,CKW damaged edge,52,*,12/02/2020,86.94,AMJK,DB,33-51112 damaged edge,CFMS,CKW,, PRINTVR11,23655.46,P043,RS,PRINTVR14
AM00969,P1,VB91054,A1,BV9A134,PRINTPACK INC (METALLIZING),10/12/2020,76.91,N,BP,CKW- edge damage,46,*,12/02/2020,76.91,AMJK,DB,33-51051 edge damage,CFMS,CKW,, PRINTVR11,22215.86,P043,RS,PRINTVR14
AM00970,M4,VW80471,A1,WV8A229,SUNRISE MANUFACTURING,10/12/2020,0,N,SW,CUSTOMER ORDER BY MISTAKE - DIVER 12 PLT,0,*,11/02/2020,0,AMJK,EV,"PAPERWORK FOR DIVERT ONLY, REF TO SO#WVAA740",SWMD,EHB,, SUNRIRC01,36977.6,S642,RS,SUNRIRC01
AM00971,P1,VB81732,A1,BV6A614,AVERY DENNISON,10/12/2020,8519.14,Y,BP,"cross cut scratches 
$.867 x 9826 = $$8,519.14",9826,*,11/03/2020,6808.55,AMSC,AH,AD-20-03390 (10 rolls returned- 2 partial),CFTO,BNY,, AVERYME09,17027.88,A455,RS,AVERYME09
AM00971,P1,VB90001,A2,BV8A425,AVERY DENNISON,10/12/2020,1720.13,Y,BP,"$.867 x 7884 = $6,835.43",1984,*,11/03/2020,1720.12,AMSC,AH,AD-20-03390 (10 rolls returned- 2 partial),CFTO,BNY,, AVERYME09,34081.77,A455,RS,AVERYME09
AM00971,P1,VB90001,A3,BV8A425,AVERY DENNISON,10/28/2020,0,Y,BP,cross cut scratches,0,*,11/03/2020,5439.55,AMSC,AH,AD-20-03390 (10 rolls returned- 2 partial),CFTO,BNY,, AVERYME09,34081.77,A455,RS,AVERYME09
AM00971,P1,VB90459,A2,BV6A614,AVERY DENNISON,10/12/2020,1657.7,Y,BP,"$.867 x 1912 = $1,657.70",1912,*,11/03/2020,1657.7,AMSC,AH,AD-20-03390 (10 rolls returned- 2 partial),CFTO,BNY,, AVERYME09,16872.69,A455,RS,AVERYME09
AM00972,P1,VB91109,A1,BV7A820,TRANSCENDIA,10/12/2020,3260.92,N,BP,"3 rolls of 52.5"" 120ga SP30B have debris in roll and cannot be used  ",3468,*,11/05/2020,3260.93,AMJK,PV,10AA78 debris in roll,CFJM,SP,, TRANSFP02,4631.24,T025,RS,TRANSFP02
AM00973,M0,VW70734,A1,WV6A789,SYGMA,10/12/2020,1473.87,N,SW,UNPAID TAX - $1473.80,0,D,10/21/2020,0,AMJK,JZU,DENY,SWSP,,, SYGMAFW05,19338.99,SW16,RS,SYGMADA04
AM00974,M0,VW80066,A1,WV7A607,SYSCO BARABOO LLC.,10/12/2020,433.13,N,SW,UNPAID TAX - $433.13,0,D,10/21/2020,0,AMJK,JZU,DENY,SWSP,,, SYSCOBA04,8308.13,SW08,RS,SYSCOBA04
AM00975,M0,VW80862,A1,WV8A466,SYSCO SEATTLE 055,10/12/2020,1536.4,N,SW,UNPAID TAX - $1536.40,0,D,10/21/2020,0,AMJK,JZU,DENY,SWSP,,, SYSCOKE07,19401.52,SW45,RS,SYSCOKE07
AM00975,M0,VW80862,A2,WV8A466,SYSCO SEATTLE 055,10/12/2020,178.65,N,SW,UNAUTHORIZED DEDUCTTION - $178.65,0,D,10/21/2020,0,AMJK,JZU,DENY,SWSP,,, SYSCOKE07,19401.52,SW45,RS,SYSCOKE07
AM00976,M0,VW81077,A1,WV8A674,SYSCO DENVER,10/12/2020,1558.29,N,SW,UNPAID TAX - $1558.29,0,D,10/21/2020,0,AMAZ,JZU,DENY,SWSP,,, SYSCODE10,20310.29,SW52,RS,SYSCODE10
AM00977,M0,VW90046,A1,WV8A753,SYSCO IOWA - 1215,10/12/2020,521.88,N,SW,UNPAID TAX - $521.88,0,D,10/21/2020,0,AMJK,JZU,DENY,SWSP,,, SYSCOAN05,9219.88,SW95,RS,SYSCOAN05
AM00978,M0,VW70939,A3,WV7A493,SYSCO HOUSTON,10/12/2020,115.76,N,SW,PRICE DISPUTE - $115.76,0,D,10/21/2020,0,AMJK,JZU,DENY,SWSP,EHB,, SYSCOHO08,32580.65,SW06,RS,SYSCOHO08
AM00979,P1,VB91902,A1,BV7A069,PRINTPACK INC (METALLIZING),10/13/2020,551.03,N,BP,"hard base caused web break

$234 LOST TIME",342,*,11/18/2020,551.03,AMSC,DB,33-51128 hard base,CFMS,NWP,, PRINTVR11,5130.59,P043,RS,PRINTVR14
AM00980,R1,VB91428,A1,BV8A446,TRANSCONTINENTAL MULTIFILM INC.,10/13/2020,36597.56,N,BP,"TC/Transcontinental Packaging Rebate: Q3 2020
Total lbs shipped: 1,829,878 lb. 
Rebate rate: $0.02
Total Rebate: $36,597.56",1829878,*,10/15/2020,36597.56,AMJK,AM,Q3 2020 Rebate,CFGF,TL,, TRANSEL09,34591.27,M206,RS,TRANSEL08
AM00981,M2,VBA0005,A1,BV4B014,TRANSCONTINENTAL MULTIFILM INC.,10/13/2020,108.78,N,BP,Order was asked to be released after original PO 00202559's release was processed so the order was sent to shipping on 9/28 since the ship to site could not be altered with a pending shipment. September pricing was $.802 with October pricing being $.90 which sales rep asked for invoice to include September shipping. ,1110,*,10/23/2020,108.78,AMJK,AM,price,CFGF,AA,, TOUCHEL01,999,M206,RS,TRANSEL08
AM00982,M2,VBA0006,A1,BV4B118,TRANSCONTINENTAL MULTIFILM INC.,10/13/2020,390.04,N,BP,Order was asked to be released after original PO 00202258's release was processed so the order was sent to shipping on 9/28 since the ship to site could not be altered with a pending shipment. September pricing was $.832 with October pricing being $.93 which sales rep asked for invoice to include September shipping. ,3980,*,10/26/2020,390.04,AMJK,AM,price,CFGF,CE,, TOUCHEL01,3701.4,M206,RS,TRANSEL08
AM00983,M2,VBA0007,A1,BV6A771,TRANSCONTINENTAL MULTIFILM INC.,10/13/2020,2251.55,N,BP,Order was asked to be released after original PO 00202559's release was processed so the order was sent to shipping on 9/28 since the ship to site could not be altered with a pending shipment. September pricing was $.802 with October pricing being $.90 which sales rep asked for invoice to include September shipping. ,22975,*,10/26/2020,2251.55,AMJK,AM,price,CFGF,AA,, TOUCHEL01,20677.5,M206,RS,TRANSEL08
AM00984,DE,VB81386,A1,BV3B147,FORT DEARBORN COMPANY,10/13/2020,12542.67,N,BP,"Fort Dearborn Debit - Q3 2020
Films shipped to Pepsi Co
TA57 Sheets = 19,446 lb. 
Owed: $0.645/lb 
Total owed: $12,542.67
",19446,*,10/15/2020,12542.67,AMJK,KS,Q3 2020 Pepsi Debit,CFDP,TA,, FORTDSP01,50260.24,F255,RS,FORTDSP01
AM00986,P1,VB41938,A1,BV3B048,PRINTPACK,10/14/2020,0,N,BP,"AMJK- MRT18- the 9 rolls failed ink adhesion.
0004231835
0004231840
0004231911
0004231657
0004231912
0004231671
0004231670
0004231800
0004231673

$11,024.24 for material.
$1,341 for claim related charges.
",0,*,12/16/2020,356.54,AMJK,SN,17-2071 failed ink adhesion,CFMS,VA,, PRINTRH04,14557.47,P043,RS,PRINTRH04
AM00986,P1,VB70428,A1,BV4B157,PRINTPACK,10/29/2020,685.86,Y,BP,"failed ink adhesion.
",599,*,12/16/2020,685.85,AMJK,SN,17-2071 failed ink adhesion,CFMS,MRT,, PRINTRH04,1401.48,P043,RS,PRINTRH04
AM00986,P1,VB70429,A1,BV4B160,PRINTPACK,10/29/2020,1292.71,Y,BP,"failed ink adhesion.
",1129,*,12/16/2020,1292.7,AMJK,SN,17-2071 failed ink adhesion,CFMS,MRT,, PRINTRH04,3141.88,P043,RS,PRINTRH04
AM00986,P1,VB71035,A1,BV3A334,PRINTPACK,10/29/2020,1442.7,Y,BP,"failed ink adhesion.
",1260,*,12/16/2020,1442.7,AMJK,SN,17-2071 failed ink adhesion,CFMS,MRT,, PRINTRH04,8685.97,P043,RS,PRINTRH04
AM00986,P1,VB71038,A1,BV4B158,PRINTPACK,10/29/2020,2967.84,Y,BP,"failed ink adhesion.
",2592,*,12/16/2020,2967.84,AMJK,SN,17-2071 failed ink adhesion,CFMS,MRT,, PRINTRH04,2967.84,P043,RS,PRINTRH04
AM00986,P1,VB71520,A1,BV4A350,PRINTPACK,10/29/2020,1249.2,Y,BP,failed ink adhesion.,1091,*,12/16/2020,1249.19,AMJK,SN,17-2071 failed ink adhesion,CFMS,MRT,, PRINTRH04,3417.83,P043,RS,PRINTRH04
AM00986,P1,VB80372,A1,BV4B161,PRINTPACK,10/29/2020,1466.33,Y,BP,failed ink adhesion.,1284,*,12/16/2020,1466.32,AMJK,SN,17-2071 failed ink adhesion,CFMS,MRT,, PRINTRH04,1706.15,P043,RS,PRINTRH04
AM00986,P1,VB81388,A1,BV4B157,PRINTPACK,10/29/2020,1440.06,Y,BP,"failed ink adhesion.
",1261,*,12/16/2020,1440.06,AMJK,SN,17-2071 failed ink adhesion,CFMS,MRT,, PRINTRH04,1440.06,P043,RS,PRINTRH04
AM00986,P1,VB90378,A1,BV4B159,PRINTPACK,10/29/2020,1464.04,Y,BP,"failed ink adhesion.
",1282,*,12/16/2020,1464.04,AMJK,SN,17-2071 failed ink adhesion,CFMS,MRT,, PRINTRH04,1464.04,P043,RS,PRINTRH04
AM00987,P1,VD80088,A1,DV7A079,"AMERICAN SYNTHETIC FIBERS, LLC",10/14/2020,6820,Y,CT,OFF WHITE - 4400 LB,4400,*,12/03/2020,6252.7,AMJK,BO,RTN 4034 LB RECLAIM,JDZ,NL,, AMERIPE02,62554.9,L00C,RS,LOBLABR0B
AM00988,T3,VWA0366,A1,WVAA189,"HUGO'S INDUSTRIAL SUPPLY, INC",10/14/2020,0,Y,SW,FEDEX DO NOT DELIVER TO END USER LOCATION,0,*,11/19/2020,0,AMJK,CSM,"FEDEX, PAPERWORK FOR RE-DELIVERY ONLY
PDI PRO# 05410104573 10/19/2020",SWPB,PSB,, AMAZOJA02,5506.2,H263,RS,HUGOSIN08
AM00989,P1,VB70124,A1,BV5A394,PRINTPACK,10/14/2020,0,N,BP,"AMSC- BRT25- Pallet S0001023222 is the wrong width. Width should be 57.125:, but is actually 61.5"",
(if we can figure out which roll it got switched with -can we send new labels?)",0,*,11/13/2020,0,AMSC,SN,17-2070,CFMS,BRT,, WESTSWA03,22739.05,P043,RS,PRINTRH04
AM00989,P1,VB70124,A2,BV5A394,PRINTPACK,10/14/2020,0,N,BP,"AMSC- BRT25- Pallet S0001023222 is the wrong width. Width should be 57.125:, but is actually 61.5"".

$387.50 Loss time
(per Sherry Loomans - claim was canceled once tags were updated",0,*,11/13/2020,0,AMSC,SN,17-2070,CFMS,,, WESTSWA03,22739.05,P043,RS,PRINTRH04
AM00990,P1,VD90077,A1,DV7A012,AMTOPP CORPORATION,10/14/2020,3044.25,Y,CT,WHITE PELLETS MIXED AMONG THE TAN PELLETS ,2250,*,12/02/2020,3044.25,AMJK,BO,RTN 8250 LBS BACK TO RECLAIM,8MB,MP, - Sid Alarcon, BOPPLO01,8118,G03B,RS,GRANDVA01
AM00990,P1,VD90114,A1,DV7A012,AMTOPP CORPORATION,10/14/2020,8118,Y,CT,WHITE PELLETS MIXED AMONG THE TAN PELLETS ,6000,*,12/02/2020,8118,AMJK,BO,RTN 8250 LBS BACK TO RECLAIM,8MB,MP, - Sid Alarcon, BOPPLO01,8118,G03B,RS,GRANDVA01
AM00991,M0,VW91099,A1,WV9A805,SYSCO BARABOO LLC.,10/14/2020,3470.27,N,SW,"SHORT SHIPMENT, SHORT PAID $3470.27",0,D,10/21/2020,0,AMJK,JZU,DENY,SWSP,,, SYSCOBA04,2281.08,SW08,RS,SYSCOBA04
AM00992,M2,VB61877,A2,BV2A811,SONOCO FPD,10/15/2020,271.02,N,BP,Order billed at incorrect price 1.18. Should be billed at 1.12,4517.04,*,10/19/2020,271.02,AMJK,CJ,price,CFDP,CL,, SONOCMO05,4517.04,SC31,RS,SONOCHA15
AM00993,P1,VB61056,A1,BV4A667,"GOLDEN DYNAMIC,INC",10/15/2020,1023.75,N,BP,Roll # 414030402 was rejected due to crease.,1125,*,11/05/2020,1023.75,AMJK,LA,3332 creases,HQLA,SP,, LEGWOPC01,34894.86,D230,RS,GOLDEGA02
AM00994,M2,VB91155,A2,BV4A095,"JET PRINTING,LLC",10/15/2020,1190.6,N,BP,"PO# 15854- proforma was sent at 17,285 lbs. at 1.12/lb. = $19359.20 but invoice was billed at 1.17/lb due to September pricing. Difference in price is $0.05, so credit should total $1190.60.",23812,*,10/23/2020,1190.6,AMJK,AM,Discrepancy with proforma,CFJM,CL,, JETPRDI01,31431.84,J272,RS,JETPRNA01
AM00994,M2,VB91156,A1,BV5A110,"JET PRINTING,LLC",10/15/2020,691.15,N,BP,"Second shipment of PO# 15854- proforma was sent at 17,285 lbs. at 1.12/lb. = $19359.20 but invoice was billed at 1.17/lb due to September pricing. Difference in price is $0.05, so the credit on second shipment should total $691.15.",13823,*,10/23/2020,691.15,AMJK,AM,Discrepancy with proforma,CFJM,CL,, JETPRDI01,16172.91,J272,RS,JETPRNA01
AM00994,M2,VB91466,A2,BV5A110,"JET PRINTING,LLC",10/15/2020,173.1,N,BP,"PO# 15774- proforma was sent at 23,812 lbs. at 1.27/lb. = $30241.24; but order invoice was billed at 1.32/lb due to September pricing. Difference of $0.05 so credit should total $173.10. ",3462,*,10/23/2020,173.1,AMJK,AM,Discrepancy with proforma,CFJM,CL,, JETPRDI01,4050.54,J272,RS,JETPRNA01
AM00995,P1,VW91342,A1,WV9A944,"SYSCO EASTERN WISCONSIN, LLC 1175",10/16/2020,505.8,N,SW,TEARING - 20 RL,477.33,*,11/11/2020,505.8,AMJK,JZU,SCRAP IN FIELD 20 RL,SWSP,PSB,6252, SYSCOJA17,12806.86,SW38,RS,SYSCOJA17
AM00996,R1,VW11422,A1,WV1A855,VERITIV S.A. DE C.V.   **AMTOPP ONLY**,10/16/2020,1161.6,N,SW,2020 1ST QTR REBATE - $0.02 ON ALL,0,*,10/21/2020,1161.6,AMJK,SV,2020 1ST/2ND/3RD QTR REBATE - $0.02 ON ALL,SWPE,,, BESPOMC02,10752,X002,RS,VERITCJ01
AM00996,R1,VW11422,A2,WV1A855,VERITIV S.A. DE C.V.   **AMTOPP ONLY**,10/16/2020,780.8,N,SW,2020 2ND QTR REBATE - $0.02 ON ALL,0,*,10/21/2020,780.8,AMJK,SV,2020 1ST/2ND/3RD QTR REBATE - $0.02 ON ALL,SWPE,,, BESPOMC02,10752,X002,RS,VERITCJ01
AM00996,R1,VW11422,A3,WV1A855,VERITIV S.A. DE C.V.   **AMTOPP ONLY**,10/16/2020,1049.6,N,SW,2020 3RD QTR REBATE,0,*,10/21/2020,1049.6,AMJK,SV,2020 1ST/2ND/3RD QTR REBATE - $0.02 ON ALL,SWPE,,, BESPOMC02,10752,X002,RS,VERITCJ01
AM00997,P1,VBA0031,A1,BV8A594,PRINTPACK VR2(CONSGT-AMSC)GMI,10/16/2020,4904,Y,BP,AMSC- CWS23- Pallet S000112906 rejected due to telescope roll slid.,3503,*,12/07/2020,4904.2,AMSC,YM,22-208077 TELESCOPE,CFMS,CWS,, PRINTVR25,14707,P043,RS,PRINTVR24
AM00997,P1,VBA0031,A2,BV8A594,PRINTPACK VR2(CONSGT-AMSC)GMI,10/16/2020,937.5,N,BP,"AMSC- CWS23- Pallet S000112906 rejected due to telescope roll slid. 
Loss time: $937.50",0,*,12/07/2020,937.5,AMSC,YM,22-208077 TELESCOPE,CFMS,,, PRINTVR25,14707,P043,RS,PRINTVR24
AM00998,P1,VB82101,A1,BV7A650,PRINTPACK VR2(CONSGT-AMSC)GMI,10/16/2020,975,Y,BP,AMSC-CWS15- Pallet S000110292 rejected due to blocking/ hard edge.,650,*,11/19/2020,975,AMSC,YM,22-208070 blocking,CFMS,CWS,, PRINTVR25,13506,P043,RS,PRINTVR24
AM00998,P1,VB82101,A2,BV7A650,PRINTPACK VR2(CONSGT-AMSC)GMI,10/16/2020,987.5,N,BP,"AMSC-CWS15- Pallet S000110292 rejected due to blocking/ hard edge.
Loss time: $987.50",0,*,11/19/2020,987.5,AMSC,YM,22-208070 blocking,CFMS,,, PRINTVR25,13506,P043,RS,PRINTVR24
AM00999,P1,VB91678,A1,BV7A055,PRINTPACK VR2(CONSGT-AMSC)GMI,10/16/2020,988.5,Y,BP,AMSC- CWS15- Pallet S000110410 rejected due to wrinkles.,659,*,11/19/2020,988.5,AMSC,SN,22-208081 wrinkles,CFMS,CWS,, PRINTVR25,4489.5,P043,RS,PRINTVR24
AM00999,P1,VB91678,A2,BV7A055,PRINTPACK VR2(CONSGT-AMSC)GMI,10/16/2020,312.5,N,BP,"AMSC- CWS15- Pallet S000110410 rejected due to wrinkles.
Loss time: $312.50",0,*,11/19/2020,312.5,AMSC,SN,22-208081 wrinkles,CFMS,,, PRINTVR25,4489.5,P043,RS,PRINTVR24
AM01000,P1,VB72219,A1,BV7A226,AMERICAN PACKAGING CORP.,10/16/2020,0,N,BP,"AMJK- BTP18- Pallet 7001082600 splice caused machine to loose web during set up. cause of 120 min of downtime.

Informational claim only- requested corrective action.",0,*,11/18/2020,0,AMJK,YM,7552,CFGF,BTP,, AMERICH55,5664.74,A050,RS,AMERISC01
AM01002,M0,VW60558,A1,WV6A191,MEMCO INC,10/18/2020,947.82,Y,SW,"ORDER PLACED BY MISTAKE - 40 RL, CHARGE 10% RESTOCKING FEE $124.16, AND FREIGHT $169.62",1280,*,11/02/2020,947.82,AMJK,EV,"RTN 40-G, DEDUCTED 10% RESTOCKING FEE $124.16, AND FREIGHT $169.62",SWCG,ETL,, MEMCOSP02,1241.6,M716,RS,MEMCOHO05
AM01003,M2,VB61957,A2,BV4B001,SONOCO (PLASTIC PACKAGING),10/19/2020,601.64,N,BP,Should be billed 0.805. Was invoiced at .825,30082,*,10/23/2020,601.64,AMJK,CJ,price,CFDP,TT,, CONSOHI01,24817.65,P231,RS,SONOCHI01
AM01004,P1,VB80310,A2,BV4B087,"GOLDEN DYNAMIC,INC",10/19/2020,142.24,N,BP,Roll # 0061700753 was rejected due to wrinkles.,127,*,11/18/2020,142.24,AMSC,LA,3346 wrinkles,HQLA,SP,, MULTIWH01,45805.48,D230,RS,GOLDEGA02
AM01005,P1,VB50549,A1,BV4A458,SIGNATURE FLEXIBLE PKG,10/19/2020,898.8,Y,BP,baggy,642,*,11/18/2020,2527,AMJK,SN,Baggy film returned,CFDH,WA,, SIGNACA01 SIGNACO02,26616.8,S014,RS,SIGNACO02
AM01005,P1,VB61665,A1,BV4A478,SIGNATURE FLEXIBLE PKG,10/19/2020,1755.6,Y,BP,baggy,1254,*,11/18/2020,2756.6,AMJK,SN,Baggy film returned,CFDH,WA,, SIGNACA01 SIGNACO02,55574.4,S014,RS,SIGNACO02
AM01005,P1,VB62080,A1,BV4A478,SIGNATURE FLEXIBLE PKG,10/19/2020,2459.8,Y,BP,WA30 baggy,1757,*,11/18/2020,0,AMJK,SN,Baggy film returned,CFDH,WA,, SIGNACA01 SIGNACO02,3525.2,S014,RS,SIGNACO02
AM01005,P1,VBA0076,A1,BV7A746,SIGNATURE FLEXIBLE PKG,10/19/2020,940.95,Y,BP,WA30 - baggy,615,*,11/18/2020,1173.51,AMJK,AM,Baggy film returned,CFDH,WA,, SIGNACA01 SIGNACO02,23580.36,S014,RS,SIGNACO02
AM01006,T3,VWA0768,A1,WV9B165,SYSTEMS PACK INC.,10/19/2020,5930.4,Y,SW,FEDEX DO NOT DELIVER TO END USER LOCATION,4463,*,11/19/2020,5930.4,AMJK,CSM,"FEDEX, RTN 1680-G",SWMZ,PSB,, DOLLAZA01,5930.4,S138,RS,SYSTEMA01
AM01007,DE,VWA0496,A1,WVAA223,"HUGO'S INDUSTRIAL SUPPLY, INC",10/19/2020,900,N,SW,DEBIT FOR DIVERT COST - $900,2520,*,11/11/2020,900,AMJK,CSM,DEBIT,SWPB,PSB,, AMAZODA05,21268.8,H263,RS,HUGOSIN08
AM01008,M3,VB71031,A1,BV3A790,PRINTPACK - FRITO (VR1),10/19/2020,1218.03,N,BP,AMSC-CWS15- Entered as a Frito order. Invoiced at Frito Price of $1.50. ,0,*,10/23/2020,1218.03,AMSC,SN,price,CFMS,CWS,, PRINTVR37,3396,P043,RS,PRINTVR37
AM01009,M3,VBA0484,A1,BV9A375,UNIMAC GRAPHICS,10/20/2020,3333.11,N,BP,"1/2 of Qly increase for first two trucks
in October. Unimac working at fast
pace to gain Refresco business at 1
MM lbs +, all new business for
Inteplast. Wasn't able to get
inventory released in time to get out
ahead of price increase asked for
support on first two trucks. We
offered to forego 1/2 of the inrease =
67,815 LBS X $.0492 = $3,333.11",0,*,10/23/2020,3333.11,AMJK,AM,price,CFLD,VS,, UNIMAOF01,9412.51,K200,RS,UNIMACA02
AM01010,M0,UWC0545,A1,WUCA375,LEGACY PAPER AND PACKAGING,10/20/2020,1106.56,Y,SW,CUSTOMER ORDERED IN ERROR - CHARGE 5% RESTOCKING FEE,1280,*,11/25/2020,1106.56,AMJK,CSM,"RTN 120 RL, DEDUCTED 5% RESTOCKING FEE",SWPBS,ETK,, DIVERCO07 LEGACHO01,12701.92,L291,RS,LEGACHO01
AM01010,M0,VW50153,A1,WV5A048,LEGACY PAPER AND PACKAGING,10/20/2020,2380.8,Y,SW,CUSTOMER ORDERED IN ERROR - CHARGE 5% RESTOCKING FEE,2560,*,11/25/2020,2261.76,AMJK,CSM,"RTN 120 RL, DEDUCTED 5% RESTOCKING FEE",SWPBS,ETK,, DIVERCO07 LEGACHO01,4659.2,L291,RS,LEGACHO01
AM01011,R1,VB82103,A1,BV7A567,FORT DEARBORN COMPANY,10/20/2020,8517.35,N,BP,"PepsiCo Beverage Rebate - Q3 2020
Films sold to Fort Dearborn
TA57 = 19,446 lb. 
Total lbs = 19,446 lb. 
Total rebate = $8,517.35.",19446,*,10/27/2020,8517.35,AMJK,KS,PEPSICO q3 2020 REBATE,CFDP,TA,, FORTDLA01,15456.58,F255,RS,FORTDLA01
AM01012,P1,VB90871,A1,BV6A941,AMERICAN PACKAGING CORP.,10/21/2020,981.75,N,BP,AMSC-SP12- Pallet S000107552 rejected due to rough split causing web breaks.,904,*,12/07/2020,981.75,AMSC,YM,7629 WEB BREAKS,CFGF,SP,, AMERIDM08,8786.83,A050,RS,AMERISC01
AM01013,M1,VBA0924,A1,BV9A504,C-P FLEXIBLE PACKAGING,10/21/2020,659.75,Y,BP,"Pallet was incorrectly billed - pallet needs to be returned to the consignment warehouse to re-bill at a later date.  
The total invoiced is $671.06 but we issued an allowance of $11.31 f",754,*,10/23/2020,659.75,AMJK,AM,released early,CFLD,VA,, CPFLEYO02,659.75,C047,RS,CPFLEYO01
AM01014,T1,VWA0440,A1,WV9A334,"TM DE AMERICA, S.A. DE C.V.",10/21/2020,246.46,N,SW,DAMAGED IN TRANSIT - 11 RL,310.92,*,11/02/2020,246.46,AMJK,SV,"QUATERBACK, SCRAPPED 11 IN FIELD ",SWPE,EPB,, NGLOGLA01,19936.2,T385,RE,TMDEAGU01
AM01015,T3,VWA0640,A1,WVAA313,AZTEC DISCOUNT SUPPLIES INC,10/21/2020,904.08,N,SW,FEDEX DELIVERED INCOMPLETE MATERIAL,829.44,*,11/25/2020,904.08,AMAZ,SV,"FEDEX, LOST IN TRNAIT 24 CS",SWCK,HCB,, AZTECAL01,7388.96,A351,RS,AZTECAL01
AM01016,T1,VWA0406,A1,WV9B172,PAQ-SOURCE AUSTIN,10/21/2020,29.61,N,SW,DAMGED IN TRANSNIT - 7 RL,23.55,*,10/29/2020,29.61,AMAZ,SV,"SAIA, SCRAP IN FIELD 7 RL",SWBS,PSB,, PAQSOAU06,3654.72,P874,RS,PAQSOAU04
AM01017,M5,VWA0679,A1,WV9A541,ERNEST PACKAGING SOLUTIONS,10/21/2020,27.3,N,SW,SAMPLE - 1 CS,34.56,*,10/29/2020,27.3,AMAZ,SV,CREDIT SAMPLE,SWCK,HCB,, ERNESTO01,23312.96,E386,RS,ERNESCO01
AM01018,P1,VB80657,A1,BV6A281,PRINTPACK,10/22/2020,1221.47,N,BP,"cold seal not sticking to raw film - will stick to printed film but not raw film
#S000106696",0,*,12/17/2020,1221.47,AMSC,SN,17-2065 cold seal not sticking,CFMS,BRT,, WESTSWA03,11524.45,P043,RS,PRINTRH04
AM01019,P1,VB90940,A1,BV7A528,KENDALL PACKAGING CORP,10/22/2020,126.77,N,BP,VA25 - baggy edges roll #0081602055,79,*,11/05/2020,126.77,AMJK,AM,202000364 baggy,CFGT,VA,, KENDAJE01,7093.08,K005,RS,KENDAME01
AM01020,M4,VB91950,A1,BV8A810,PRINTPACK,10/22/2020,1267.21,N,BP,Duplicate Invoice. Pallet 7001090348 was invoiced twice. Invoiced on VB91955 (9/28) and VB91950 (9/29). ,1663,*,10/27/2020,1267.21,AMJK,YM,DUPLICATE INVOICE,CFMS,VA,, PRINTRH04,1267.21,P043,RS,PRINTRH04
AM01021,T1,VBA0533,A1,BVAA120,BL PLASTIC SLITTING & CONVERTING LLC,10/23/2020,1552.5,N,BP,Roll # 0004274680 was rejected due to transit damaged,1350,*,11/13/2020,1552.5,AMJK,LA,damaged in transit,HQLA,SP,, BLPLAEH01,3109.6,B491,RS,BLPLAEH01
AM01022,P1,VBA0317,A1,BV7A085,GARLOCK PRINTING & CONVERTING CORP,10/23/2020,104.78,N,BP,"wrinkle on film attached picture of 1 pallet- pallet # 0081402892.
film scrapped",126.7,*,11/18/2020,104.78,AMJK,AM,202000459 wrinkle,CFDH,BFP,, GARLORE01,17429.78,G002,RS,GARLOGA01
AM01023,M2,VBA0528,A1,BV6A155,"DISTINCT PACKABILITIES, LLC",10/23/2020,266.63,N,BP,"PO 7427 shipped in October but had to be split up into two BOL's since it exceeded a FTL- BV9A592 & BV9B592. To add more weight to the second truck as well as ship aged inventory that was on the floor, 2 pallets from BV6A155 shipped under BV9B592, when order BV6A155 originally shipped in July with July pricing of $.915. Customer is asking for the 2 pallets to be kept at July pricing instead of October pricing of $1.05. ",1975,*,10/28/2020,266.63,AMJK,AM,PRICE,CFJM,CL,, DISTISH04,2073.75,D390,RS,DISTISH04
AM01024,P1,VB90830,A1,BV8A212,AMPAC - DIVISION OF PROAMPAC,10/23/2020,518.95,N,BP,"heavy creasing - roll #0084100347

Requested better picture be sent of defect (no further pictures are available, please process with black and white picture sent) Roll scrapped",313,*,12/16/2020,518.95,AMJK,DB,heavy creasing,CFGT,ZWP,, AMPACTE03,8025.45,PB46,RS,AMPACTE01
AM01025,T1,VWA1025,A1,WVAA309,DIXIE STRAPPING & TWINE CO.,10/26/2020,33.1,N,SW,DAMAGED IN TRANSIT - 1 RL,31.52,*,10/29/2020,33.1,AMJK,EV,"DRAKE, SCRAP IN FIELD 1 RL",SWKM,EHB,, DIXIEOD06,27584.48,DA14,RS,DIXIEOD05
AM01026,P1,VB81389,A1,BV6A858,PRINTPACK,10/26/2020,257.84,N,BP,failed ink adhsion,0,*,12/16/2020,257.84,AMJK,SN,17-2074 failed ink adhesion,CFMS,MRT,, PRINTRH04,3146.21,P043,RS,PRINTRH04
AM01026,P1,VB81389,A2,BV6A858,PRINTPACK,11/10/2020,1065.48,Y,BP,failed ink adhesion,933,*,12/16/2020,1065.48,AMJK,SN,17-2074 failed ink adhesion,CFMS,MRT,, PRINTRH04,3146.21,P043,RS,PRINTRH04
AM01026,P1,VBA1147,A1,BV6A321,PRINTPACK,10/26/2020,1670.28,Y,BP,failed ink adhesion,1347,*,12/16/2020,1670.28,AMJK,SN,17-2074 failed ink adhesion,CFMS,MRT,, PRINTRH04,1670.28,P043,RS,PRINTRH04
AM01026,P1,VBA1148,A1,BV6A536,PRINTPACK,10/26/2020,8541.12,Y,BP,AMJK- MRT18- 5 rolls from PO 50941332 and 2 rolls from PO 50939832 rejected due to ink adhesions issues.,6888,*,12/16/2020,8541.12,AMJK,SN,17-2074 failed ink adhesion,CFMS,MRT,, PRINTRH04,8541.12,P043,RS,PRINTRH04
AM01029,M4,VB81446,A1,BV7A098,CAPRI PACKAGING. TC TRANSCONTINENTAL,10/26/2020,0,N,BP,"late delivery
",0,*,11/05/2020,0,AMJK,DB,closed,CFGF,,, CAPRICL03,14335.62,T685,RS,CAPRICL05
AM01030,M4,VB30008,A1,BUAA995,CAPRI PACKAGING. TC TRANSCONTINENTAL,10/26/2020,0,N,BP,Improperly sealed trailer,0,*,11/05/2020,0,AMJK,DB,closed,CFGF,,, CAPRICL03,7683.1,T685,RS,CAPRICL05
AM01031,T2,VB61865,A1,BV5A197,CAPRI PACKAGING. TC TRANSCONTINENTAL,10/26/2020,0,N,BP,late delivery Corrective Action Report Required,0,*,11/05/2020,0,AMJK,DB,closed,CFGF,,, CAPRICL03,20770.93,T685,RS,CAPRICL05
AM01032,P1,VW91282,A1,WV9A692,LAKELAND SUPPLY INC.,10/26/2020,1518.8,Y,SW,TEARING - 40 RL,1489.32,D,12/04/2020,0,AMJK,CSM,"DENY, SAMPLE INVALID",SWMZ,EHB,, LAKELPE01,26943.82,L056,RS,LAKELPE01
AM01033,P1,VBA0085,A1,BV7A509,OVERWRAPS,10/26/2020,1084.07,N,BP,"Wrinkles. See next sheet for picture.
OW R3342805		
Vendor ID: 0004259372",806,*,12/02/2020,1084.07,AMJK,GO,Amtopp399 wrinkles,CFDP,HD,, OVERWDA01,6409.84,O006,RS,OVERWDA01
AM01034,T1,VWA1049,A1,WVAA200,ROBINSON TAPE AND LABEL,10/26/2020,3516.86,Y,SW,DAMAGED IN TRANSIT - 96 CASES ,3318,*,11/19/2020,3516.86,AMJK,EV,"FEDEX, 96-S",SWKM,HCB,, ROBINJA01,5275.3,R071,RS,ROBINJA01
AM01035,M5,VWA0732,A1,WVAA104,RENEWABLE SOLUTIONS LLC,10/27/2020,77.54,N,SW,SAMPLE - 2 RL,63.04,*,10/29/2020,77.54,AMJK,CY,CREDIT SAMPLE,SWJD,ELB,, MBTPRMI01,12625.8,R338,RS,RENEWMF01
AM01035,M5,VWA1112,A1,WVAA104,RENEWABLE SOLUTIONS LLC,10/27/2020,77.54,N,SW,SAMPLE - 2 RL,63.04,*,10/29/2020,77.54,AMJK,CY,CREDIT SAMPLE,SWJD,ELB,, MBTPRMI01,1550.8,R338,RS,RENEWMF01
AM01036,P5,VBA0974,A1,BV9A204,"PACKAGING FILM RESOURCES, LLC",10/27/2020,254,N,BP,Wrong weight was manually inputted for a roll. Need to credit customer 183 lbs. See emails attached. ,183,*,12/02/2020,254,AMJK,TSR,wrong weight,CFGF,PL,, TOTALDA03,5279.95,P794,RS,PACKACA05
AM01037,P1,VB61877,A3,BV2A811,SONOCO FPD,10/27/2020,3127.76,N,BP,"Baggy causing register issues 
0004220442 - 955 lbs
0004220472 - 543 lbs
2 hours downtime $1450",0,*,11/18/2020,3127.76,AMJK,CJ,021445 BAGGY,CFDP,CL,, SONOCMO05,4517.04,SC31,RS,SONOCHA15
AM01038,M4,UBC0503,A1,BU7A678,CAPRI PACKAGING. TC TRANSCONTINENTAL,10/27/2020,0,N,BP,improperly sealed trailer,0,*,11/05/2020,0,AMJK,DB,closed,CFGF,,, CAPRICL03,2944.37,T685,RS,CAPRICL05
AM01039,P1,UB91041,A2,BU9A566,BRYCE CORPORATION,10/28/2020,15147.44,Y,BP,"AMJK- KWM25- Palletss4138084, 4138131, 41397237, 4139376, 4139379 rejected due to poor bonds. (unit price $2.182 not $2.236)",6942,*,12/02/2020,15147.44,AMJK,YM,406483/484/418452/406485/412399/446611/409797,CFJL,KWM,, BRYCEME11 BRYCESE02,15147.44,B102,RS,BRYCEME04
AM01039,P1,UB91056,A2,BU9A566,BRYCE CORPORATION,10/28/2020,3467.19,Y,BP,"AMJK- KWM25- Pallets 4138620 and 4138450 rejected due to poor bonds.
unit price $2.182 (not $2.236)",1589,*,12/02/2020,3467.19,AMJK,YM,406483/484/418452/406485/412399/446611/409797,CFJL,KWM,, BRYCEME11 BRYCESE02,13550.22,B102,RS,BRYCEME04
AM01039,P1,UB91056,A3,BU9A566,BRYCE CORPORATION,12/01/2020,389.05,N,BP,4138620 (325 lbs returned -not keyed in) - total 1767.3 lbs for 406484,178.3,*,12/02/2020,389.05,AMJK,YM,406483/484/418452/406485/412399/446611/409797,CFJL,KWM,, BRYCEME11 BRYCESE02,13550.22,B102,RS,BRYCEME04
AM01039,P1,UB91405,A2,BU9A760,BRYCE CORPORATION,10/28/2020,803.63,N,BP,KWM25- Pallet 4128055 rejected due to bad metal. ,368.3,*,12/02/2020,803.63,AMJK,YM,406483/484/418452/406485/412399/446611/409797,CFJL,KWM,, BRYCEME11 BRYCESE02,3371.19,B102,RS,BRYCEME04
AM01039,P1,UB91494,A2,BU9A795,BRYCE CORPORATION,10/28/2020,2465.66,N,BP,"AMJK- KWM25 Pallet 4135961 rejected due to poor bonds.
unit price $2.182 (not $2.236)",1130,*,12/02/2020,2465.66,AMJK,YM,406483/484/418452/406485/412399/446611/409797,CFJL,KWM,, BRYCEME11 BRYCESE02,6954.03,B102,RS,BRYCEME04
AM01039,P1,UBA0460,A1,BUAA245,BRYCE CORPORATION,10/27/2020,653.19,N,BP,"AMJK-KM25-Pallet 4132755 rejected due to low dyne. Pallets were left over from original KM25/KWM25 return. (unit price $1.723/lb not $1.776
",379.1,*,12/02/2020,653.19,AMJK,YM,406483/484/418452/406485/412399/446611/409797,CFJL,KM,, BRYCEME11 BRYCESE02,2367.4,B102,RS,BRYCEME04
AM01039,P1,UBB0186,A2,BU8A739,BRYCE CORPORATION,10/28/2020,3023.45,Y,BP,"AMJK-KWM25- Pallets 4178444 and 4178497 rejected due to boor bonds.
Unit price $2.183 (not $2.236/lb)",1385,*,12/02/2020,3023.45,AMJK,KS,406483/484/418452/406485/412399/446611/409797,CFYG,KWM,, BRYCEME11 BRYCESE02,6247.75,B102,RS,BRYCEME04
AM01039,P1,UBB0186,A3,BU8A739,BRYCE CORPORATION,12/01/2020,2468.97,N,BP,pallet 4178497 (368 lbs returned - 763 lbs short),1131,*,12/02/2020,2468.97,AMJK,KS,406483/484/418452/406485/412399/446611/409797,CFYG,KWM,, BRYCEME11 BRYCESE02,6247.75,B102,RS,BRYCEME04
AM01039,P1,UBB0657,A2,BUBA341,BRYCE CORPORATION,10/28/2020,1527.01,N,BP,"AMJK- KWM- Pallets 4129073 rejected due to bad metal.
unit price $2.183 (not $2.236)
",699.5,*,12/02/2020,1527.01,AMJK,YM,406483/484/418452/406485/412399/446611/409797,CFJL,KWM,, BRYCEME11 BRYCESE02,4929.21,B102,RS,BRYCEME04
AM01046,M4,VW60611,A2,WV6A359,SYSCO SAN DIEGO - 036,10/27/2020,100,N,SW,CUSTOMER UNLAODING CHARGE - $100,0,*,11/19/2020,100,AMAZ,JZU,CREDIT ,SWSP,,, SYSCOPO05,25485.8,SW91,RS,SYSCOPO05
AM01047,M0,VW81266,A1,WV8A641,SYSCO CENTRAL PENNSYLVANIA 051,10/27/2020,610.85,N,SW,UNPAID TAX - $610.85,0,D,11/02/2020,0,AMJK,JZU,DENY,SWSP,,, SYSCOHA22,10791.65,SW49,RS,SYSCOHA22
AM01048,M0,VW90107,A1,WV8A722,SYSCO FOODS OF CENTRAL FL,10/27/2020,1537.42,N,SW,UNPAID TAX - $1537.42,0,D,11/02/2020,0,AMJK,JZU,DENY,SWSP,,, SYSCOOC03,25190.14,SW14,RS,SYSCOOC03
AM01049,S4,VWA0148,A1,WV9A739,KROGER - PEYTON'S MID SOUTH,10/27/2020,1007.39,N,SW,LATE DELIVERY - 3% OF THE INVOICE ,0,*,12/02/2020,1007.39,AMJK,JZU,CREDIT,SWRIT,,, PEYTOPO01,33579.52,K024,RS,KROGENA19
AM01050,P1,VB90512,A1,BV8A408,"PLASTIC PACKAGING TECHNOLOGIES, LLC",10/28/2020,687.94,N,BP,"PPT-Columbus has rejected 317 lb of 43” RF-140OPP-CLR from PO 106653 @ $0.933/lb, due to poor CD profile. PPT IR 8181411. We have
also rejected 6,763 feet of printed WIP from PPT Job 752317 due to the defect causing breaks in the print. The cost of film, inks and overhead to
produce this print WIP is $392.18. Trace ID 8310904. A copy of the raw film roll tag and pictures of the problem are attached to the email with
this claim.",317,*,11/18/2020,687.94,AMJK,PV,202001323 poor profile,CFRH,BA,, OHIOLCO01,33557.21,P723,RS,PLASTKC18
AM01051,T2,VW91365,A1,WV9A738,KROGER NASHVILLE - RASC (RP) AM,10/28/2020,397.06,N,SW,LATE DELIVERY - 3% OF THE INVOICE ,0,*,12/02/2020,397.06,AMAZ,JZU,"REDDWAY, CREDIT ",SWRIT,,, PUYALPU01,13235.2,K024,RS,KROGENA20
AM01052,P1,VBA0671,A1,BV8A424,UPM-RAFLATAC INC,10/28/2020,375.95,N,BP,Blocking: $.96/LB x 391.61 = $375.95,391.61,*,11/05/2020,375.95,AMSC,AH,M-NC012206 blocking,CFLV,BFY,, UPMRAFL02,38851.2,UA21,RS,UPMRAPH01
AM01053,P1,VB90308,A1,BV8A083,MENASHA,10/28/2020,1327.19,N,BP,"CT40 - ""welts"" - pictures attached
requested samples to be mailed",1258,*,11/05/2020,1327.19,AMJK,CD,R727 welts,CFRH,CT,, MENASNE05,39077.2,M077,RS,MENASNE01
AM01054,P1,VBA0671,A3,BV8A424,UPM-RAFLATAC INC,10/28/2020,2520,N,BP,"Hole in the materials at the core: $.96 x 2,625LB = $2,520
roll #S000110168
Corrective Action report attached. 
thumb drive video being sent to plant to show defect",0,*,12/07/2020,2520,AMSC,AH,M-NC00012215 HOLE IN MATERIAL,CFLV,BFY,, UPMRAFL02,38851.2,UA21,RS,UPMRAPH01
AM01055,P1,VW70269,A1,WV7A125,SIGMA SUPPLY (RED SHEET),10/29/2020,633.42,N,SW,HOLES/WRINKLE - 17 RL,615,*,11/25/2020,633.42,AMAZ,CY,SCRAP IN FIELD 17 RL,SWCK,ELB,, GRAHACG02,1490.4,S171,RS,SIGMAHS09
AM01056,M1,VWA1204,A1,WVAA085,TAPE PRODUCTS CO.,10/29/2020,6432,Y,SW,KEY IN ERROR - WRONG PRODUCT,9216,*,11/19/2020,6432,AMJK,CSM,RTN 96 ROLLS BACK TO FG,SWBU,CHV,, TAPEPCI01,9300.48,T105,RS,TAPEPCI01
AM01057,P1,VB60051,A2,BV4A345,FORT DEARBORN COMPANY,10/29/2020,2286.24,N,BP,"Reel #
0041202642
0041202647
Baggy Web edge ",1732,*,11/18/2020,2286.24,AMJK,KS,AM2020-07001 baggy,CFDP,WT,, FORTDWI01,23850.81,F255,RS,FORTDWI01
AM01057,P1,VB60312,A1,BV4A493,FORT DEARBORN COMPANY,10/29/2020,660.45,N,BP,"REEL# 0051400027
Baggy edge causing down curl",595,*,11/18/2020,660.45,AMJK,KS,AM2020-07001 baggy,CFDP,VS,, FORTDWI01,11617.56,F255,RS,FORTDWI01
AM01057,P1,VB61863,A1,BV5A040,FORT DEARBORN COMPANY,10/29/2020,803.32,N,BP,"0061100419
Baggy edge causing up and down curl",760,*,11/18/2020,803.32,AMJK,KS,AM2020-07001 baggy,CFDP,PL,, FORTDWI01,8337.19,F255,RS,FORTDWI01
AM01058,R1,VB91547,A1,BV5A793,SONOCO FPD,10/29/2020,56292.6,N,BP,"Unilever Rebate - Q3 2020
CQW25 and CL30 thru Sonoco
Total lbs: 281,463 lb. 
Rebate: $0.20/lb. for CL30
Total rebate: $56,292.60.",281463,*,11/02/2020,56292.6,AMJK,CJ,Q3 REBATE ,CFDP,CL,, SONOCMO05,15381.1,SC31,RS,SONOCHA17
AM01059,P1,VB90089,A1,BV7A533,SPEAR DBA MULTI COLOR,10/30/2020,806.24,N,BP,Baggy edge and wrinkles ,917.22,*,11/18/2020,806.24,AMJK,KS,#531 baggy,CFLD,TL,, SPEARFU01,33002.06,S699,RS,SPEARFU01
AM01061,M4,VBA1404,A1,BV9A811,AMERICAN PACKAGING CORP.,10/30/2020,190.67,N,BP,"AMJK- BFA18- 2,300 lbs. of BFA18 58.625"" were used to cover a shortage of BFA18 53.375"". Trim $0.0829/ LB. Total trim credit $190.67",2300,*,11/13/2020,190.67,AMJK,YM,Trim credit,CFGF,BFA,, AMERIDM06,24984.97,A050,RS,AMERISC01
AM01062,T1,VW80699,A1,WV8A175,ORORA NORTH AMERICA,10/30/2020,5363.2,Y,SW,"DAMAGED IN TRANSIT- ENTIRE T/L, (AM00776)
INSURANCE COMPANY ON INSPECTION, 9/18 ",4745.85,*,11/03/2020,5363.2,AMJK,JZU,"GILTNER, RETUTNED 320 CASES SCRAPPED",SWDP,HLP,, KENTHTR01,5363.2,K103,RS,KENTHTE04
AM01063,T1,VWA0328,A1,WV9A456,TRM MANUFACTURING,10/30/2020,598.22,N,SW,DAMAGED IN TRANSIT - 14 RL,704,*,12/02/2020,598.22,AMJK,JZU,"AAL, SCRAP IN FIELD 14 RL",SWMD,AM1,, FRESHSA10,22219.6,T053,RS,TRMMACO01
AM01064,P1,VB90055,A1,BV8A637,PRINT PACK,10/30/2020,0,N,BP,"AMSC- BRT15- The below pallets rejected due to poor roll profile causing wood grain 
S000101075 390 lbs. (see AM01074 - VB51981-A2 credit for 390 lbs)
 Loss time $425
Claim related charges $1,259.40

Total 1,684.40
",0,*,11/19/2020,0,AMSC,YM,13-5185 poor profile,CFMS,BRT,, PRINTEL02,9494.45,P043,RS,PRINTEL02
AM01064,P1,VB90055,A2,BV8A637,PRINT PACK,11/18/2020,425,N,BP,profile- claim related charges- downtime,0,*,11/19/2020,425,AMSC,YM,13-5185 poor profile,CFMS,,, PRINTEL02,9494.45,P043,RS,PRINTEL02
AM01064,P1,VB90446,A1,BV8A637,PRINT PACK,11/18/2020,805.48,Y,BP,poor profile ,903,*,11/19/2020,805.48,AMSC,YM,13-5185 poor profile,CFMS,BRT,, PRINTEL02,6205.64,P043,RS,PRINTEL02
AM01065,P1,VB91487,A1,BV8A636,PRINT PACK,10/30/2020,360.37,Y,BP,AMSC- BRT15- Pallet S000110673 Poor profile causing wood grain appearance.,404,*,11/19/2020,360.36,AMSC,YM,13-5186 poor profile,CFMS,BRT,, PRINTEL02,5011.26,P043,RS,PRINTEL02
AM01065,P1,VB91487,A2,BV8A636,PRINT PACK,10/30/2020,425,N,BP,"AMSC- BRT15- Pallet S000110673 Poor profile causing wood grain appearance.

$425 total loss time.",0,*,11/19/2020,425,AMSC,YM,13-5186 poor profile,CFMS,,, PRINTEL02,5011.26,P043,RS,PRINTEL02
AM01066,P1,VBA1269,A1,BV9A027,PRINT PACK,10/30/2020,1328.7,Y,BP,AMJK- VA30- Pallet 7001090594 rejected due to baggy edge causing register to float.,1545,*,12/16/2020,1156.7,AMJK,YM,13-5188 baggy,CFMS,VA,, PRINTEL02,2627.3,P043,RS,PRINTEL02
AM01066,P1,VBA1269,A2,BV9A027,PRINT PACK,10/30/2020,850,N,BP,AMJK- VA30- Pallet 7001090594 rejected due to baggy edge causing register to float. $850 total loss time charges,0,*,12/16/2020,1022,AMJK,YM,13-5188 baggy,CFMS,,, PRINTEL02,2627.3,P043,RS,PRINTEL02
AM01067,P5,VBA1440,A1,BV9A194,GARLOCK PRINTING & CONVERTING CORP,11/02/2020,0,N,BP,"cores damaged in transit - 
Customer double checked material and found only paper core plugs were damaged. Cores underneath were ok to use. Will keep and use material. ",0,*,12/31/2020,0,AMJK,AM,202000485 cores damaged,CFDH,BFP,, GARLORE01,5944.05,G002,RS,GARLOGA01
AM01068,P1,VB70638,A1,BV6A760,TEKNI-FLEXIBLES LLC,11/03/2020,22244.87,Y,BP,TL25B  low treatment level on corona side,15992,D,12/10/2020,0,AMJK,AM,1068 treatment - used film,CFGT,TL,, TEKNIMA01,22244.87,T467,RS,TEKNIWA01
AM01068,P1,VBA0670,A1,BV8A203,TEKNI-FLEXIBLES LLC,11/03/2020,6586.57,Y,BP,TL25B- low treatment level on corona side (not sure breakdown of the film between the two orders on claim - will hold off on any return until samples received),4288.13,D,12/10/2020,0,AMJK,AM,1068 treatment - used film,CFGT,TL,, TEKNIMA01,24935.42,T467,RS,TEKNIWA01
AM01069,M3,VB80427,A1,BV7A083,CP FLEXIBLE PACKAGING,11/03/2020,0,N,BP,Price should be $1.019/lb,0,*,11/13/2020,121.26,AMSC,CD,price,CFRO,BRT,, CPFLELA01,2497.57,G876,RS,CPFLELA01
AM01070,P1,VBA0482,A1,BV4A319,UNIMAC GRAPHICS,11/03/2020,225.32,N,BP,"Bad edge- shiners sticking out.  Had another 4 or 5 rolls just like this that he had to slab off .
Looking for corrective action and credit for this one roll  0051300716",182,*,12/02/2020,225.32,AMJK,AM,bad edge,CFLD,VS,, UNIMAOF01,26004.66,K200,RS,UNIMACA02
AM01071,T1,VWA1465,A1,WVAA953,MORPAK SPECIALTIES,11/03/2020,101.61,N,SW,DAMAGED IN TRANSIT - 3 CASES (CONSIGNMENT ORDER #WXVA041),103.68,*,12/03/2020,101.61,AMJK,CSM,"SAIA, SCRAP IN FIELD 3 CS",SWPB,HCB,, MORPARO03,17305.44,M141,RS,MORPARO03
AM01073,S2,VBA1614,A1,BVAA769,SONOCO PRODUCTS COMPANY,11/03/2020,6109.46,Y,BP,"Item#4 didn't ship, but Shipping keyed it in.
Need to credit and put materials back in the system and re-ship it.",8092,*,11/04/2020,6109.46,AMSC,AH,did not ship,CFDP,ZS,, SONOCEG01,16025.64,C099,RS,SONOCEG01
AM01074,P1,VB51981,A1,BV4A104,PRINT PACK,11/03/2020,1096.29,Y,BP,"AMSC- BRT15- Pallets S000110536 (508 lbs.) and S000101044 (1170 lbs) have poor profile causing wood grain appearance.

$637.50 lost time charges
$1,549.43 claim related charges",1170,*,11/24/2020,1096.29,AMSC,SN,13-5190 /,CFMS,BRT,, PRINTEL02,6553.38,P043,RS,PRINTEL02
AM01074,P1,VB51981,A2,BV4A104,PRINT PACK,11/04/2020,365.43,Y,BP,poor profile 390 lbs (see AM01064) sqc 13-5185,390,*,11/24/2020,365.43,AMSC,SN,13-5190 /,CFMS,BRT,, PRINTEL02,6553.38,P043,RS,PRINTEL02
AM01074,P1,VB90446,A2,BV8A637,PRINT PACK,11/18/2020,446,Y,BP,poor profile,500,*,11/24/2020,446,AMSC,YM,13-5190 /,CFMS,BRT,, PRINTEL02,6205.64,P043,RS,PRINTEL02
AM01074,P1,VB90446,A3,BV8A637,PRINT PACK,11/19/2020,637.5,N,BP,downtime - $637.50,0,*,11/24/2020,637.5,AMSC,YM,13-5190 /,CFMS,,, PRINTEL02,6205.64,P043,RS,PRINTEL02
AM01075,M0,VW90152,A1,WV8A725,SYSCO ARKANSAS - 029,11/03/2020,324.32,N,SW,UNPAID TAX - $324.32,0,D,11/19/2020,0,AMJK,JZU,DENY,SWSP,,, SYSCOLR06,3927.92,SW84,RS,SYSCOLR06
AM01075,M0,VW90152,A2,WV8A725,SYSCO ARKANSAS - 029,11/03/2020,36.04,N,SW,UNEARNED DISCOUNT - $36.04,0,D,11/19/2020,0,AMJK,JZU,DENY,SWSP,,, SYSCOLR06,3927.92,SW84,RS,SYSCOLR06
AM01076,M0,VW90359,A1,WV8A522,SYSCO FOOD SERVICES OF COLUMBIA 025,11/03/2020,2798.72,N,SW,UNPAID TAX - $2798.72,0,D,11/19/2020,0,AMJK,JZU,DENY,SWSP,,, SYSCOCO14,37782.72,SW21,RS,SYSCOCO14
AM01077,M0,VW90544,A1,WV9A375,SYSCO EASTERN MARYLAND,11/03/2020,286.52,N,SW,UNPAID TAX - $286.52,0,D,11/19/2020,0,AMIN,JZU,DENY,SWSP,,, SYSCOPC16,5061.92,SW24,RS,SYSCOPC16
AM01078,M2,VW80804,A1,WV8A485,WESTERN PLASTICS - (GA),11/03/2020,507.54,N,SW,KEY IN ERROR - PRICE ,0,*,11/13/2020,507.54,AMJK,MN,CREDIT,8SW,EPB,, WESTECA02,13061.89,W051,RS,WESTECA03
AM01078,M2,VW80815,A2,WV8A485,WESTERN PLASTICS - (GA),11/04/2020,217.52,N,SW,KEY IN ERROR - PRICE ,0,*,11/13/2020,217.52,AMJK,MN,CREDIT,8SW,EPB,, WESTECA02,5597.95,W051,RS,WESTECA03
AM01079,R1,VBA1356,A1,BV7A626,FORT DEARBORN COMPANY,11/04/2020,6583,N,BP,"Fort Dearborn Concession Rebate - Oct 2020
Payment of $6583.00 per month due to Fort Dearborn as per Concession ",0,*,11/13/2020,6583,AMJK,KS,Concession rebate Oct 2020,CFDP,TL,, FORTDBG01,5213.03,F255,RS,FORTDBG01
AM01080,R1,VBA1377,A1,BV9A317,PRINTPACK VR2(CONSGT-AMSC)GMI,11/04/2020,11089.96,N,BP,"PPK VR2 Consignment Storage Allowance - Oct 2020
CWS, VA and MTF
Total lbs: 1,108,996.19 lb. 
Credit: $0.01/lb. 
Total credit: $11,089.96",1108996.19,*,11/13/2020,11089.96,AMSC,YM,Consignment rebate Oct 2020,CFMS,CWS,, PRINTVR25,62502,P043,RS,PRINTVR24
AM01081,P1,VBB0153,A1,BV9A023,PRINT PACK,11/04/2020,1290,N,BP,"AMJK- VA30- Pallet 7001090339 rejected  baggy edge causing web shift and register problems.
BEING RETURNED TO AMSC WITH OTHER RETURNS",1500,*,12/02/2020,1290,AMJK,YM,13-5191 baggy edge,CFMS,VA,, PRINTEL02,5769.74,P043,RS,PRINTEL02
AM01081,P1,VBB0153,A2,BV9A023,PRINT PACK,11/04/2020,212.5,N,BP,"AMJK- VA30- Pallet 7001090339 rejected baggy edge causing web shift and register problems.
Loss time charges $212.50",0,*,12/02/2020,212.5,AMJK,YM,13-5191 baggy edge,CFMS,VA,, PRINTEL02,5769.74,P043,RS,PRINTEL02
AM01082,M4,VB81447,A1,BV8A053,CAPRI PACKAGING. TC TRANSCONTINENTAL,11/04/2020,0,N,BP,improper loading,0,*,11/05/2020,0,AMJK,DB,closed,CFGF,,, CAPRICL04,9746.85,T685,RS,CAPRICL05
AM01083,DP,VBA0022,A1,BV7A901,PRINTPACK INC (VR2),11/04/2020,354.76,N,BP,"System problem. Order has 3 items with the same spec.
When item#1 was closed on 9/30, the online billing could still use item#1 instead of item#2 n 3 for billing. Item#1 was under the price of 2nd quarter, need to debit $.098/LB.
",3620,*,11/13/2020,354.76,AMSC,AH,Debit $0.098/lb,CFMS,TZ,, PRINTVR07,2794.64,P043,RS,PRINTVR07
AM01083,DP,VBA0193,A1,BV7A901,PRINTPACK INC (VR2),11/04/2020,175.91,N,BP,"Same, debit $.098/LB.",1795,*,11/13/2020,175.91,AMSC,AH,Debit $0.098/lb,CFMS,TZ,, PRINTVR07,1385.74,P043,RS,PRINTVR07
AM01083,DP,VBA0194,A1,BV7A901,PRINTPACK INC (VR2),11/04/2020,340.55,N,BP,Debit $.098/LB.,3475,*,11/13/2020,340.55,AMSC,AH,Debit $0.098/lb,CFMS,TZ,, PRINTVR07,2682.7,P043,RS,PRINTVR07
AM01083,DP,VBA0196,A1,BV7A901,PRINTPACK INC (VR2),11/04/2020,532.34,N,BP,Debit $.098/LB,5432,*,11/13/2020,532.34,AMSC,AH,Debit $0.098/lb,CFMS,TZ,, PRINTVR07,4193.5,P043,RS,PRINTVR07
AM01083,DP,VBA0278,A1,BV7A901,PRINTPACK INC (VR2),11/04/2020,176.5,N,BP,Debit $.098/LB.,1801,*,11/13/2020,176.5,AMSC,AH,Debit $0.098/lb,CFMS,TZ,, PRINTVR07,1390.37,P043,RS,PRINTVR07
AM01083,DP,VBA0339,A1,BV7A901,PRINTPACK INC (VR2),11/04/2020,517.24,N,BP,Debit $.098/LB.,5278,*,11/13/2020,517.24,AMSC,AH,Debit $0.098/lb,CFMS,TZ,, PRINTVR07,4074.62,P043,RS,PRINTVR07
AM01083,DP,VBA0402,A1,BV7A901,PRINTPACK INC (VR2),11/04/2020,164.25,N,BP,Debit $.098/LB.,1676,*,11/13/2020,164.25,AMSC,AH,Debit $0.098/lb,CFMS,TZ,, PRINTVR07,1293.87,P043,RS,PRINTVR07
AM01083,DP,VBA0452,A1,BV7A901,PRINTPACK INC (VR2),11/04/2020,176.3,N,BP,Debit $.098/LB.,1799,*,11/13/2020,176.3,AMSC,AH,Debit $0.098/lb,CFMS,TZ,, PRINTVR07,1388.83,P043,RS,PRINTVR07
AM01083,DP,VBA0565,A1,BV7A901,PRINTPACK INC (VR2),11/04/2020,354.07,N,BP,Debit $.098/LB.,3613,*,11/13/2020,354.07,AMSC,AH,Debit $0.098/lb,CFMS,TZ,, PRINTVR07,2789.24,P043,RS,PRINTVR07
AM01083,DP,VBA0566,A1,BV7A901,PRINTPACK INC (VR2),11/04/2020,178.16,N,BP,Debit $.098/LB.,1818,*,11/13/2020,178.16,AMSC,AH,Debit $0.098/lb,CFMS,TZ,, PRINTVR07,1403.5,P043,RS,PRINTVR07
AM01083,DP,VBA0610,A1,BV7A901,PRINTPACK INC (VR2),11/04/2020,177.58,N,BP,Debit $.098/LB.,1812,*,11/13/2020,177.58,AMSC,AH,Debit $0.098/lb,CFMS,TZ,, PRINTVR07,1398.86,P043,RS,PRINTVR07
AM01083,DP,VBA0690,A1,BV7A901,PRINTPACK INC (VR2),11/04/2020,176.11,N,BP,Debit $.098/LB.,1797,*,11/13/2020,176.11,AMSC,AH,Debit $0.098/lb,CFMS,TZ,, PRINTVR07,1387.28,P043,RS,PRINTVR07
AM01083,DP,VBA0757,A1,BV7A901,PRINTPACK INC (VR2),11/04/2020,177.38,N,BP,Debit $.098/LB.,1810,*,11/13/2020,177.38,AMSC,AH,Debit $0.098/lb,CFMS,TZ,, PRINTVR07,1397.32,P043,RS,PRINTVR07
AM01083,DP,VBA0943,A1,BV7A901,PRINTPACK INC (VR2),11/04/2020,176.99,N,BP,Debit $.098/LB.,1806,*,11/13/2020,176.99,AMSC,AH,Debit $0.098/lb,CFMS,TZ,, PRINTVR07,1394.23,P043,RS,PRINTVR07
AM01083,DP,VBA0944,A1,BV7A901,PRINTPACK INC (VR2),11/04/2020,849.07,N,BP,Debit $.098/LB.,8664,*,11/13/2020,849.07,AMSC,AH,Debit $0.098/lb,CFMS,TZ,, PRINTVR07,6688.61,P043,RS,PRINTVR07
AM01084,P1,VB71052,A2,BV4B084,"GOLDEN DYNAMIC,INC",11/05/2020,123.2,N,BP,Roll # 61700704 was rejected due to blocking. ,110,*,11/18/2020,123.2,AMSC,LA,3344/3349/3423,HQLA,SP,, MULTIBO04 MULTIWH01,43136.8,D230,RS,GOLDEGA02
AM01084,P1,VB71333,A2,BV4B085,"GOLDEN DYNAMIC,INC",11/05/2020,82.88,N,BP,Roll # 61700746 was rejected due to blocking.,74,*,11/18/2020,82.88,AMSC,LA,3344/3349/3423,HQLA,SP,, MULTIBO04 MULTIWH01,41659.52,D230,RS,GOLDEGA02
AM01084,P1,VB81919,A1,BV7A572,"GOLDEN DYNAMIC,INC",11/05/2020,1153.6,N,BP,"Roll # 81700867, 81700877, 81700907 were rejected due to blocking.",1030,*,11/18/2020,1153.6,AMSC,LA,3344/3349/3423,HQLA,SP,, MULTIBO04 MULTIWH01,41929.44,D230,RS,GOLDEGA02
AM01085,P1,VB91494,A1,BV7A145,C.P. FLEXIBLE PACKAGING - AURORA,11/05/2020,244.2,N,BP,TL40. AMJK. buckles/corrugation causing creases in print,246.92,*,12/02/2020,244.2,AMJK,CD,2028 buckles,CFRO,TL,, CPFLEAU01,10764.44,P177,RS,CPFLEAU01
AM01087,M3,VBB0194,A1,BV3A088,C.P. FLEXIBLE PACKAGING - AURORA,11/05/2020,244.22,N,BP,"TL30. AMJK. Pricing was supposed to be at Q3, not Q4. Difference between the two is $0.098.
MCAR form needed to be filled out",0,*,11/13/2020,244.22,AMJK,CD,price,CFRO,TL,, CPFLEAU01,3060.94,P177,RS,CPFLEAU01
AM01088,M1,VWB0136,A1,WVAA780,"HISCO, INC.",11/05/2020,5299.2,Y,SW,KEY IN ERROR - WRONG PRODUCT,3840,*,11/25/2020,0,AMJK,CSM,PAPERWORK FOR RE-CONSIGNMENT ,SWBS,ETL,, HISCOAU03,5299.2,H166,RS,HISCOAU03
AM01089,P1,VB41921,A1,BV3A558,FORT DEARBORN COMPANY,11/06/2020,3280.41,Y,BP,"baggy edge
Customer switched from TL18 to VS18",3690,*,12/16/2020,3280.41,AMJK,KS,AM2020-10001 baggy edge,CFDP,TL,, FORTDWI01,5883.4,F255,RS,FORTDWI01
AM01090,P1,VW81238,A1,WV8A751,SOUTHERNCARLSON (ACCOUNTS PAYABLE ),11/06/2020,1301.2,Y,SW,"BLOCKING - 40 RL, PHOTO & VIDEO UPLOADED ",1512.96,*,12/27/2020,1301.2,AMJK,CY,RTN 40 RL SCRAPPED ,SWMN,EHB,, SOUTHWI26,13981.36,C326,RS,SOUTHWI26
AM01092,S1,VBB0229,A1,BV9A079,PRINTPACK A/P - SNACKS DIV,11/09/2020,1988.82,Y,BP,pallet 7001090579 taken off truck for overweight,2286,*,11/13/2020,1586.01,AMJK,YM,pallet 7001090579 not shipped,CFMS,VA,, PRINTVR02,11164.71,P043,RS,PRINTVR02
AM01093,M2,VB80906,A2,BV6A873,BERWICK-OFFRAY,11/09/2020,223.8,N,BP,"Order invoiced with system pricing of $.945 but should have invoiced with spot pricing of $.845 with price difference of $.10. 
Fill out MCAR",2238,*,11/13/2020,223.8,AMJK,AM,price,CFLD,TT,, BERWIEP01,2114.91,B464,RS,BERWIBE04
AM01094,P1,VB91923,A1,BV7A307,AMERICAN PACKAGING CORP.,11/09/2020,2166.57,N,BP,AMSC-SP12- Pallet S000107558 rejected. Splice causing a web break. Crease in roll caused a soft wrinkle in the print.,1995,*,11/18/2020,2166.57,AMSC,YM,7606 splice break/crease,CFGF,SP,, AMERIDM08,10727.51,A050,RS,AMERISC01
AM01094,P1,VB91923,A2,BV7A307,AMERICAN PACKAGING CORP.,11/09/2020,1300,N,BP,"AMSC-SP12- Pallet S000107558 rejected. Splice causing a web break. Crease in roll caused a soft wrinkle in the print. 
Downtime charges- 60 minutes $1,300",0,*,11/18/2020,1300,AMSC,YM,7606 splice break/crease,CFGF,,, AMERIDM08,10727.51,A050,RS,AMERISC01
AM01095,M3,VBA0244,A1,BV9A177,PRINTPACK,11/09/2020,0,N,BP,"This was shipped/ invoiced 10/5. Q4 price for VA18 is correct at $0.87.
price list attached.",0,D,11/10/2020,0,AMJK,YM,deny,CFMS,,, PRINTPV01,3854.1,P043,RS,PRINTPV02
AM01096,M3,VBA0158,A1,BV9A177,PRINTPACK,11/09/2020,0,N,BP,"Invoiced 10/5. Q4 VA price is correct at $0.87. Price list attached.

",0,D,11/10/2020,0,AMJK,YM,deny,CFMS,,, PRINTPV01,1288.47,P043,RS,PRINTPV02
AM01097,M3,VBA0157,A1,BV7A771,PRINTPACK,11/09/2020,0,N,BP,Invoice 10/5. Q4 VA25 price correct at $0.86. Price list attached.,0,D,11/10/2020,0,AMJK,YM,deny,CFMS,,, PRINTPV01,4787.62,P043,RS,PRINTPV02
AM01098,M3,VBA0156,A1,BV7A503,PRINTPACK,11/09/2020,0,N,BP,Invoiced 10/5. Q4 VA30 price correct at $0.86. Price list attached.,0,D,11/10/2020,0,AMJK,YM,deny,CFMS,,, PRINTPV01,4948.44,P043,RS,PRINTPV02
AM01099,M3,VBA0155,A1,BV7A242,PRINTPACK,11/09/2020,0,N,BP,Invoiced 10/5. Q4 BA50 correct at $0.99. Price list attached.,0,D,11/10/2020,0,AMJK,YM,deny,CFMS,,, PRINTPV01,1782.99,P043,RS,PRINTPV02
AM01100,M3,VBA0154,A1,BV7A107,PRINTPACK,11/09/2020,0,N,BP,Invoiced 10/5. Q4 VA18 price correct at $0.87. Price List attached.,0,D,11/10/2020,0,AMJK,SN,deny,CFMS,,, PRINTPV01,2178.48,P043,RS,PRINTPV02
AM01101,M3,VBA0153,A1,BV6A693,PRINTPACK,11/09/2020,0,N,BP,"Invoiced 10/5. Q4 VA25 price correct at $0.86. Price list attached.
",0,D,11/10/2020,0,AMJK,SN,deny,CFMS,,, PRINTPV01,3930.2,P043,RS,PRINTPV02
AM01102,P1,VBA1439,A1,BVAA367,GARLOCK PRINTING & CONVERTING CORP,11/09/2020,919.27,N,BP,Wrinkle/corrugation on roll. - pictures attached. ,993.8,*,12/02/2020,919.27,AMJK,AM,202000495 wrinkles,CFDH,BFP,, GARLORE01,25714.09,G002,RS,GARLOGA01
AM01103,S1,VBB0228,A1,BV8A061,PRINTPACK A/P - SNACKS DIV,11/09/2020,1405.05,Y,BP,AMJK- VA18 - Pallet 7001086574 was keyed in but was not on pick up list. Need to place back into Inteplast inventory.,1615,*,11/13/2020,1405.05,AMJK,YM,pallet 7001086574 not shipped,CFMS,VA,, PRINTVR02,1405.05,P043,RS,PRINTVR02
AM01104,M2,VWA1411,A1,WV9B075,CONTINENTAL WESTERN CORP,11/09/2020,1536,N,SW,KEY IN ERROR - PRICE ,26542.08,*,11/25/2020,1536,AMJK,SV,CREDIT,SWTM,HCB,, CONTITU01,31029.12,C490,RS,CONTITU01
AM01104,M2,VWA1595,A1,WV9B075,CONTINENTAL WESTERN CORP,11/09/2020,2112,N,SW,KEY IN ERROR - PRICE ,36495.36,*,11/25/2020,2112,AMJK,SV,CREDIT,SWTM,HCB,, CONTITU01,30940.8,C490,RS,CONTITU01
AM01105,P1,VW90172,A1,WV9A009,GORMAN INDUSTRIAL,11/09/2020,1420.74,Y,SW,BLOCKING/BREAKING - 54 CS,1632.96,*,12/13/2020,1420.74,AMJK,SV,RTN 54 CS SCRAPPED,SWCK,HCB,6231, GORMAEP01,22674.22,G210,RS,GORMAEP01
AM01106,M5,VW80177,A1,WV7A917,NEWAY PACKAGING CORP.,11/09/2020,26,N,SW,SAMPLE - 8 RL,24.08,*,11/13/2020,26,AMAZ,SV,CREDIT SAMPLE,SWCK,PSB,, NEWAYPH03,7280,N150,RS,NEWAYPH03
AM01106,M5,VWA0043,A1,WV9A004,NEWAY PACKAGING CORP.,11/09/2020,33.84,N,SW,SAMPLE - 8 RL,30.51,*,11/13/2020,33.84,AMAZ,SV,CREDIT SAMPLE,SWCK,PSB,, NEWAYPH03,2436.48,N150,RS,NEWAYPH03
AM01107,M2,VB70722,A1,BV4B001,SONOCO (PLASTIC PACKAGING),11/10/2020,123.39,N,BP,"Price should be .81
need  MCAR",0,*,11/13/2020,123.39,AMJK,CJ,price,CFDP,TT,, CONSOHI01,6786.45,P231,RS,SONOCHI01
AM01108,R1,VBA1481,A1,BV9A173,TRANSCENDIA,11/10/2020,69187.23,N,BP,"Transcendia Oct. 2020 Rebate
All Films 
Total lbs: 1,153,120.53lb. 
Rebate: $0.06/lb. 
Total rebate: $69,187.23",1153120.53,*,11/16/2020,69187.23,AMJK,PV,Oct 2020 rebate,CFJM,AF,, TRANSFP02,22656.19,T025,RS,TRANSFP02
AM01109,M5,VWA0500,A1,WVAA261,ASSOCIATED PACKAGING-GALLATIN,11/10/2020,240,N,SW,SAMPLE - 3 ROLLS,240,*,11/11/2020,240,AMJK,EV,CREDIT SAMPLE,SWCG,EPB,, KENTWKE02,6400,AA23,RS,ASSOCME05
AM01110,S1,VBB0275,A1,BVAA893,GARLOCK PRINTING & CONVERTING CORP,11/10/2020,4573.2,Y,BP,"Curtis confirmed that the 4 pallets were left off the truck.  Please return the pallets to ""rebill""",4944,*,11/13/2020,4573.2,AMJK,AM,Did not ship- rebill pallets,CFDH,BFP,, GARLORE01,4573.2,G002,RS,GARLOGA01
AM01111,P1,VW90986,A1,WV9A313,SUNRISE MANUFACTURING,11/10/2020,0,N,SW,CLING - QTY TBD,0,*,12/10/2020,0,AMJK,EV,"HOLD, REOPEN WHEN CUSTOMER REPLY",SWMD,ELB,, SUNRIRC01,18022.4,S642,RS,SUNRIRC01
AM01112,M2,VBA0797,A1,BVAA222,"POLY PRINT,INC.",11/11/2020,1666.93,N,BP,"Order invoiced with system pricing at $.95 but should have invoiced with SPOT pricing of $.865 since SPOT pricing does not expire till January 1, 2021, and I failed to update SPR prior to shipment.
Need MCAR filled out",19611,*,12/02/2020,1666.94,AMJK,AM,price,CFDH,BA,, POLYPTU05,18630.45,P038,RS,POLYPTU05
AM01113,P5,VB91412,A2,BV5A256,INTERSTATE PACKAGING,11/11/2020,311.01,N,BP,"Pallet 4273215 packing slip 870 lbs - pallet weights 792 lbs (36 rolls x 22)
pallet 4274009 packing list 942 lbs - pallet weighs 792 lbs
pallet 4274020 packing list 846 lbs - pallet weights 792 lbs",22564,*,12/31/2020,314.15,AMJK,AM,wrong weights,CFJM,CL,, INTERWB02,25136.3,I014,RS,INTERWB01
AM01114,M1,VWA1543,A1,WVAA806,SOUTHERNCARLSON (ACCOUNTS PAYABLE ),11/11/2020,3820.22,Y,SW,"KEY IN ERROR - ENTERED 90G, SHOULD BE 80G",4255.2,*,12/10/2020,3820.22,AMAZ,CY,RTN 120 RL BACK TO FG,SWCK,EHB,, SOUTHEP16,7373.5,C326,RS,SOUTHEP16
AM01115,M2,VWB0170,A1,WVBA049,LEGACY PAPER AND PACKAGING,11/11/2020,161.28,N,SW,KEY IN ERROR  - PRICE ,0,*,11/19/2020,161.28,AMJK,CSM,CREDIT ,SWBS,PSB,, LEGACHO01,2373.84,L291,RS,LEGACHO01
AM01116,P1,VB70390,A2,BV6A091,AMERICAN PACKAGING CORP.,11/11/2020,473.83,N,BP,"AMSC- BRT25- Pallet S000106019 rejected. Baggy on gear side, all register moving.",471,*,12/07/2020,473.83,AMSC,YM,535 baggy,CFGF,BRT,, AMERICO05,15276.11,A050,RS,AMERICO05
AM01117,P1,VB81182,A1,BV5A771,AMERICAN PACKAGING CORP.,11/11/2020,1555.28,N,BP,"AMSC- BRT35- Pallet S000103422 rejected. Baggy on gear side, cold seal register movement.
",1546,*,12/07/2020,1555.28,AMSC,YM,539 BAGGY,CFGF,BRT,, BADGEFR03,20562.64,A050,RS,AMERICO05
AM01118,P1,VB80408,A1,BV6A357,"PRINTPACK PACKAGING DE MEXICO,S.A. DE CV",11/12/2020,791.95,N,BP,"Defect: Marks causes Wrinkles
",802.5,*,12/31/2020,791.96,AMJK,PV,2589-2 wrinkles,AMMS,TE,, PRINTLA01,21663.44,P533,ES,PRINTQT01
AM01119,DE,VWB0447,A1,WVBA113,PREMIER PACKAGING,11/12/2020,3900,N,SW,CUSTOMER ERROR - WRONG ADDRESS ON PO,0,*,12/04/2020,3900,AMJK,EV,DEBIT FOR RE-DELIVERY FEE,SWCG,,, PREMIPC02,18770.4,PR09,RS,PREMILO02
AM01120,M0,VW90297,A1,WV9A134,SYSCO SEATTLE 055,11/12/2020,374.02,N,SW,UNPAID TAX - $374.02,0,D,11/25/2020,0,AMAZ,JZU,DENY,SWSP,,, SYSCOKE07,4723.02,SW45,RS,SYSCOKE07
AM01120,M0,VW90297,A2,WV9A134,SYSCO SEATTLE 055,11/12/2020,43.49,N,SW,UNEARNED DISCOUNT - $43.49,0,D,11/25/2020,0,AMAZ,JZU,DENY,SWSP,,, SYSCOKE07,4723.02,SW45,RS,SYSCOKE07
AM01121,M0,VW90719,A1,WV9A567,SYSCO INTERMOUNTAIN 005,11/12/2020,1714.83,N,SW,UNPAID TAX - $1714.83,0,D,11/25/2020,0,AMJK,JZU,DENY,SWSP,,, SYSCOWJ09,25367.55,SW62,RS,SYSCOWJ09
AM01122,M0,VW90930,A1,WV9A291,SYSCO ARIZONA DIVISION OF SYSCO USA 1060,11/12/2020,1556.75,N,SW,UNPAID TAX - $1556.75,0,D,11/25/2020,0,AMAZ,JZU,DENY,SWSP,,, SYSCOTO08,19247.15,SW10,RS,SYSCOTO08
AM01122,M0,VW90930,A2,WV9A291,SYSCO ARIZONA DIVISION OF SYSCO USA 1060,11/12/2020,176.9,N,SW,UNEARNED DISCOUNT - $176.90,0,D,11/25/2020,0,AMAZ,JZU,DENY,SWSP,,, SYSCOTO08,19247.15,SW10,RS,SYSCOTO08
AM01123,M0,VW91091,A1,WV9A728,SYSCO LOS ANGELES,11/12/2020,146.58,N,SW,UNEARNED DISCOUNT - $146.58,0,D,11/25/2020,0,AMJK,JZU,DENY,SWSP,,, SYSCOWA11,14950.03,SW34,RS,SYSCOWA11
AM01123,M0,VW91091,A2,WV9A728,SYSCO LOS ANGELES,11/12/2020,1297.03,N,SW,UNPAID TAX - $1297.03,0,D,11/25/2020,0,AMJK,JZU,DENY,SWSP,,, SYSCOWA11,14950.03,SW34,RS,SYSCOWA11
AM01124,T1,VWB0357,A1,WVAB024,NASH PACKAGING,11/12/2020,82.65,N,SW,DAMAGED IN TANSIT - 3 RL,74.49,*,11/25/2020,82.65,AMAZ,SV,"REDDAWAY, SCRAP IN FIELD 3 RL",SWCK,EHB,, NASHPSF01,4579.64,N330,RS,NASHPOR03
AM01125,T3,VWA1152,A1,WV9A445,ERNEST PACKAGING SOLUTIONS,11/13/2020,1134.08,N,SW,"ONLY 32CS/PLT, NOT 64/PLT",2140,D,12/03/2020,0,AMAZ,JZU,RE-DELIVERED ON 11/30/2020,SWDP,HLP,, ERNESCO03,2268.16,E386,RS,ERNESCO01
AM01126,M0,VWB0621,A1,WVBA403,H.E.BAUMRUCKER,11/13/2020,138.24,N,SW,PRICE ERROR ON P.O. - SHOULD BE $30.24,0,*,11/25/2020,138.24,AMJK,CSM,CREDIT,SWMZ,HCB,, BLACKLA01,2132.56,H085,RS,HEBAUIT01
AM01127,M1,VWB0553,A1,WVBA255,ASSOCIATED PACKAGING,11/13/2020,3396.96,Y,SW,KEY IN ERROR - ENTERED DUPLICATED PO,2676,*,12/18/2020,3396.96,AMIN,EV,RTN 2016 RLS BACK TO FG,SWDL,PSB,, ASSOCST03,3396.96,AA23,RS,ASSOCST10
AM01127,M1,VWB0573,A1,WVBA255,ASSOCIATED PACKAGING,11/13/2020,3396.96,Y,SW,KEY IN ERROR - ENTERED DUPLICATED PO,2676,*,12/18/2020,3396.96,AMIN,EV,RTN 2016 RLS BACK TO FG,SWDL,PSB,, ASSOCST03,3396.96,AA23,RS,ASSOCST10
AM01128,M4,VWB0354,A1,WVAA873,NICHOLS PAPER-MEIJER,11/16/2020,276.8,N,SW,PRICE MATCHING FOR PLASTPRO - CREDIT $1.73/ROLL,5548,*,11/25/2020,276.8,AMJK,CSM,CREDIT ,SWMZ,EHB,, NICHOOV01,6046.4,N297,RS,NICHOBH01
AM01129,P1,UB90867,A1,BU8A688,POLYMER S.A.,11/16/2020,1542.63,N,BP,Very low COF,3307,*,11/20/2020,1542.63,AMJK,PV,CA-P06-R01,AMJO,BA,, POLYMAL02,33757.17,G134,ES,POLYMAL02
AM01130,M5,VW90109,A1,WV8A739,NEWAY PACKAGING CORP.,11/16/2020,94.08,N,SW,"SAMPLE - 3 RL
",96,*,11/25/2020,94.08,AMAZ,SV,CREDIT SAMPLE ,SWCK,EUB,, NEWAYCC01,14795.2,N150,RS,NEWAYDE01
AM01131,M5,VW80874,A1,WV8A585,NEWAY PACKAGING CORP.,11/16/2020,68.08,N,SW,SAMPLE - 2 RL,75.66,*,11/25/2020,68.08,AMAZ,SV,CREDIT SAMPLE,SWCK,EHB,, OWENSNE01,13616,N150,RS,NEWAYRD01
AM01132,M4,VW90958,A1,WV9A765,APEX PACKAGING CORPORATION,11/17/2020,500,N,SW,CLEAN AND REPACKAGE COST- $500 ,0,*,11/25/2020,500,AMAZ,CS,CREDIT ,SWLU,,, APEXPRI01,6228,A299,RS,APEXPRI01
AM01133,DE,VBA1666,A1,BVAA050,PRINTPACK METALLIZING - FRITO,11/17/2020,6508.77,N,BP,"NWF18 material used for Stripe in October= 37,193
difference between $1.565/lb and $1.74/lb = $0.175/lb",0,*,11/20/2020,6508.78,AMSC,DB,Striped Debit October 2020,CFMS,NWF,, PRINTVR39,31772.4,P043,RS,PRINTVR39
AM01134,M0,VW81178,A1,WV8A471,SYGMA,11/17/2020,1071.91,N,SW,UNPAID TAX - $1071.91,0,D,11/25/2020,0,AMJK,JZU,DENY,SWSP,,, SYGMAHA07,18937.03,SW16,RS,SYGMADA04
AM01135,M0,VW90950,A1,WV9A647,DOERLE FOOD SERVICE       ***AMTOPP***,11/17/2020,621.37,N,SW,UNPAID TAX - $621.37,0,D,11/25/2020,0,AMJK,JZU,DENY,SWSP,,, DOERLBR08,7564.09,SX11,RS,DOERLBR08
AM01136,P1,VB70767,A1,BV6A132,SPEAR DBA MULTI COLOR,11/18/2020,870.08,N,BP,Web Break,967.83,*,12/02/2020,870.08,AMJK,KS,RA524,CFLD,TL,, SPEARFU01,31857.86,S699,RS,SPEARFU01
AM01137,P1,VB80929,A1,BV7A532,SPEAR DBA MULTI COLOR,11/18/2020,607.98,N,BP,Wrinkles ,976.28,*,12/02/2020,607.98,AMJK,KS,RA526 wrinkles,CFLD,TL,, SPEARFU01,34037.04,S699,RS,SPEARFU01
AM01138,P1,VB90089,A2,BV7A533,SPEAR DBA MULTI COLOR,11/18/2020,908.47,N,BP,Baggy edge ,1033.52,*,12/02/2020,908.47,AMJK,KS,RA529 baggy edge,CFLD,TL,, SPEARFU01,33002.06,S699,RS,SPEARFU01
AM01139,P1,VB80929,A2,BV7A532,SPEAR DBA MULTI COLOR,11/18/2020,678.34,N,BP,Web break,754.54,*,12/02/2020,678.34,AMJK,KS,RA1047 web break,CFLD,TL,, SPEARFU01,34037.04,S699,RS,SPEARFU01
AM01140,P1,VB81200,A1,BV4A076,TRANSCENDIA,11/18/2020,0,N,BP,"received two rolls that were - short width by 1/16"" that caused a little issue
Roll - 0041301332
Roll - 0061402129
No formal claim, asked to forward information to the Plant to be aware for future ordes",0,*,12/02/2020,0,AMJK,PV,short width,CFJM,SP,, TRANSFP02,4208.18,T025,RS,TRANSFP02
AM01141,P1,VB80390,A1,BV5A842,GRANWELL PRODUCTS INC.,11/18/2020,2371.38,Y,BP,"Roll #0071303007 & 0071303008 were rejected due to canning.
Customer is requested to return for credit",1555,*,12/31/2020,2371.38,AMJK,LA,GWB096 tin canning,HQLA,TL,, IIMAKAM01,23379.78,G001,RS,GRANWWC01
AM01141,P1,VB80390,A2,BV5A842,GRANWELL PRODUCTS INC.,12/30/2020,410.87,N,BP,tin canning -  240 lbs scrapped,245,*,12/31/2020,410.87,AMJK,LA,GWB096 tin canning,HQLA,,, IIMAKAM01,23379.78,G001,RS,GRANWWC01
AM01142,M4,VW40681,A2,WV4A201,SYSCO SAN FRANCISCO,11/18/2020,95,N,SW,CUSTOMER UNLAODING CHARGE - $95,0,*,11/25/2020,95,AMAZ,JZU,CREDIT,SWSP,,, SYSCOFR06,28792.18,SW40,RS,SYSCOFR06
AM01143,P5,VBA0965,A1,BV9A322,PRINTPACK VR2(CONSGT-AMSC)GMI,11/18/2020,0,N,BP,"AMSC- CWS15- PRECAUTIONARY Claim

Pallet S000113246 labeled 74 12"", but film is actually 78 04""",0,*,12/07/2020,0,AMSC,YM,22-208097 WIDTH,CFMS,CWS,, PRINTVR25,44103,P043,RS,PRINTVR24
AM01145,S2,VDB0350,A1,DVAA045,INTEPLAST FILMS CORPORATION,11/19/2020,4420,Y,CT,2 PALLETS DID NOT GO,3400,*,12/02/2020,4420,AMJK,BO,RTN 3400 LB BACK TO FG,8MB,WP,, INTEPMO02,17680,V143,RS,INTEPMO01
AM01146,M5,VW80420,A1,WV8A237,SUPPLY ONE OF ALBUQUERQUE,11/19/2020,63.04,N,SW,SAMPLE - 2 RL,63.05,*,12/02/2020,63.04,AMJK,SV,CREDIT SAMPLE,SWCK,EHB,, PPGINGA02,2521.6,S939,RS,SUPPLAL04
AM01147,M2,VB90127,A1,BV7A631,LALLY PAK,11/19/2020,501.12,N,BP,price,0,*,11/20/2020,501.12,AMJK,DB,price,CFGF,HD,, LALLYHI01,10565.28,L093,RS,LALLYHI02
AM01147,M2,VB90128,A1,BV8A029,LALLY PAK,11/19/2020,1099.5,N,BP,Was charged for Sept pricing instead of Aug,0,*,11/20/2020,1099.5,AMJK,DB,price,CFGF,HD,, LALLYHI01,23181.13,L093,RS,LALLYHI02
AM01148,M4,VWA1389,A1,WV9A128,STRETCH TAPE INC.,11/19/2020,696.26,N,SW,MARKETING DECISION - $696.26,0,*,12/02/2020,696.26,AMJK,CSM,CREDIT,SWMZ,ETL,, STRETCL03,6080,S611,RS,STRETCL03
AM01150,M3,VBA0023,A1,BV7A588,PRINTPACK,11/19/2020,0,N,BP,"BRT15 price for Q4 is correct at $0.99. Price list attached.
",0,D,11/20/2020,0,AMSC,YM,deny,CFMS,,, WESTSWA03,4023.36,P043,RS,PRINTRH04
AM01151,M3,VBA0024,A1,BV8A216,PRINTPACK,11/19/2020,0,N,BP,BRT15 Q4 Price is correct at $0.99. Price list attached.,0,D,11/20/2020,0,AMSC,YM,deny,CFMS,,, WESTSWA03,4345.11,P043,RS,PRINTRH04
AM01152,M3,VBA0025,A1,BV9A111,PRINTPACK,11/19/2020,0,N,BP,"BRT15 Q4 price correct at $0.99. Price list attached.
",0,D,11/20/2020,0,AMSC,YM,deny,CFMS,,, WESTSWA03,15896.43,P043,RS,PRINTRH04
AM01153,M3,VBA0026,A1,BV5A379,PRINTPACK,11/19/2020,0,N,BP,"BRT15 Q4 Price correct at $0.99. Price list attached.

",0,D,11/20/2020,0,AMSC,SN,deny,CFMS,,, WESTSWA03,2146.32,P043,RS,PRINTRH04
AM01154,M3,VBA0027,A1,BV6A420,PRINTPACK,11/19/2020,0,N,BP,BRT18 Q4 price correct at $0.99. Price list attached.,0,D,11/20/2020,0,AMSC,SN,deny,CFMS,,, WESTSWA03,11015.73,P043,RS,PRINTRH04
AM01155,M3,VBA0028,A1,BV8A227,PRINTPACK,11/19/2020,0,N,BP,"BRT25 Q4 price list correct at $0.94.
Price list attached.",0,D,11/20/2020,0,AMSC,YM,deny,CFMS,,, WESTSWA03,18951.34,P043,RS,PRINTRH04
AM01156,M3,VBA0602,A1,BV4B095,PRINTPACK,11/19/2020,0,N,BP,HD18 Q$ price correct at $1.02. price list attached.,0,D,11/20/2020,0,AMJK,SN,deny,CFMS,,, PRINTGP02,2965.14,P043,RS,PRINTGP01
AM01157,M3,VBA0607,A1,BV7A453,PRINTPACK,11/19/2020,0,N,BP,"VA18 Q4 price is correct at $.87




































































































































VA18 Q4 price correct at $0.87. Price list attached.




",0,D,11/20/2020,0,AMJK,YM,deny,CFMS,,, PRINTGP02,2646.54,P043,RS,PRINTGP01
AM01158,P1,VB81948,A1,BV8A362,3M MANAUS IND PROD QUIM LTDA,11/20/2020,1779.36,N,BP,"KT - SERATED EDGE CAUSED BREAKS
pictures attached",1572,*,12/10/2020,1779.37,AMJK,KS,FBDS-BVFMA5 - edge caused web break,CFDP,KT,, 3MMANMA01,38679.31,M208,ES,3MMANMA01
AM01159,M5,VW30293,A2,WV2A693,CARTER-MCLEOD PAPER & PACKAGING,11/20/2020,11.29,N,SW,SAMPLE - 1 CS,47.5,*,12/18/2020,11.29,AMJK,CS,CREDIT SAMPLE,SWLD,HLB,, CARTEWS01,3612.8,C711,RS,CARTEWS01
AM01160,P5,VBB0389,A1,BVAA006,PRINTPACK,11/20/2020,1400,N,BP,"AMJK- VA18- PO 50977961- claim for noncompliant pallets shipped under BOL BXVA340.
Invoice used was randomly picked since PO 50977961 has not been invoiced.",0,*,12/10/2020,1400,AMJK,YM,17-2081 pallets,CFMS,,, PRINTRH04,3787.98,P043,RS,PRINTRH04
AM01161,P1,UB60250,A3,BU5A410,FORT DEARBORN,11/20/2020,2842.41,N,BP,"9051102481 
9051102479 
Wrinkles on the sheets",1807,*,12/10/2020,2842.41,AMJK,SE,416755 wrinkles,CFDP,YCL,, FORTDFW01,50405.21,F255,RS,FORTDFW01
AM01162,DE,VWB0025,A1,WVAA695,B2B INDUSTRIAL PRODUCTS,11/20/2020,1750,N,SW,"B2B OVER PURCHASED - DIVERT TO TRM
DEBIT B2B FOR FREIGHT",0,*,12/18/2020,1750,AMJK,EV,"DEBIT FOR DIVERT FREIGHT COST 
AND, PAPERWORK FOR DIVERT ORDER, REF TO NEW #WVCA446 & WVCA403",SWMD,EHB,, B2BINSA01,23416.4,B232,RS,B2BINHA01
AM01163,P1,VB72104,A1,BV4A509,OVERWRAPS,11/20/2020,130.38,N,BP,"wrinkles	
Vendor ID: 004230895",175,*,12/10/2020,130.38,AMJK,GO,AmTopp40 wrinkles,CFDP,AA,, OVERWDA01,14851.78,O006,RS,OVERWDA01
AM01164,M5,VWA1172,A1,WVAA402,NATIONAL PAPER & PLASTICS CO.-PAUL CELLA,11/22/2020,35.75,N,SW,SAMPLE - 1 RL,40,*,12/02/2020,35.75,AMJK,CY,CREDIT SAMPLE,SWJD,AM1,, SCHILLC12,13057.76,N044,RS,SCHILLC12
AM01165,M2,VBB0950,A1,BVAAA27,BRYCE CORPORATION,11/23/2020,1265.96,N,BP,"Pallets should have been billed at Q3 price - $0.877/lb for BB25.

Credit will be $0.098/lb. = $1265.96",0,*,12/02/2020,1265.96,AMJK,YM,price,CFYG,BB,, BRYCEME11,12595.05,B102,RS,BRYCEME04
AM01166,P1,VB60304,A2,BV4A164,3M JAPAN PRODUCTS LIMITED,11/23/2020,324.7,N,BP,Wrinkles ,284.83,*,12/10/2020,324.7,AMJK,KS,claim#20 wrinkles,CFDP,KT,, 3MJAPTO01,35456.28,M020,ES,3MJAPTO01
AM01167,P1,VWB0624,A1,WV9A331,"CORPORATIVO SANDUZE, S.A. DE C.V.",11/24/2020,128.64,N,SW,HOLES/GEL - 4 RL,138.32,*,12/18/2020,128.64,AMJK,SV,SCRAP IN FIELD 4 RLS,SWPE,ELB,6234, DCGROLA03,37305.6,C828,RE,CORPOSL01
AM01168,P5,VWB0522,A1,WVBA102,ACE PACKAGING OF AZ,11/24/2020,3085.44,Y,SW,PACKAGING ERROR - RECEIVED 96 CS AS PREMIER LABEL,3318,*,12/18/2020,3085.44,AMAZ,SV,RTN 96 CS BACK TO FG,SWCK,HCB,, ACEPAPH03,6504.48,A938,RS,ACEPAPH03
AM01169,P5,VWB0731,A1,WVBA293,GULF PACKAGING - COLORADO,11/24/2020,1575.84,Y,SW,PACKAGING ERROR - RECEIVED PREMIER'S FILM ,1659,*,12/18/2020,1575.84,AMAZ,SV,"RTN 7-S, 41-G",SWCK,HCB,, GULFPDE02,20466.72,C838,RS,GULFPDE02
AM01170,T1,VDB0642,A1,DVBA028,GEMINI PLASTIC FILM CORP.,11/24/2020,1155,N,CT,DAMAGED IN TRANSIT - 1100 LB,1100,*,12/18/2020,1155,AMJK,BO,"QUATERBACK, SCRAP IN FIELD 1100 LB",JA,NL,, GEMINGA01,13858.32,U00E,RS,VERITSL0D
AM01172,P1,VBA0403,A1,BV8A293,SONOCO (PLASTIC PACKAGING),11/24/2020,0,N,BP,"no treatment on roll causing laminating issues (need new invoice for credit)
roll #0091100488",452,*,12/11/2020,0,AMJK,YM,149833 no treatment,CFDP,TD,, SONOCHI02,2226.88,P231,RS,SONOCHI01
AM01172,P1,VBA1634,A1,BV8A844,SONOCO (PLASTIC PACKAGING),12/10/2020,5516.27,N,BP,no treatment (claim for invoice VBA0403),0,*,12/11/2020,5516.27,AMJK,CJ,149833 no treatment,CFDP,AA,, SONOCHI02,7335.39,P231,RS,SONOCHI01
AM01173,P1,VBB1173,A1,BVAA316,CP FLEXIBLE PACKAGING,11/25/2020,1530.38,N,BP,Roll Winkles in press causing print defects  - 3 rolls rejected - tags attached,1749,*,12/10/2020,1530.38,AMJK,TSR,wrinkles,CFGF,BA,, CPFLEBU05,13945.75,F020,RS,CPFLEBU01
AM01175,P1,VB91289,A1,BV5A194,CP FLEXIBLE PACKAGING,11/25/2020,930.6,N,BP,"high cof out of spec - recall pallet 0004262248
see emails from Mike Lynch",1175,*,12/22/2020,930.6,AMJK,DB,High COF - scrap pallets,CFGF,BA,, CPFLEBU05,4592.85,F020,RS,CPFLEBU01
AM01175,P1,VB91556,A1,BV5A194,CP FLEXIBLE PACKAGING,11/25/2020,1873.87,N,BP,"high cof- recall 
3 of 4 master rolls slit to finished goods  customer can not run rolls",2366,*,12/22/2020,1873.87,AMJK,DB,High COF - scrap pallets,CFGF,BA,, CPFLEBU05,4537.68,F020,RS,CPFLEBU01
AM01175,P1,VBC1054,A1,BV5A194,CP FLEXIBLE PACKAGING,12/16/2020,1036,N,BP,high COF - consignment pallet recalled - to be scrapped by customer #4262954,1184,*,12/22/2020,1036,AMJK,DB,High COF - scrap pallets,CFGF,BA,, CPFLEBU05,1036,F020,RS,CPFLEBU01
AM01177,P1,VBB0777,A1,BV9A639,PRINTPACK INC (METALLIZING),11/25/2020,634.02,N,BP,"ragged slit edge causing web break - returning on core with rack
$180 lost time",395,*,12/07/2020,634.02,AMSC,DB,33-51175 ragged slit edge,CFMS,NWP,, PRINTVR11,4825.92,P043,RS,PRINTVR14
AM01179,DE,VWB1208,A1,WVBA749,"HUGO'S INDUSTRIAL SUPPLY, INC",11/25/2020,250,N,SW,DRIVER UNLOADING FEE - $250,0,*,12/04/2020,250,AMJK,CSM,DEBIT,SWPB,PSB,, AMAZOTH01,17015.04,H263,RS,HUGOSIN08
AM01180,P1,VBB0153,A3,BV9A023,PRINT PACK,11/30/2020,946,Y,BP,"AMJK- VA30 BAGGY RETURN TO PLANT 7001090343
RETURN WITH AM01066",1100,*,12/16/2020,699.6,AMJK,YM,13-5198 baggy film,CFMS,VA,, PRINTEL02,5769.74,P043,RS,PRINTEL02
AM01180,P1,VBB1277,A1,BV9A023,PRINT PACK,11/25/2020,1247,Y,BP,AMJK- VA30- Pallets 7001090343 and 7001090332 have poor profile causing web shift and register problems.,1450,*,12/16/2020,1247,AMJK,YM,13-5198 baggy film,CFMS,VA,, PRINTEL02,8651.6,P043,RS,PRINTEL02
AM01180,P1,VBB1277,A2,BV9A023,PRINT PACK,11/25/2020,1120.9,N,BP,"AMJK- VA30- Pallets 7001090343 and 7001090332 have poor profile causing web shift and register problems.
Loss time charges : $850.00",0,*,12/16/2020,1367.3,AMJK,YM,13-5198 baggy film,CFMS,VA,, PRINTEL02,8651.6,P043,RS,PRINTEL02
AM01181,M5,VWB1201,A1,WVBA671,IP PLUS/IPS PACKAGING,11/30/2020,185.85,N,SW,SAMPLE - 5 RL,148.9,*,12/04/2020,184.25,AMJK,CY,CREDIT SAMPLE,SWDL,AM1,, SINERHI02,2948,IA09,RS,IPSPAFI04
AM01184,M0,VW90533,A1,WV9A305,SYGMA,11/30/2020,1951.36,N,SW,UNPAID TAX - $1951.36,0,D,12/10/2020,0,AMJK,JZU,DENY,SWSP,,, SYGMASA04,25604.08,SW16,RS,SYGMADA04
AM01185,M0,VWA0100,A1,WV9B231,"SYSCO CHARLOTTE, LLC 048",11/30/2020,243.54,N,SW,UNPAID TAX - $243.54,0,D,12/10/2020,0,AMJK,JZU,DENY,SWSP,,, SYSCOCO17,3722.74,SW58,RS,SYSCOCO17
AM01186,M0,VWA0244,A1,WVAA166,"SYSCO CHARLOTTE, LLC 048",11/30/2020,143.77,N,SW,UNPAID TAX - $143.77,0,D,12/10/2020,0,AMJK,JZU,DENY,SWSP,,, SYSCOCO17,2197.57,SW58,RS,SYSCOCO17
AM01187,M0,VWA0258,A1,WV9A705,SYSCO VENTURA - ANGIE DELGADO,11/30/2020,1833.08,N,SW,UNPAID TAX - $1833.08,0,D,12/10/2020,0,AMAZ,JZU,DENY,SWSP,,, SYSCOOX02,25485.8,SX03,RS,SYSCOOX02
AM01187,M0,VWA0258,A2,WV9A705,SYSCO VENTURA - ANGIE DELGADO,11/30/2020,275.84,N,SW,UNEARNED DISCOUNT - $275.84,0,D,12/10/2020,0,AMAZ,JZU,DENY,SWSP,,, SYSCOOX02,25485.8,SX03,RS,SYSCOOX02
AM01188,M0,VWA0261,A1,WV9A749,SYSCO INDIANAPOLIS,11/30/2020,1148.56,N,SW,UNPAID TAX - $1148.56,0,D,12/10/2020,0,AMJK,JZU,DENY,SWSP,,, SYSCOIN03,17556.56,SW01,RS,SYSCOIN03
AM01189,M0,VWA0430,A1,WVAA165,SYSCO ARKANSAS - 029,11/30/2020,184.85,N,SW,UNPAID TAX - $184.85,0,D,12/10/2020,0,AMJK,JZU,DENY,SWSP,,, SYSCOLR06,2238.65,SW84,RS,SYSCOLR06
AM01189,M0,VWA0430,A2,WVAA165,SYSCO ARKANSAS - 029,11/30/2020,20.54,N,SW,UNEARNED DISCOUNT - $20.54,0,D,12/10/2020,0,AMJK,JZU,DENY,SWSP,,, SYSCOLR06,2238.65,SW84,RS,SYSCOLR06
AM01190,M0,VWA0493,A1,WVAA182,SYSCO EAST TEXAS 293,11/30/2020,457.93,N,SW,UNPAID TAX - $457.93,0,D,12/10/2020,0,AMJK,JZU,DENY,SWSP,,, SYSCOLO10,6008.65,SW39,RS,SYSCOLO10
AM01191,T2,VWA0415,A1,WVAA093,KROGER - PEYTON'S MID SOUTH,11/30/2020,1007.39,N,SW,LATE CHARGE - 3% OF INVOICE,0,*,12/18/2020,1007.39,AMJK,JZU,CREDIT,SWRIT,,, PEYTOPO01,33579.52,K024,RS,KROGENA19
AM01192,T2,VWB0077,A1,WVAA735,KROGER - PEYTON'S MID SOUTH,11/30/2020,1048.82,N,SW,LATE CAHARGE 3% OF INVOICE,0,*,12/27/2020,1048.82,AMJK,JZU,CREDIT,SWRIT,,, PEYTOPO01,34960.64,K024,RS,KROGENA19
AM01195,DE,VWB0942,A1,WVBA543,"HUGO'S INDUSTRIAL SUPPLY, INC",11/30/2020,18086.4,N,SW,"KEY IN ERROR - PRICE, SHOULD BE $18.35/CS",0,*,12/10/2020,18086.4,AMJK,CSM,DEBIT ,SWPB,HLP,, HUGOSFW02,5401.6,H263,RS,HUGOSIN08
AM01197,DE,VWB1209,A1,WVBA750,"HUGO'S INDUSTRIAL SUPPLY, INC",12/01/2020,200,N,SW,LAYOVER FEE - $200,0,*,12/04/2020,200,AMJK,CSM,DEBIT,SWPB,PSB,, AMAZOAT01,12761.28,H263,RS,HUGOSIN08
AM01198,M3,VBA1036,A1,BV8A304,CAPRI PACKAGING. TC TRANSCONTINENTAL,12/01/2020,172.68,N,BP,all of the order was shipped in September except for one pallet which was shipped in October. ,0,*,12/07/2020,172.68,AMJK,DB,PRICE,CFGF,VA,, CAPRICL03,1550.56,T685,RS,CAPRICL05
AM01199,M0,VWA0416,A1,WVAA165,SYSCO ARKANSAS - 029,12/01/2020,184.85,N,SW,UNPAID TAX - $184.85,0,D,12/10/2020,0,AMJK,JZU,DENY,SWSP,,, SYSCOLR06,2238.65,SW84,RS,SYSCOLR06
AM01199,M0,VWA0416,A2,WVAA165,SYSCO ARKANSAS - 029,12/01/2020,41.08,N,SW,UNEARNED DISCOUNT - $41.08,0,D,12/10/2020,0,AMJK,JZU,DENY,SWSP,,, SYSCOLR06,2238.65,SW84,RS,SYSCOLR06
AM01200,M5,VW90172,A2,WV9A009,GORMAN INDUSTRIAL,12/01/2020,199.18,N,SW,"SAMPLE - EHB 4RL, HLP 2CS, HCB 2CS",219.92,*,12/04/2020,199.18,AMJK,SV,CREDIT SAMPLE,SWCK,EHB,, GORMAEP01,22674.22,G210,RS,GORMAEP01
AM01201,M3,VBA0099,A1,BV8A871,HOOD PACKAGING CORPORATION - SIBLEY,12/02/2020,256.2,N,BP,"Customer short paid by $256.20 since order invoiced at October's pricing since it shipped 10/2, but original PO asked for October delivery date. I reached out to the sale's rep assistant who was in agreement that the order invoiced properly. ",2440,D,12/07/2020,0,AMJK,AM,deny,CFGF,VS,, HOODPSI01,2696.2,H322,RS,HOODPSI01
AM01202,P1,VBA0546,A1,BV9A504,C-P FLEXIBLE PACKAGING,12/02/2020,643.36,N,BP,AMJK- VA30 wrinkles 828 lbs,828,*,12/16/2020,643.36,AMJK,AM,090-20 wrinkles,CFLD,VA,, CPFLEYO02,22024.63,C047,RS,CPFLEYO01
AM01204,M5,VW90213,A1,WV8A570,BENSTAR PACKAGING AND DISTRIBUTING,12/02/2020,59.33,N,SW,SAMPLE - 1 RL,50.7,*,12/10/2020,59.33,AMAZ,CY,CREDIT SAMPLE,SWJD,ELB,, BENSTSC01,15440.8,B409,RS,BENSTSC01
AM01204,M5,VW91283,A1,WV9A714,BENSTAR PACKAGING AND DISTRIBUTING,12/02/2020,80,N,SW,SAMPLE - 1 RL,80,*,12/10/2020,80,AMJK,CY,CREDIT SAMPLE,SWJD,EPB,, BENSTSC01,27755.84,B409,RS,BENSTSC01
AM01205,T1,VWB0217,A1,WV9A564,GWC PACKAGING,12/03/2020,1260.48,Y,SW,DAMAGED IN TRANSIT - 48 CS,1659,*,12/27/2020,1260.48,AMAZ,JZU,"NEON LOG. - RTN 2-S, 46-G",SWDP,HCB,, GWCPARC01,13865.28,G890,RS,GWCPARC01
AM01206,R1,VBB0735,A1,BV4A988,FORT DEARBORN COMPANY,12/03/2020,6583,N,BP,"Fort Dearborn Concession Rebate - Nov 2020
Payment of $6583.00 per month due to Fort Dearborn as per Concession ",0,*,12/07/2020,6583,AMJK,KS,Nov 2020 Concession Rebate,CFDP,TL,, FORTDBG01,6830.44,F255,RS,FORTDBG01
AM01207,M5,VWB1149,A1,WVBA646,LAKELAND SUPPLY INC.,12/03/2020,77.56,N,SW,SAMPLE - 2 RL,76.8,*,12/10/2020,77.56,AMJK,CSM,CREDIT SAMPLE,SWMZ,EPB,, LAKELPE01,21072.16,L056,RS,LAKELPE01
AM01209,R1,VBB0218,A1,BV9A444,TRANSCENDIA,12/03/2020,47051.7,N,BP,"Transcendia Nov. 2020 Rebate
All Films 
Total lbs: 784,194.95 lb. 
Rebate: $0.06/lb. 
Total rebate: $47,051.70",784194.95,*,12/10/2020,47051.7,AMJK,PV,November 2020 rebate,CFJM,AF,, TRANSFP02,28479.11,T025,RS,TRANSFP02
AM01210,R1,VBB0740,A1,BVAA003,PRINTPACK VR2(CONSGT-AMSC)GMI,12/03/2020,11304.31,N,BP,"PPK VR2 Consignment Storage Allowance - Nov 2020
CWS, VA and MTF
Total lbs: 1,130,430.85 lb.
Credit: $0.01/lb. 
Total credit: $11,304.31",1130430.85,*,12/10/2020,11304.31,AMSC,YM,Rebate November 2020,CFMS,CWS,, PRINTVR25,31661,P043,RS,PRINTVR24
AM01211,M3,VB50249,A1,BV3A790,PRINTPACK - FRITO (VR1),12/03/2020,2438.75,N,BP,CWS15- Non Frito price to be invoiced at $0.962.,4533,*,12/08/2020,2438.75,AMSC,SN,PRICE NON-FRITO,CFMS,CWS,, PRINTVR37,6799.5,P043,RS,PRINTVR37
AM01211,M3,VB71031,A2,BV3A790,PRINTPACK - FRITO (VR1),12/03/2020,1218.03,N,BP,CWS15- Non Frito price to be invoiced at $0.962.,2264,*,12/08/2020,1218.03,AMSC,SN,PRICE NON-FRITO,CFMS,CWS,, PRINTVR37,3396,P043,RS,PRINTVR37
AM01212,P1,VBB0016,A1,BVAA555,"SHURTAPE TECHNOLOGIES, LLC",12/04/2020,2854.49,Y,BP,"Baggy film on operator side 
Shurtape SCAR attached",3319.17,*,12/17/2020,2854.34,AMSC,KS,20AM11251131 baggy return 3319 lbs,CFTG,TT,, SHURTHU03,35070.8,S321,RS,SHURTHI07
AM01213,M4,VB61294,A1,BV1A232,FORT DEARBORN COMPANY,12/04/2020,3100,N,BP,Agreed to ship  14 pallets of YCL70 from Waukesha WI to Fort Worth  so they can do testing on it instead of rejecting  It was easier and cheaper for Fort Dearborn to make shipping arrangements but we agreed  in advance to pay for freight.  Details and invoice attached. ,0,*,12/07/2020,3100,AMJK,KS,Freight invoice for YCL to Fort Worth,CFDP,YCL,, FORTDWA01,40623.44,F255,RS,FORTDWA01
AM01214,M0,VWA0721,A1,WVAA332,SYSCO PITTSBURGH,12/04/2020,2091.35,N,SW,UNPAID TAX - $2091.35,0,D,12/18/2020,0,AMJK,JZU,DENY,SWSP,,, SYSCOHA18,36947.15,SW15,RS,SYSCOHA18
AM01215,P2,VBC0027,A1,BVAA780,"GOLDEN DYNAMIC,INC",12/04/2020,761.53,N,BP,"Customer is claiming Roll # 9041102576 & 9041102578 are not 15.5"" width - they actually received 21"" width.   Customer will scrap the 21"" rolls and credit for the 2 rolls billed will be issued. ",506,*,12/16/2020,761.53,AMJK,LA,#3528 wrong width,HQLA,PL,, GRACEDM01,23569.81,D230,RS,GOLDEGA02
AM01220,T1,VWA0340,A1,WV9B226,DIVERSIFIED PACKAGING,12/09/2020,81.16,N,SW,DAMAGED IN TRANSIT - 2 RL,74.44,*,12/13/2020,81.16,AMJK,CS,"FEDEX, 2 ROLLS SCRAPPED IN FIELD ",SWMN,EHB,, DIVERSL01,7101.92,D419,RS,DIVERSL01
AM01221,P1,VB90750,A1,BV7A440,SONOCO (PLASTIC PACKAGING),12/09/2020,0,N,BP,Splice breaking at Sonoco's customer Shurtape. See further description and pictures of splice in attached CA. Appears to have splice tape on only one side. Need corrective action ASAP to send to Sonoco so they can close their claim with Shurtape,0,*,12/22/2020,0,AMSC,CJ,5183 splice break,CFDP,TT,, CONSOHI01,15396.39,P231,RS,SONOCHI01
AM01224,M5,VW90291,A1,WV9A054,ERNEST PACKAGING SOLUTIONS,12/09/2020,54.6,N,SW,SAMPLE - 2 CS ,69.12,*,12/18/2020,54.6,AMAZ,SV,CREDIT SAMPLE,SWCK,HCB,, ERNESTO01,12252.12,E386,RS,ERNESCO01
AM01225,S6,VAC0002,A1,YVBA015,CUSTOM POLYMERS,12/10/2020,13209.34,N,YA,"Shipping loaded one more box at 1,873LB after keyed in the first shipment.
We should cancel the first shipment or just key in the extra quantity if it's too late to cancel.
Issue credit to the first shipment. Already billed correct quantity 40,674LB under the second invoice VAC0003.",0,*,12/11/2020,13209.34,AMSC,AH,rebilled ,8OC,RC,, CUSTOCH06,13209.34,C858,RS,CUSTOCH04
AM01230,M0,VWA0502,A1,WVAA278,SYSCO DENVER,12/14/2020,341.34,N,SW,UNPAID TAX - $341.34,0,D,12/27/2020,0,AMAZ,JZU,"DENY, PLEASE COLLECT",SWSP,,, SYSCODE10,4448.94,SW52,RS,SYSCODE10
AM01231,M0,VWA0778,A1,WVAA183,SYSCO CENTRAL TEXAS,12/14/2020,680.33,N,SW,UNPAID TAX - $680.33,0,D,12/27/2020,0,AMJK,JZU,"DENY, PLEASE COLLECT",SWSP,,, SYSCONB03,8926.73,SW02,RS,SYSCONB03
AM01231,M0,VWA0778,A2,WVAA183,SYSCO CENTRAL TEXAS,12/14/2020,82.46,N,SW,UNEARNED DISCOUNT - $82.46,0,D,12/27/2020,0,AMJK,JZU,"DENY, PLEASE COLLECT",SWSP,,, SYSCONB03,8926.73,SW02,RS,SYSCONB03
AM01232,M0,VWA1491,A1,WVAA493,SYSCO CINCINNATI - 019,12/14/2020,723.12,N,SW,UNPAID TAX - $723.12,0,D,12/27/2020,0,AMJK,JZU,"DENY, PLEASE COLLECT",SWSP,,, SYSCOCI07,11053.44,SW81,RS,SYSCOCI07
AM01233,M0,VWA1038,A1,WVAA566,SYSCO CONNECTICUT,12/14/2020,197.56,N,SW,UNEARNED DISCOUNT - $197.56,0,D,12/27/2020,0,AMJK,JZU,DENY,SWSP,,, SYSCORH02,21010.51,SW30,RS,SYSCORH02
AM01233,M0,VWA1038,A2,WVAA566,SYSCO CONNECTICUT,12/14/2020,1254.51,N,SW,UNPAID TAX - $1254.51,0,D,12/27/2020,0,AMJK,JZU,DENY,SWSP,,, SYSCORH02,21010.51,SW30,RS,SYSCORH02
AM01238,P1,VB90052,A1,BV6A303,PRINT PACK,12/22/2020,984.77,Y,BP,AMSC baggy film,1104,*,12/31/2020,984.76,AMSC,SN,13-5200 baggy,CFMS,BRT,, PRINTEL02,4117.47,P043,RS,PRINTEL02
AM01238,P1,VB91080,A1,BV6A303,PRINT PACK,12/15/2020,1969.54,Y,BP,AMSC- BRT15- Pallets S000106151 and S000106295 baggy film.,2208,*,12/31/2020,984.76,AMSC,SN,13-5200 baggy,CFMS,BRT,, PRINTEL02,4192.4,P043,RS,PRINTEL02
AM01238,P1,VB91080,A2,BV6A303,PRINT PACK,12/15/2020,637.5,N,BP,"AMSC- BRT15- Pallets S000106151 and S000106295 baggy film.
Loss time charges of $637.50",0,*,12/31/2020,637.52,AMSC,SN,13-5200 baggy,CFMS,,, PRINTEL02,4192.4,P043,RS,PRINTEL02
AM01240,P1,VBA0465,A1,BV7A333,PRINT PACK,12/15/2020,1328.58,Y,BP,AMSC- BRT15- Pallet S000110784  has poor profile causing bad print. ,1342,*,12/29/2020,1328.58,AMSC,YM,13-5202 poor profile,CFMS,BRT,, PRINTEL02,8816.94,P043,RS,PRINTEL02
AM01240,P1,VBA0465,A2,BV7A333,PRINT PACK,12/15/2020,425,N,BP,"AMSC- BRT15- Pallet S000110784 has poor profile causing bad print. 
Loss Time Charges- $425",0,*,12/29/2020,425,AMSC,YM,13-5202 poor profile,CFMS,,, PRINTEL02,8816.94,P043,RS,PRINTEL02
AM01241,P1,VBB0160,A1,BV9A145,PRINT PACK,12/15/2020,340.56,N,BP,AMSC- Pallet S000112644 has baggy film- bad profile causing poor register.,344,*,12/29/2020,340.56,AMSC,YM,13-5206 baggy,CFMS,BRT,, PRINTEL02,32799.69,P043,RS,PRINTEL02
AM01241,P1,VBB0160,A2,BV9A145,PRINT PACK,12/15/2020,425,N,BP,"AMSC- Pallet S000112644 has baggy film- bad profile causing poor register.
Loss time charges of $425.00",0,*,12/29/2020,425,AMSC,YM,13-5206 baggy,CFMS,,, PRINTEL02,32799.69,P043,RS,PRINTEL02
AM01245,M0,VWA0182,A1,WV9A041,SYSCO JACKSONVILLE - 003,12/16/2020,422.02,N,SW,UNPAID TAX - $422.02,0,D,12/27/2020,0,AMJK,JZU,"DENY, PLEASE COLLECT",SWSP,,, SYSCOJA20,6450.82,SW97,RS,SYSCOJA20
AM01246,M0,VWA0213,A1,WV9A942,SYGMA,12/16/2020,1773.95,N,SW,UNPAID TAX - $1773.95,0,D,12/27/2020,0,AMJK,JZU,"DENY, PLEASE COLLECT",SWSP,,, SYGMACO08,25426.67,SW16,RS,SYGMADA04
AM01247,M0,VWA0669,A1,WV9B162,SYSCO KANSAS CITY - 057,12/16/2020,435.77,N,SW,UNPAID TAX - $435.77,0,D,12/27/2020,0,AMJK,JZU,"DENY, PLEASE COLLECT",SWSP,,, SYSCOOL08,5034.77,SW71,RS,SYSCOOL08
AM01248,M0,VWA0843,A1,WV9A749,SYSCO INDIANAPOLIS,12/16/2020,58.61,N,SW,UNPAID TAX - $58.61,0,D,12/27/2020,0,AMJK,JZU,"DENY, PLEASE COLLECT",SWSP,,, SYSCOIN03,895.86,SW01,RS,SYSCOIN03
AM01249,M0,VWA1357,A1,WVAA567,SYSCO DENVER,12/16/2020,1846.55,N,SW,UNPAID TAX - $1846.55,0,D,12/27/2020,0,AMAZ,JZU,"DENY, PLEASE COLLECT",SWSP,,, SYSCODE10,24067.35,SW52,RS,SYSCODE10
AM01250,M3,VB50814,A2,BV3A790,PRINTPACK - FRITO (VR1),12/16/2020,1218.57,N,BP,CWS15- Non Frito price to be invoiced at $0.962.,2265,*,12/18/2020,1218.57,AMSC,SN,non-frito price,CFMS,CWS,, PRINTVR37,3397.5,P043,RS,PRINTVR37
AM01258,M0,VWC0683,A1,WVCA338,GULF ATLANTIC PACKAGING,12/17/2020,237.52,N,SW,WRONG PRICE ON PO,0,*,12/27/2020,237.52,AMJK,SV,CREDIT FOR PRICE DISCREPANCY,SWBS,PSB,, GULFAHO02,6240.64,G085,RS,GULFAAT03
AM01262,P1,VB81948,A2,BV8A362,3M MANAUS IND PROD QUIM LTDA,12/21/2020,369.33,N,BP,additional to claim AM01158 for serrated edge. They are claiming $369.33 for destruction of material and taxes and fees.,0,*,12/22/2020,369.33,AMJK,KS,FBDS-BVFMA5 taxes/fees,CFDP,,, 3MMANMA01,38679.31,M208,ES,3MMANMA01
AM01277,M4,VD80894,A1,DV8A030,LADDAWN INC.,12/29/2020,200,N,CT,EASTER SEALS OF MA,0,*,12/30/2020,200,AMJK,BO,"EASTER SEALS OF MA	",JA,,, LADDAST02,19410,G00D,RS,GFSBRAI0A
AM90636,P1,UB40251,A1,BU1A764,TRANSCENDIA,06/07/2019,6744,N,BP,"Master rolls were under gauge and out of tolerance for customer specification. Samples provided by the customer supposed the findings. (Master roll #0004109895, 0004111203, 0004109965, 0004109921, 0004109939, 0004109907,0004109944, 0004109988 & 0004111151)
Outbound Freight to Customer: 	 $ 146.72 
Return Freight from Customer: 	 $ 146.72 
Other Costs: explain:[   $ 10% Processing Fee ]   	 $ 586.40 
",0,D,01/14/2020,0,AMJK,PV,#060BB,CFJM,PL,, TRANSSC05,26990.96,T030,RS,TRANSSC05
AM90826,P1,UB11237,A1,BTCA108,PRINTPACK,07/26/2019,0,N,BP,"amsc- brt15- cold seal pick off (need bigger invoice to issue credit- see UB31660)
Business decision. deduction taken already on UB11237",0,*,03/18/2020,0,AMSC,SN,#17-1968,CFMS,BRT,, PRINTRH04,2177.62,P043,RS,PRINTRH04
AM90826,P1,UB31660,A1,BTCA154,PRINTPACK,03/17/2020,4632.33,N,BP,BRT pick off (credit for BTCA108),0,*,03/18/2020,4632.33,AMSC,SN,#17-1968,CFMS,BRT,, PRINTRH04,5611.81,P043,RS,PRINTRH04
AM90895,P1,UB11806,A1,BU1A269,"GRAFO REGIA, S. DE R.L DE C.V.",08/13/2019,751.37,N,BP,"“shiner” in cavitated film  # 9011102985
Size: ~ 1.0 mm
Frequency: In sample 750x590mm ~ 28 -32 poros. 
",0,D,04/07/2020,0,AMJK,AF,201937 ,AMCP,YCL,, GRAFOLA06,46012.64,G089,ES,GRAFOMO03
AM91011,P1,UB31834,A1,BU3A458,HOOD PACKAGING CORPORATION,09/11/2019,12796.23,N,BP,"AMJK- HCD matte film has a streaking issue throughout the print roll. Caused a lot of lost impressions. Requesting credit for 13,000 bags ($8227.05) and 7,200 bags ($4569.18) lost. 

No roll number provided. Samples previously sent to the plant. ",0,*,01/14/2020,12796.23,AMJK,GO,#19-016 lost impressions,CFBL,HCD,, HOODPAN01,63981.96,H088,RS,HOODPHA05
AM91127,P1,UB91131,A1,BU8A229,PRINTPACK,10/10/2019,1531.53,N,BP,amjk- va22- telescoped roll,1683,*,01/30/2020,1531.53,AMJK,SN,#12-8501 telescoped,CFMS,VA,, PRINTGP02,2003.66,P043,RS,PRINTGP01
AM91175,P1,UBA0950,A1,BU7A507,AMERICAN PACKAGING CORP.,10/31/2019,101.1,N,BP,AMJK- BRT35 APPEARANCE ISSUE-STREAKS RETURN TO PLANT,89,*,04/23/2020,101.1,AMJK,YM,#421 streaks in film ,CFGF,BRT,, BADGEFR02,136296.14,A050,RS,AMERICO05
AM91175,P1,UBA0988,A1,BU8A634,AMERICAN PACKAGING CORP.,10/21/2019,4230.46,Y,BP,"AMJK- BRT35- There is an appearance issue within the film. Streaks throughout the film. They become more apparent after lamination. Have raw and printed samples that are being sent out. List of rejected pallets attached.
3724 lbs returned and 89 lbs scrapped",3724,*,04/23/2020,4230.46,AMJK,YM,#421 streaks in film ,CFGF,BRT,, BADGEFR02,34704.8,A050,RS,AMERICO05
AM91233,S7,UWA0912,A1,WUAA134,GWC PACKAGING,11/05/2019,1451.52,Y,SW,"DAMAGED IN TRANSIT - 3 PLT
#4300027853
#4300027849
#4300027845",1338,*,01/06/2020,1451.52,AMJK,JAH,"RTN 168-S, 252-G",SWDP,PSB,, GWCPARC01,23718.96,G890,RS,GWCPARC01
AM91234,S7,UWA1441,A1,WUAA732,POLY-CORR INDUSTRIES,11/05/2019,25200,Y,SW,SHIPPING'S DAMAGE -  8400 RL,22300,*,01/06/2020,25200,AMJK,JAH,"RTN 2856-S, 5544-G",SWDP,PSB,, POLYCCH05,25200,P756,RS,POLYCCH05
AM91237,P1,UW80833,A1,WU8A458,SUNRISE MANUFACTURING,12/27/2019,1060.2,Y,SW,"NO CLING - 20 RL

TESTING FOR RTN ROLLS 1/3, QC",1115.1,*,01/09/2020,1060.2,AMAZ,EV,"RTN 70-S, 220-G",SWMD,ELB,, SUNRIRC01,36861.6,S642,RS,SUNRIRC01
AM91237,P1,UWB0011,A1,WUAA499,SUNRISE MANUFACTURING,12/13/2019,14752.8,Y,SW,NO CLING -270 RL,15053.85,*,01/09/2020,14752.8,AMAZ,EV,"RTN 70-S, 220-G",SWMD,ELB,, SUNRIRC01,21856,S642,RS,SUNRIRC01
AM91241,P5,UW70387,A1,WU6A479,AR PACK SAC,11/06/2019,1049.47,N,SW,"DAMAGED EDGE - 72 RL
CREDIT AS B-GRADE PRICE",1225.28,*,01/09/2020,1049.47,AMJK,SV,CREDIT AS B-GRADE PRICING,SWPE,ELB,6234, HITECMI03,23846.4,A964,RE,ARPACLI01
AM91259,S7,TW91085,A1,WT9A683,KROGER NASHVILLE - RASC (RP) AM,11/07/2019,1712.97,N,SW,Write off - 2 pallets were damaged,0,*,01/06/2020,1712.97,AMAZ,JAH,Write off aged balance,RIT,HLP,, PUYALPU01,12704,K024,RS,KROGENA20
AM91262,P1,UB50535,A1,BU3A259,AMERICAN PACKAGING CORP.,11/08/2019,2750,N,BP,"AMJK- BA20- Bug detected by camera. $250 fee per instance
pallets 0004111001/ 0004111306/ 0004135306/ 0004072685/ 0004111001/ 0004110946/ 0004135233
70001020443/
S000077609/S000073546/S000083435 ($750 - AMSC)",0,*,01/03/2020,2750,AMJK,YM,#7110/7119  insect in roll,CFGF,BA,, AMERIDM06,14922.33,A050,RS,AMERISC01
AM91262,P1,UB80902,A2,BU5A585,AMERICAN PACKAGING CORP.,11/12/2019,750,N,BP,"insects in roll 
0004135208/0004135207/7001041617",0,*,01/03/2020,750,AMJK,YM,#7110/7119  insect in roll,CFGF,BA,, AMERIDM06,49023.28,A050,RS,AMERISC01
AM91271,P1,UB61091,A1,BU4A511,FORT DEARBORN COMPANY,11/08/2019,119.62,N,BP,Material has flat spots causing web breaks ,135,*,01/03/2020,119.62,AMJK,SE,#396775/ 396776/ 396782 ,CFDP,VS,, FORTDBG01,7321.19,F255,RS,FORTDBG01
AM91271,P1,UB61092,A1,BU4A518,FORT DEARBORN COMPANY,11/08/2019,177.44,N,BP,Dyne level low causing faded graphics ,159,*,01/03/2020,177.44,AMJK,SE,#396775/ 396776/ 396782 ,CFDP,PL,, FORTDBG01,8403.04,F255,RS,FORTDBG01
AM91271,P1,UB80445,A1,BU6A394,FORT DEARBORN COMPANY,11/08/2019,95.13,N,BP,"Rolls are causing web breaks.
Flat spots ",113,*,01/03/2020,95.13,AMJK,SE,#396775/ 396776/ 396782 ,CFDP,VS,, FORTDBG01,6141.42,F255,RS,FORTDBG01
AM91287,P1,UB51888,A1,BU5A794,BRYCE CORPORATION,11/13/2019,0.09,Y,BP,XKM25- Pallet 0004132997  missed in the KWM claim return in October. Would like to ship back to AMJK.,872,*,01/10/2020,0.03,AMJK,YM,return,CFJL,XKM,, BRYCESE02,0.17,B102,SM,BRYCEME04
AM91288,T1,UBB0330,A1,BUAA404,GARLOCK PRINTING & CONVERTING CORP,11/14/2019,2870.76,Y,BP,2 rolls damaged in transit,2891,*,01/06/2020,2870.76,AMJK,MR,#201900627 returned two rolls,CFDH,BFP,, GARLOGA02,2870.76,G002,RS,GARLOGA01
AM91289,M1,UBB0232,A1,BU9A866,"SPEAR USA, LLC",11/14/2019,11752,Y,BP,"Wanted TL18B but we entered TT18T due to multiple CI codes in system. Custoemr can not use. Return 49 pallets back to plant
Customer used some pallets waiting for new material. 
Will return 16 pallets at 11,300 lbs",11300,*,01/07/2020,11370.32,AMJK,KS,returned TL18T,CFLD,TT,, SPEARFU01,38702.56,S699,RS,SPEARMA02
AM91297,P1,UW40780,A2,WU4A379,TAPE PRODUCTS CO.,11/19/2019,3444.48,Y,SW,"BREAKING - 48 RL
",2348.64,*,01/23/2020,3444.48,AMJK,CSM,"RTN 32-B, 16-S FROM IV# UW40780 // 
(6 RL FROM IV# SW90981 OLDER THAN 1 YEAR - NO CREDIT ISSUE)",SWMZ,CLV,, TAPEPWO02,8637.6,T105,RS,TAPEPCI01
AM91300,P1,UWA0806,A1,WUAA223,NATIONAL PAPER & PLASTICS CO.-PAUL CELLA,11/20/2019,6225.2,Y,SW,FLUSH WITH CORE - 197 RL,6985.62,*,01/21/2020,6225.2,AMAZ,EV,"RTN 15-S, 80-B, 107-G",SWMD,EHB,, WINEGRI01,12640,N044,RS,COGENRI03
AM91311,P1,UB30161,A1,BU2A338,INPLASA,11/21/2019,10575.05,N,BP,"Customer is claiming that there are non treated lines on the film, which it  is causing ink adhesion problems.
Reel# attached.
Customer is claiming cost of their final product",732,D,05/22/2020,0,AMJK,PV,INK ADHESION - CLOSE CLAIM,AMJO,CE,, INPLATE01,43545.14,D019,ES,INDUSTE03
AM91312,M7,UWA0018,A1,WU9A518,PAK SOLUTIONS LLC,11/22/2019,1288.32,Y,SW,"TEARING - 64 CS,  RTN ARRIVED 12/30",1204,*,01/13/2020,1288.32,AMJK,SMT,RTN 64 CS BACK TO FG,SWJH,HLP,, CUMBEWE02,6547.92,P948,RS,PAKSOLA02
AM91316,M0,UW40372,A1,WU4A149,ERNEST PKG SOLUTIONS - HOUSTON,11/26/2019,2304,Y,SW,"LOST BUSINESS - CUSTOMER IS RESPONSIBLE FOR RETURN FREIGHT, 10% RESTOCKING FEE WAIVED 
",1938.32,*,01/10/2020,2304,AMJK,CSM,CREDIT ,SWPB,PSB,, ERNESHO01,17421.96,E386,RS,ERNESHO01
AM91317,P1,UB60250,A2,BU5A410,FORT DEARBORN,11/26/2019,1601,N,BP,ROLL# 9051102495 had core damage that was found on the outer wraapers.,1018,*,01/23/2020,1601.31,AMJK,SE,#397810 core damage,CFDP,YCL,, FORTDFW01,50405.21,F255,RS,FORTDFW01
AM91318,P1,UBA0001,A1,BU5A409,FORT DEARBORN,11/26/2019,1763.25,N,BP,"uneven wind roll 9051103429 /baggy roll 9051103424
",1422,*,01/23/2020,1763.28,AMJK,SE,#397809 uneven wind,CFDP,YCL,, FORTDFW01,37266.96,F255,RS,FORTDFW01
AM91325,P1,UB21404,A1,BU1A940,TRANSCENDIA,12/02/2019,706.2,N,BP,"Blocking issue - pictures attached.
Inteplast Lot information:  0004109061  
Other Costs: explain:[   $ Process & Handling of material ]   	 $ 117.00 ",0,*,01/09/2020,706.2,AMJK,PV,#11B29A blocking,CFJM,SP,, TRANSFP02,41747.39,T025,RS,TRANSFP02
AM91329,P1,UB70953,A1,BU4A875,PRINT PACK,12/03/2019,713.9,N,BP,amjk- va30- baggy film- down time $425. ,321,*,01/07/2020,713.9,AMJK,SN,#13-5086 baggy,CFMS,VA,, PRINTEL02,3219.24,P043,RS,PRINTEL02
AM91330,M7,UW60614,A1,WU6A165,NATIONAL PAPER & PLASTICS CO.-PAUL CELLA,12/04/2019,747.27,N,SW,"HOLES/BREAKING - 19 RL
",718.6,*,01/01/2020,747.27,AMJK,CY,SCRAP IN FIELD 19 RL,SWJD,EHB,, SCHILLC06,17485.04,N044,RS,SCHILLC02
AM91332,P1,UB30775,A1,BU2A277,"GOLDEN DYNAMIC,INC",12/19/2019,317.44,Y,BP,printing issue,248,*,02/05/2020,317.44,AMJK,LA,3054 PL25 POOR PRINTING,HQLA,PL,, MULTIPC05,43569.68,D230,RS,GOLDEGA02
AM91332,P1,UB60238,A1,BU5A337,"GOLDEN DYNAMIC,INC",12/19/2019,4087.04,Y,BP,PL25 return printing issue,3193,*,02/05/2020,4087.04,AMJK,LA,3054 PL25 POOR PRINTING,HQLA,PL,, MULTIPC05,25655.04,D230,RS,GOLDEGA02
AM91332,P1,UB91625,A1,BU9A051,"GOLDEN DYNAMIC,INC",12/04/2019,16595.38,Y,BP,PL25 are rejecting and returning back to TX for poor printing quality issues.  Print or un-print materials.,12431,*,02/05/2020,16595.38,AMJK,LA,3054 PL25 POOR PRINTING,HQLA,PL,, MULTIPC05,17342.99,D230,RS,GOLDEGA02
AM91332,P1,UBA0337,A1,BU9A051,"GOLDEN DYNAMIC,INC",12/04/2019,2946.34,Y,BP,"PL25 are rejecting and returning back to TX for poor printing quality issues. 
Printed material not returned",2207,*,02/05/2020,2946.34,AMJK,LA,3054 PL25 POOR PRINTING,HQLA,PL,, MULTIPC05,9537.24,D230,RS,GOLDEGA02
AM91332,P1,UBA0337,A2,BU9A051,"GOLDEN DYNAMIC,INC",02/05/2020,2934.03,N,BP,POOR PRINTING- PRINTED MATERIAL,0,*,02/05/2020,2934.03,AMJK,LA,3054 PL25 POOR PRINTING,HQLA,PL,, MULTIPC05,9537.24,D230,RS,GOLDEGA02
AM91334,P1,UBB1015,A1,BU9A458,C-P FLEXIBLE PACKAGING,12/05/2019,64.38,N,BP,"AMJK- VA18 baggy - #9091501672 - 69 lbs
(Ryan Rothman - rrothman@cplexpack.com)",69,*,01/07/2020,64.38,AMJK,MR,#90690 baggy,CFLD,VA,, CPFLEYO02,12222.25,C047,RS,CPFLEYO01
AM91345,P1,UBC0057,A1,BUAA275,"BEMIS COMPANY,INC",12/09/2019,3347.48,N,BP,"Roll S000086889 has large ""Tin Can"" wrinkle in the center of the roll unable to get the web flat enough to print on it. 1,788.127 Lbs.
Total Secondary Claim Value: $802.98
Total Claim Value: $3,347.48",1788.12,*,01/02/2020,3347.48,AMSC,GO,#200461844 tin can wrinkle,CFBL,SP,, BEMISJO02,54335.83,C035,RS,BEMISNE01
AM91346,P1,UBB1534,A1,BU7A745,IMAGENES Y SOLUCIONES S.A. DE C.V.,12/09/2019,874.95,N,BP,"Out of spec gauge. it should be 30 microns but it reads 42 microns instead.
******Customer requests corrective action report********",0,*,01/07/2020,874.95,AMJK,PV,MP-035-19 out of spec,AMCP,TL,, IDMCOLA02,29014,I155,ES,IMAGEZA01
AM91347,P1,UB81616,A1,BU8A448,TRANSCENDIA,12/10/2019,803.05,N,BP,"creases in the film is causing registrations issue with their press. 519 lbs
Roll#  0004157024
Outbound Freight to Customer: 	 $ 45.00 
Return Freight from Customer: 	 $ 45.00 
Other Costs: explain:[   $ 10% Processing fee ]   	 $ 64.82 
",519,*,01/09/2020,803.05,AMJK,PV,#127775 creases,CFJM,PL,, TRANSSC05,35038.2,T030,RS,TRANSSC05
AM91348,P1,UBC0590,A1,BUAA205,C-P FLEXIBLE PACKAGING,12/10/2019,788.39,N,BP,baggy edge caused wrinkles #9101500484,845,*,01/07/2020,788.39,AMJK,MR,#141-19 baggy edge,CFLD,VA,, CPFLEYO02,1041.94,C047,RS,CPFLEYO01
AM91350,P1,UB71273,A1,BU4A840,C-P FLEXIBLE PACKAGING,12/11/2019,899.94,N,BP,"TD25 - gels/ frayed edges
pictures attached and samples on way to plant attn: Donna Durio",795,*,01/07/2020,899.94,AMJK,MR,#90691 gels/frayed edges,CFLD,TD,, CPFLEBR01,8258.61,C047,RS,CPFLEYO01
AM91355,S1,UWC0360,A1,WUCA160,"CENTRAL STATES WIRE PRODUCTS,INC.",12/12/2019,8246,Y,SW,SHIPPING PUT WRONG BL# LABEL ON PALLET // REF # AM91371,7233.8,*,01/13/2020,8246,AMJK,CY,RTN 200 RL BACK TO FG,SWJD,ELB,, KANSASA01,8246,C826,RS,CENTRSP02
AM91357,M7,UWA0603,A1,WUAA317,MID VALLEY PACKAGING & SUPPLY CO.,12/13/2019,3993.6,Y,SW,"SPLITTING - 120 RL, PHOTO UPLOADED
",3840,*,02/17/2020,3993.6,AMJK,CSM,"RTN 40-B, 80-G",SWMD,ETG,, MIDVAFO01,15974.4,M676,RS,MIDVAFO01
AM91358,M2,UDC0281,A1,DUBA067,POLYMER S.A.,12/13/2019,11351.6,N,CT,"KEY IN ERROR - PRICE, ENTERED KG PRICE INSTEAD OF LB. PRICE ",0,*,01/01/2020,11351.6,AMJK,BO,CREDIT FOR PRICE DISCREPANCY,CTJO,NL,, POLYMAL02,55178.01,K00K,RS,KROGENA21
AM91360,P1,UB40772,A1,BU3A421,VIBAC,12/13/2019,921.5,N,BP,Roll # 9031202904 is rejected due to film broke in the splice area 563 lbs,563,*,02/05/2020,921.5,AMJK,LA,RMD3916 broke in splice area,HQLA,WT,, VIBACMQ01,28367.25,V001,RS,VIBACMQ01
AM91362,P1,UB61197,A1,BU6A050,SIGNATURE FLEXIBLE PKG,12/17/2019,3744,N,BP,"AMJK= WA30 baggy 
4 rolls rejected 9061100679/689/699/707",2400,*,01/23/2020,3744,AMJK,SN,PO #18202 baggy - 4 rolls rejected,CFDH,WA,, SIGNACA01,24002.16,S014,RS,SIGNACO02
AM91363,P1,UB60395,A1,BU2A951,CADILLAC PRODUCTS PACKAGING COMPANY,12/13/2019,554.91,N,BP,amjk- tt22- wrinkles,349,*,01/09/2020,554.91,AMJK,SN,#5820 wrinkles,CFCS,TT,, CADILDA10,3455.07,CB65,RS,CADILDA10
AM91366,P1,UBA1514,A2,BU8A041,PRINTPACK VR2(CONSGT-AMJK)GMI,01/10/2020,4472.33,Y,BP,damaged in transit,3078,*,01/14/2020,4472.33,AMSC,SN,#22-207537 damaged roll,CFMS,VA,, PRINTVR23,80124.23,P043,RS,PRINTVR22
AM91367,P1,UBB1370,A1,BU8A451,PRINTPACK A/P - SNACKS DIV,12/13/2019,2101.73,Y,BP,amjk- va22- telescoped- downtime $625 ,2302,*,01/30/2020,2101.72,AMJK,SN,#11-2250 telescoped,CFMS,VA,, PRINTVR02,2101.73,P043,RS,PRINTVR02
AM91367,P1,UBB1371,A1,BU8A452,PRINTPACK A/P - SNACKS DIV,12/13/2019,625,N,BP,telescoping downtime,0,*,01/30/2020,625,AMJK,SN,#11-2250 telescoped,CFMS,,, PRINTVR02,2027.77,P043,RS,PRINTVR02
AM91369,P1,UW30393,A1,WU3A023,SOUTHERNCARLSON (ACCOUNTS PAYABLE ),12/13/2019,2239.77,Y,SW,"SOFT/BREAKING - 39 RL
",2174.44,*,02/14/2020,2239.77,AMJK,CY,"RTN 19-S, 20-G",SWMD,ELB,, SOUTHPO04,8107.6,C326,RS,SOUTHPO04
AM91371,S1,UWC0361,A1,WUCA182,"FASTPAK SYSTEMS, INC.",12/13/2019,3160.8,Y,SW,SHIPPING PUT THE WRONG BL# LABEL ON THE PALLETS // REF# AM91355,2550.5,*,01/10/2020,3160.8,AMJK,EV,RTN 720 RL BACK TO FG,SWKM,CLS,, COCACSY02,3160.8,F140,RS,FASTPMA02
AM91373,M0,UWC0543,A1,WUCA218,ERNEST PKG SOLUTIONS - HOUSTON,12/16/2019,0,Y,SW,CUSTOMER UNLOADING ERROR - 1 PALLET,0,*,01/13/2020,0,AMJK,CSM,PAPERWORK FOR SWAP/RE-DELIVERY ONLY,SWPBS,HTK,, ERNESHO01,10073.12,E386,RS,ERNESHO01
AM91374,P1,UB41615,A1,BU4A215,TRANSCENDIA,12/16/2019,426.72,N,BP,"Wrinkles found in middle of roll when production was running. Pictures attached
roll #  0004123015 ",420,*,01/09/2020,426.72,AMJK,PV,#124379 wrinkles,CFJM,BA,, TRANSRC02,9922.26,T025,RS,TRANSRC02
AM91375,P1,UBB0236,A1,BU9A971,"GRAFO REGIA, S. DE R.L DE C.V.",12/16/2019,818.53,N,BP,"roll with wrinkles.
Roll# 0004171699 
*****CORRECTIVE ACTION REPORT NEEDED*********",0,*,01/09/2020,818.53,AMJK,PV,#201947 wrinkles,AMCP,TL,, GRAFOLA07,16080.48,G089,ES,GRAFOMO03
AM91378,P5,UWA0957,A1,WUAA366,"JOHNPAC/LA BAG CO, INC. *** AMTOPP ***",12/19/2019,2856,Y,SW,PRODUCTION LABELING ERROR - 96 CS,2528.06,*,01/01/2020,2856,AMJK,CSM,RTN 96 CS BACK TO FG,SWPBS,HLP,, JOHNPCR07,6990,L217,RS,JOHNPCR07
AM91380,P1,UBA1356,A1,BU9A642,TC TRANSCONTINENTAL US LLC.,12/17/2019,1709.9,N,BP,"AMJK-slack edge wrinkling - 1657 lbs
#9101500081/9101500087
",1657,*,01/30/2020,1709.9,AMJK,MR,SC2018084 slack edge,CFGF,CB,, TCTRASP01,19375.08,I134,RS,TCTRASP01
AM91382,T1,UWB1020,A1,WUBA676,NATIONAL PAPER & PLASTICS CO.-PAUL CELLA,12/17/2019,584.64,Y,SW,"DAMAGED IN TRANSIT - 168 RL REFUSED 
ARRIVED 12/18",446,*,01/07/2020,584.64,AMJK,CSM,"CLAIM FEDEX, RTN 168-G",SWMN,PSB,, FERGUEC01,5846.4,N044,RS,FERGUHA03
AM91383,P1,UBA1492,A1,BU8A119,OVERWRAPS,12/17/2019,1572.48,N,BP,"baggy film
Vendor Roll #: 9081102633		
OW R2957265		
",1152,*,01/17/2020,1572.48,AMJK,GO,AMTOPP35 baggy film,CFJL,HD,, OVERWDA01,5043.36,O006,RS,OVERWDA01
AM91384,P1,UBC0025,A1,BU9A270,"BEMIS COMPANY,INC",12/17/2019,11282.66,Y,BP,"Lamination issues with the film treatment - 
Vendor Lot and Roll ID =
7001044012
7001044013
7001044030
7001044043
7001044044
7001044048
7001044049
7001044131",11029,*,02/07/2020,11282.66,AMJK,GO,#200458726 lamination issue return,CFBL,BRT,, BEMISLA04,20950.02,C035,RS,BEMISNE01
AM91385,P1,UB91718,A2,BU7A749,"BEMIS COMPANY,INC",01/06/2020,3520.33,N,BP,secondary claim costs,0,*,01/07/2020,3520.33,AMSC,GO,#200455487,CFBL,BRT,, BEMISLA04,10908.38,C035,RS,BEMISNE01
AM91385,P1,UBB0962,A3,BU7A749,"BEMIS COMPANY,INC",12/17/2019,2210.94,Y,BP,"Description of Issue: Baggy film causing print wrinkles
Vendor Lot and Roll ID = 9081700388 9081700385
plus 4 others rejectd with batch
Total Secondary Claim Value: $2,809.24
Total Claim Value: $11,455.41",2556,*,01/07/2020,2210.94,AMSC,GO,#200455487,CFBL,BRT,, BEMISLA04,8972.55,C035,RS,BEMISNE01
AM91385,P1,UBC0055,A1,BU7A749,"BEMIS COMPANY,INC",12/17/2019,5724.14,Y,BP,"Baggy film Machine Downtime: - 2 Hours / $1,100.00 
 Press material 2.252960 508 Lbs / $1,376.84 
Slit material 1.154504 64 Lbs / 
$182.40 Additional Costs (shipping, storage, and handling): $150.00 Total Secondary Claim Value: $2,809.24 
Total Claim Value: $11,455.41",5404,*,01/07/2020,5724.14,AMSC,GO,#200455487,CFBL,BRT,, BEMISLA04,6176.77,C035,RS,BEMISNE01
AM91386,P3,UB90164,A1,BU7A373,CCL INDUSTRIES DO BRAZIL SA,12/17/2019,52.31,N,BP,Roll # 9084200073 arrived with short footage ,26,*,01/23/2020,52.31,AMJK,PV,#0000372/2019 short footage,HQMA,TM,, CCLINVI01,40280.24,C913,ES,CCLINVI01
AM91388,P5,UWC0211,A1,WUBA795,"BINGER SHIPPING SUPPLIES, INC.",12/18/2019,87.36,N,SW,"MISSING 24 ROLLS, PHOTO UPLOADED",72.26,*,01/13/2020,87.36,AMJK,CSM,CREDIT,SWMZ,PSB,6253, BINGEBC01,8204.8,B207,RS,BINGEBC01
AM91390,S2,UAA0039,A1,YUAA029,PLASTIC RECYCLING,12/18/2019,504.05,N,YA,"Weight discrepancy: $.425 x 1,186LB = $504.05
do we have scale tickets?",1186,*,01/16/2020,504.05,AMSC,AH,weight discrepancy,8OC,RC,, PLASTIN05,17223.98,P935,RS,PLASTIN03
AM91395,P5,UBC0953,A1,BU8A978,PRINTPACK INC.,12/19/2019,1017.5,N,BP,"amsc- brt15- did not receive pallet s000085872, should have been s000085875",985,*,02/28/2020,1017.51,AMSC,SN,Pallet number duplicated in system,CFMS,BRT,, PRINTHE04,7482.02,P043,RS,PRINTHE01
AM91397,S1,UDC0505,A1,DUBA036,WASHINGTON PENN PLASTICS,12/19/2019,2980,Y,CT,"SHIPPING UNLOADING ERROR- SHIPPED B26237M, INSTEAD OF W2619M01",2000,*,01/30/2020,2980,AMJK,JAH,RTN 1500 LB BACK TO FG,KH,WL,, FRANKFR07,59600,U00E,RS,VERITSL0D
AM91399,P1,UBB1236,A1,BUAA514,AMERICAN PACKAGING CORP.,12/26/2019,1400,N,BP,"AMSC- SP12- SUPPLIER SPLICE BROKE, GUTTING PRESS, 1 HOUR DOWN TIME, SAMPLE IS IN DAN BRINKHIDE'S OFFICE

No material nor scrap costs will be included. This includes downtime only: $1,400

Material involved was:
Label Number: 2586401 
Item Number: 08R037051DCH59V FGHY59.75 48GA OPP SP12 1SDTRT 
Label Quantity: 0 Original Quantity: 1,149
Suppliers Lot/Roll Number: BXUA186 / S000086736 
Receive to P.O.#: 148408 Receive to P.O. Line#: 1 
Receive Date: 11/20/2019
",0,*,02/04/2020,1400,AMSC,YM,#7209 splice broke,CFGF,SP,, AMERIDM08,10188.86,A050,RS,AMERISC01
AM91400,M3,TBC0270,A2,BT9A491,AMERICAN PACKAGING CORP.,12/27/2019,0,N,BP,"Please deny claim.
Price list for Q42018 showed SP12 at $1.446 (attached). System has price at $1.446 and it was invoiced at $1.446.",0,D,01/07/2020,0,AMSC,YM,denied price claim,CFGF,,, AMERIDM08,5496.25,A050,RS,AMERISC01
AM91401,M0,UWB0723,A1,WUBA451,SYSCO EAST TEXAS 293,12/30/2019,533.33,N,SW,US SALES TAX NEEDED TO COLLECT,0,D,01/07/2020,0,AMJK,JAH,"DENY, PLEASE COLLECT",SWSP,,, SYSCOLO10 SYSCOPO05 SYSCOSU03 SYSCOWJ09,6997.97,SW39,RS,SYSCOLO10
AM91401,M0,UWB0729,A1,WUBA416,SYSCO SAN DIEGO - 036,01/02/2020,2137.75,N,SW,US SALES TAX NEEDED TO COLLECT,0,D,01/07/2020,0,AMJK,JAH,"DENY, PLEASE COLLECT",SWSP,,, SYSCOLO10 SYSCOPO05 SYSCOSU03 SYSCOWJ09,29721.67,SW91,RS,SYSCOPO05
AM91401,M0,UWB0753,A1,WUBA499,SYSCO INTERMOUNTAIN 005,12/30/2019,2522.29,N,SW,US SALES TAX NEEDED TO COLLECT,0,D,01/07/2020,0,AMJK,JAH,"DENY, PLEASE COLLECT",SWSP,,, SYSCOLO10 SYSCOPO05 SYSCOSU03 SYSCOWJ09,37312.29,SW62,RS,SYSCOWJ09
AM91401,M0,UWC0438,A1,WUCA319,SYSCO HAMPTON ROADS INC 073,12/30/2019,1930.88,N,SW,US SALES TAX NEEDED TO COLLECT,0,D,01/07/2020,0,AMJK,JAH,"DENY, PLEASE COLLECT",SWSP,,, SYSCOLO10 SYSCOPO05 SYSCOSU03 SYSCOWJ09,29238.96,SW27,RS,SYSCOSU03
AM91402,M2,UBC1326,A1,BUCA127,SONOCO (PLASTIC PACKAGING),12/30/2019,5253.13,N,BP,customer claims pricing should be speical Shurtape pricing at .905,18052,*,01/15/2020,5253.13,AMJK,CJ,pricing,CFDP,TT,, CONSOHI01,21590.19,P231,RS,SONOCHI01
AM91404,M3,UWC0251,A1,WUBA613,GULF PACKAGING - COLORADO,12/31/2019,515.2,N,SW,"PRICE DISPUTE - $0.83/LB BASE 
",0,*,01/10/2020,515.2,AMAZ,SV,CREDIT PRICE DISCREPANCY,SWCK,ELB,, GULFPDE02,13266.4,C838,RS,GULFPDE02
AM91405,S2,UBC1666,A1,BUBA744,BRYCE CORPORATION,12/31/2019,977.39,Y,BP,"Short Shipment
S000088216-1,298 lbs ",1298,*,01/16/2020,977.39,AMSC,AH,pallet returned to system,CFYG,ZT,, BRYCESE07,22230.07,B102,RS,BRYCEME04
